# Blender 5.0.1
# www.blender.org
mtllib ClassicConsole_01_1k.mtl
o ClassicConsole_01
v -0.617104 0.839211 -0.244895
v -0.617104 0.913949 -0.244895
v -0.617104 0.839211 -0.269978
v -0.617104 0.913949 -0.269978
v 0.620046 0.839211 -0.244895
v 0.620046 0.913949 -0.244895
v 0.620046 0.839211 -0.269978
v 0.620046 0.913949 -0.269978
v 0.497800 0.834129 0.173066
v 0.485357 0.836155 0.159860
v 0.498136 0.843731 0.171309
v 0.483900 0.843191 0.158658
v 0.484448 0.830499 0.155247
v 0.482728 0.828531 0.152178
v 0.494018 0.823377 0.158477
v 0.493145 0.818342 0.159058
v 0.507278 0.827372 0.171878
v 0.509884 0.824929 0.173354
v 0.509465 0.844926 0.174476
v 0.511338 0.846713 0.177663
v 0.503952 0.856120 0.163632
v 0.504626 0.860950 0.164780
v 0.494059 0.856772 0.146426
v 0.493309 0.861343 0.145150
v 0.487621 0.846320 0.133688
v 0.484860 0.847792 0.128993
v 0.487259 0.829381 0.128732
v 0.484541 0.828587 0.124108
v 0.496960 0.812401 0.134411
v 0.496032 0.806167 0.132833
v 0.513083 0.809270 0.148875
v 0.513502 0.802676 0.149588
v 0.527865 0.819490 0.165171
v 0.531582 0.817286 0.171493
v 0.532422 0.836027 0.171966
v 0.536220 0.835533 0.178426
v 0.529644 0.854090 0.169489
v 0.535059 0.855634 0.178698
v 0.521738 0.867513 0.161198
v 0.524419 0.873917 0.165758
v 0.512268 0.873526 0.147749
v 0.513002 0.880861 0.148997
v 0.502109 0.873227 0.132879
v 0.501820 0.879453 0.132388
v 0.498464 0.838656 0.173732
v 0.488854 0.845936 0.164304
v 0.493372 0.830936 0.166511
v 0.500963 0.830098 0.149780
v 0.520586 0.859920 0.153153
v 0.518779 0.797417 0.112451
v 0.537974 0.798677 0.134733
v 0.557033 0.812828 0.156642
v 0.562829 0.834504 0.165363
v 0.561849 0.858381 0.166367
v 0.550942 0.878853 0.153941
v 0.537380 0.887386 0.134031
v 0.524097 0.886675 0.114302
v 0.504248 0.827436 0.157845
v 0.487514 0.817377 0.126955
v 0.489762 0.820891 0.130780
v 0.510774 0.835201 0.178056
v 0.508887 0.835930 0.174846
v 0.501524 0.819433 0.165788
v 0.501046 0.823071 0.164960
v 0.486414 0.821984 0.154353
v 0.489982 0.826308 0.154190
v 0.482037 0.835894 0.154217
v 0.484128 0.833743 0.156387
v 0.495096 0.834886 0.154469
v 0.495235 0.831139 0.150795
v 0.508719 0.832283 0.163326
v 0.511098 0.843909 0.165588
v 0.507470 0.851413 0.160192
v 0.504625 0.855261 0.141286
v 0.498696 0.845638 0.129558
v 0.498364 0.830041 0.124995
v 0.507295 0.814407 0.130224
v 0.518816 0.817229 0.151257
v 0.527861 0.825210 0.157266
v 0.530408 0.832691 0.160233
v 0.527859 0.846581 0.161190
v 0.515923 0.864954 0.144219
v 0.508709 0.867836 0.132359
v 0.500668 0.822224 0.126880
v 0.510320 0.837633 0.164969
v 0.494789 0.833012 0.151993
v 0.498968 0.861147 0.154965
v 0.499005 0.856446 0.155029
v 0.470096 0.674709 0.143649
v 0.463868 0.676552 0.133759
v 0.480023 0.686064 0.147639
v 0.463462 0.690959 0.125815
v 0.482803 0.697361 0.139471
v 0.469490 0.704590 0.122164
v 0.488064 0.694192 0.144610
v 0.493266 0.698823 0.146785
v 0.481507 0.714058 0.132758
v 0.496336 0.708816 0.142180
v 0.506914 0.711708 0.152656
v 0.509120 0.723631 0.149638
v 0.494906 0.733068 0.129515
v 0.499958 0.736343 0.135728
v 0.500158 0.742676 0.134750
v 0.486922 0.757886 0.119518
v 0.482421 0.768772 0.113611
v 0.490288 0.768258 0.118017
v 0.492125 0.771957 0.119646
v 0.486331 0.800436 0.110834
v 0.484951 0.829887 0.106034
v 0.485876 0.845175 0.107127
v 0.491659 0.861571 0.116068
v 0.475211 0.747875 0.111331
v 0.479314 0.777999 0.106720
v 0.482024 0.820261 0.103073
v 0.482798 0.843073 0.102294
v 0.485200 0.855211 0.105458
v 0.490597 0.868810 0.113986
v 0.485456 0.667262 0.142473
v 0.475796 0.676552 0.126746
v 0.494525 0.678702 0.145003
v 0.475390 0.690959 0.118802
v 0.488814 0.693605 0.136090
v 0.481418 0.704590 0.115151
v 0.502209 0.688268 0.141366
v 0.507410 0.692899 0.143541
v 0.495069 0.712174 0.128524
v 0.508432 0.704857 0.135451
v 0.520045 0.705739 0.147689
v 0.522228 0.725112 0.144631
v 0.510087 0.731728 0.128034
v 0.513888 0.733733 0.132119
v 0.512801 0.743169 0.128952
v 0.499922 0.758873 0.114328
v 0.496637 0.765527 0.110489
v 0.502859 0.766284 0.112098
v 0.505376 0.771886 0.114883
v 0.498259 0.800436 0.103821
v 0.491512 0.845414 0.110125
v 0.496092 0.857388 0.115395
v 0.487139 0.747875 0.104318
v 0.491243 0.777999 0.099707
v 0.493952 0.820261 0.096060
v 0.494726 0.843073 0.095281
v 0.497128 0.855211 0.098445
v 0.502525 0.868810 0.106973
v -0.546013 0.033697 0.009689
v -0.520937 0.059417 -0.047570
v -0.553196 0.048411 0.015762
v -0.512407 0.086332 -0.057735
v -0.550862 0.067042 0.012567
v -0.529235 0.086940 0.003243
v -0.511054 0.142148 -0.018981
v -0.503385 0.152953 -0.062343
v -0.509160 0.188567 -0.018517
v -0.505384 0.202511 -0.048436
v -0.519692 0.233710 -0.002327
v -0.521905 0.257722 -0.023663
v -0.552206 0.306528 0.039090
v -0.554266 0.321523 0.012322
v -0.590082 0.376969 0.092357
v -0.593036 0.396333 0.059716
v -0.610491 0.422012 0.126797
v -0.618967 0.452428 0.090984
v -0.624657 0.472191 0.148364
v -0.632901 0.490821 0.104779
v -0.635919 0.528922 0.169379
v -0.644107 0.540612 0.109670
v -0.634160 0.581427 0.174847
v -0.648703 0.579693 0.104509
v -0.634196 0.619358 0.177448
v -0.645926 0.610478 0.091235
v -0.628050 0.661109 0.168859
v -0.636430 0.636407 0.069071
v -0.617614 0.706324 0.138223
v -0.625688 0.659177 0.054727
v -0.607389 0.735381 0.114681
v -0.615627 0.704235 0.055373
v -0.594728 0.776268 0.099278
v -0.591940 0.793592 0.058547
v -0.598847 0.793279 0.107878
v -0.600328 0.843992 0.055902
v -0.603129 0.799463 0.128936
v -0.605913 0.904688 0.056014
v -0.611929 0.808894 0.147312
v -0.596514 0.905559 0.112552
v -0.616048 0.822395 0.155913
v -0.624070 0.845669 0.159179
v -0.617747 0.882505 0.145976
v -0.542575 0.026000 0.009678
v -0.515797 0.039249 -0.036320
v -0.541450 0.044575 -0.011973
v -0.536971 0.075201 -0.012795
v -0.525052 0.096811 -0.029165
v -0.509115 0.149397 -0.041010
v -0.507352 0.194287 -0.034311
v -0.520227 0.246851 -0.012366
v -0.552580 0.314560 0.028670
v -0.590819 0.387480 0.080873
v -0.613185 0.438652 0.115415
v -0.628597 0.483795 0.132203
v -0.639521 0.534812 0.138457
v -0.643524 0.578100 0.137054
v -0.643382 0.613039 0.128723
v -0.641022 0.645055 0.114129
v -0.633403 0.681385 0.088637
v -0.619367 0.721117 0.079589
v -0.601376 0.783111 0.074663
v -0.604522 0.802175 0.085616
v -0.606028 0.860229 0.080115
v -0.625109 0.857252 0.140157
v -0.530751 0.033067 -0.014796
v -0.541685 0.032568 0.028226
v -0.542701 0.046388 0.040748
v -0.541768 0.059222 0.038800
v -0.531981 0.075165 0.029064
v -0.506442 0.137283 -0.009974
v -0.506266 0.182862 -0.011740
v -0.517331 0.231376 0.006625
v -0.546557 0.300313 0.048800
v -0.577372 0.372805 0.113145
v -0.594714 0.422012 0.149356
v -0.606285 0.472191 0.173519
v -0.613129 0.527144 0.187811
v -0.615052 0.581427 0.191825
v -0.613023 0.619358 0.187588
v -0.608530 0.661109 0.178207
v -0.596445 0.712247 0.152971
v -0.585910 0.737999 0.130972
v -0.577240 0.765011 0.112870
v -0.565773 0.790253 0.123717
v -0.577349 0.796531 0.147888
v -0.586149 0.808894 0.166264
v -0.590268 0.822395 0.174865
v -0.591919 0.845669 0.178313
v -0.622610 0.864087 0.156131
v -0.569216 0.905611 0.130905
v -0.584140 0.882505 0.162070
v -0.589732 0.864087 0.173745
v -0.530635 0.024108 0.023463
v -0.518361 0.120016 -0.015156
v -0.507799 0.130103 -0.060904
v -0.511135 0.133582 -0.044035
v -0.518876 0.094655 0.008846
v -0.539937 0.000020 0.008744
v -0.508515 -0.000005 -0.042298
v -0.536455 0.000020 -0.017528
v -0.530635 0.000020 0.023463
v -0.531634 0.022252 -0.015021
v -0.512371 0.025062 -0.042146
v -0.536995 0.019039 0.001461
v -0.530265 0.016263 0.022362
v -0.482448 0.029132 -0.041942
v -0.489320 0.033697 0.036839
v -0.446066 0.061000 -0.009902
v -0.489548 0.048411 0.046243
v -0.488522 0.067042 0.042422
v -0.442823 0.090951 -0.020687
v -0.494816 0.086940 0.019726
v -0.444579 0.126643 -0.031829
v -0.488898 0.142148 -0.008370
v -0.447307 0.152117 -0.036206
v -0.490446 0.188567 -0.009556
v -0.455761 0.207187 -0.031976
v -0.496458 0.233710 0.008800
v -0.508344 0.306528 0.060095
v -0.526101 0.376969 0.122997
v -0.540140 0.422012 0.160488
v -0.548063 0.472191 0.185044
v -0.557376 0.528922 0.206993
v -0.508575 0.542090 0.158498
v -0.562739 0.581427 0.209051
v -0.502215 0.574066 0.158310
v -0.564742 0.619358 0.210709
v -0.561903 0.661109 0.200537
v -0.477695 0.630453 0.136345
v -0.544577 0.706324 0.173201
v -0.532645 0.735381 0.150475
v -0.528581 0.776268 0.130956
v -0.532700 0.793279 0.139556
v -0.491276 0.843992 0.108127
v -0.546422 0.799463 0.156093
v -0.555222 0.808894 0.174469
v -0.537803 0.905559 0.140668
v -0.559341 0.822395 0.183070
v -0.556857 0.845669 0.191367
v -0.550534 0.882505 0.178164
v -0.491466 0.026000 0.034154
v -0.463779 0.039249 -0.011240
v -0.475303 0.044575 0.019705
v -0.477471 0.075201 0.015700
v -0.472188 0.096811 -0.003849
v -0.472951 0.149397 -0.023691
v -0.479274 0.194287 -0.020865
v -0.488302 0.246851 0.002923
v -0.499991 0.314560 0.053854
v -0.516693 0.387480 0.116372
v -0.529584 0.438652 0.155452
v -0.533001 0.483795 0.177984
v -0.531026 0.534812 0.190414
v -0.527423 0.578100 0.192654
v -0.521022 0.613039 0.187321
v -0.511130 0.645055 0.176334
v -0.496046 0.681385 0.154417
v -0.497796 0.721117 0.137810
v -0.505236 0.783111 0.120705
v -0.511797 0.802175 0.130022
v -0.504874 0.850610 0.136521
v -0.541385 0.857252 0.180253
v -0.479811 0.033067 0.009599
v -0.506476 0.032568 0.045088
v -0.515595 0.046388 0.053730
v -0.514662 0.059222 0.051782
v -0.513212 0.075165 0.038052
v -0.498807 0.137283 -0.006317
v -0.497541 0.182862 -0.007562
v -0.504913 0.231376 0.012572
v -0.519451 0.300313 0.061781
v -0.550266 0.372805 0.126127
v -0.567607 0.422012 0.162338
v -0.579178 0.472191 0.186500
v -0.586023 0.527144 0.200793
v -0.587945 0.581427 0.204806
v -0.585916 0.619358 0.200569
v -0.581424 0.661109 0.191188
v -0.569338 0.712247 0.165952
v -0.558803 0.737999 0.143954
v -0.550133 0.765011 0.125851
v -0.555397 0.864087 0.188320
v -0.467531 0.261927 -0.005349
v -0.509691 0.024108 0.033493
v -0.487297 0.120016 -0.000280
v -0.469314 0.133526 -0.024015
v -0.505675 0.094655 0.015168
v -0.492392 0.000020 0.031513
v -0.461422 -0.000005 -0.019619
v -0.470651 0.000020 0.014053
v -0.509691 0.000020 0.033493
v -0.479082 0.022252 0.010146
v -0.461285 0.025062 -0.017510
v -0.488563 0.019039 0.024655
v -0.509066 0.016263 0.032514
v -0.488061 0.052174 -0.038556
v -0.483669 0.073327 -0.047726
v -0.478453 0.107253 -0.058619
v -0.476762 0.152953 -0.062150
v -0.481671 0.212260 -0.051900
v -0.493432 0.259991 -0.027341
v -0.479690 0.327499 0.043744
v -0.497190 0.399366 0.096698
v -0.509078 0.457367 0.133459
v -0.512524 0.496970 0.149774
v -0.490142 0.611128 0.151125
v -0.469746 0.661363 0.119134
v -0.473439 0.703694 0.109617
v -0.486804 0.793179 0.096389
v -0.487862 0.904688 0.112549
v -0.485714 0.042628 -0.038473
v -0.477607 0.130103 -0.060384
v -0.479337 0.001414 -0.042703
v -0.539956 0.025614 0.028114
v -0.543649 0.025521 0.033585
v -0.548714 0.030697 0.041498
v -0.550894 0.039555 0.052023
v -0.556726 0.050833 0.045197
v -0.555936 0.058602 0.038667
v -0.523442 0.097220 0.022727
v -0.519910 0.107142 0.015050
v -0.513912 0.133537 0.005965
v -0.513535 0.145899 0.004483
v -0.513417 0.163523 0.003606
v -0.514391 0.181983 0.005306
v -0.518174 0.204201 0.011277
v -0.523901 0.226336 0.020432
v -0.530951 0.247886 0.032876
v -0.536521 0.269437 0.046352
v -0.553336 0.316160 0.079551
v -0.599165 0.401974 0.142863
v -0.617098 0.432897 0.145696
v -0.619441 0.438938 0.147738
v -0.604106 0.447234 0.175377
v -0.615696 0.488504 0.189649
v -0.618435 0.524045 0.201220
v -0.639999 0.589364 0.186140
v -0.633688 0.597143 0.191730
v -0.637441 0.603833 0.187751
v -0.623835 0.642452 0.196793
v -0.606857 0.678576 0.186260
v -0.594315 0.710456 0.174369
v -0.598952 0.717873 0.162243
v -0.596512 0.728326 0.149083
v -0.587674 0.780991 0.122203
v -0.592094 0.786630 0.118959
v -0.588195 0.806564 0.129630
v -0.570737 0.800755 0.137712
v -0.543941 0.030285 0.053476
v -0.548899 0.057076 0.060665
v -0.532352 0.025453 0.031613
v -0.540226 0.025982 0.045991
v -0.549216 0.049552 0.062450
v -0.550742 0.064279 0.054727
v -0.546820 0.038674 0.060150
v -0.552427 0.035598 0.012796
v -0.557561 0.042807 0.015630
v -0.561947 0.047127 0.026702
v -0.557621 0.046984 0.041675
v -0.559006 0.042306 0.035444
v -0.550944 0.030317 0.024387
v -0.545546 0.027127 0.020699
v -0.555419 0.035392 0.034011
v -0.549991 0.035884 0.047660
v -0.552270 0.067121 0.030443
v -0.550810 0.070053 0.036436
v -0.546948 0.079268 0.015560
v -0.543120 0.091831 0.002763
v -0.535747 0.096991 0.001052
v -0.532379 0.099571 0.008546
v -0.527462 0.108502 0.005219
v -0.524541 0.113174 0.006771
v -0.539078 0.087950 0.024390
v -0.528483 0.101429 0.014729
v -0.533334 0.096894 0.012114
v -0.571739 0.355714 0.114237
v -0.599932 0.404124 0.152381
v -0.617351 0.444034 0.154261
v -0.607506 0.424555 0.158444
v -0.625646 0.512278 0.192443
v -0.624410 0.524326 0.194511
v -0.624234 0.545996 0.202908
v -0.600295 0.446327 0.185891
v -0.616110 0.536708 0.212164
v -0.608956 0.492418 0.200583
v -0.639931 0.604236 0.178271
v -0.644165 0.618041 0.163479
v -0.635925 0.636349 0.182112
v -0.617015 0.669304 0.188589
v -0.629305 0.600079 0.200132
v -0.626962 0.591537 0.203134
v -0.631662 0.609783 0.196061
v -0.627611 0.572105 0.205092
v -0.602869 0.696684 0.179290
v -0.601630 0.726373 0.145445
v -0.604401 0.733616 0.141229
v -0.591464 0.738781 0.149288
v -0.591607 0.749889 0.138431
v -0.608770 0.732632 0.137158
v -0.595875 0.755854 0.128815
v -0.584074 0.765983 0.129555
v -0.591210 0.765545 0.121115
v -0.592723 0.774314 0.119365
v -0.548694 0.039555 0.047240
v -0.554526 0.050833 0.040414
v -0.553735 0.058602 0.033884
v -0.550070 0.067121 0.025661
v -0.548610 0.070053 0.031654
v -0.549009 0.043565 0.046667
v -0.550542 0.039608 0.007441
v -0.555675 0.046817 0.010275
v -0.560062 0.051137 0.021347
v -0.555735 0.050993 0.036319
v -0.557120 0.046316 0.030088
v -0.548609 0.066100 0.042820
v -0.541936 0.079726 0.005368
v -0.536369 0.091696 -0.006979
v -0.530868 0.096856 -0.009551
v -0.527501 0.099436 -0.002058
v -0.508860 0.133311 -0.005016
v -0.508483 0.145673 -0.006497
v -0.508365 0.163298 -0.007375
v -0.509338 0.181757 -0.005675
v -0.513122 0.203976 0.000297
v -0.518848 0.226110 0.009451
v -0.525899 0.247661 0.021895
v -0.531468 0.269211 0.035371
v -0.548284 0.315935 0.068570
v -0.594112 0.401748 0.131883
v -0.612046 0.432671 0.134716
v -0.616011 0.438785 0.140282
v -0.522409 0.108276 -0.005762
v -0.519489 0.112949 -0.004209
v -0.566687 0.355488 0.103256
v -0.594879 0.403898 0.141400
v -0.517626 0.120484 0.012077
v -0.521728 0.123228 0.007211
v -0.613072 0.437023 0.159078
v -0.600371 0.447067 0.167259
v -0.611961 0.488337 0.181532
v -0.614700 0.523878 0.193103
v -0.636264 0.589197 0.178023
v -0.613616 0.443867 0.146144
v -0.621912 0.512112 0.184326
v -0.620675 0.524159 0.186394
v -0.620499 0.545829 0.194791
v -0.629888 0.596973 0.183473
v -0.633641 0.603664 0.179494
v -0.620036 0.642282 0.188536
v -0.604638 0.678406 0.177276
v -0.594485 0.710287 0.164285
v -0.597722 0.717703 0.152803
v -0.595101 0.728157 0.139726
v -0.636132 0.604067 0.170014
v -0.640366 0.617872 0.155221
v -0.632125 0.636179 0.173855
v -0.613215 0.669134 0.180331
v -0.600650 0.696514 0.170305
v -0.599028 0.722969 0.139789
v -0.601810 0.728742 0.135598
v -0.606180 0.727757 0.131527
v -0.584647 0.780856 0.115625
v -0.590206 0.786494 0.111857
v -0.586307 0.806429 0.122527
v -0.608194 0.732497 0.129453
v -0.593710 0.755719 0.121840
v -0.584639 0.764500 0.121352
v -0.588183 0.765409 0.114537
v -0.589696 0.774179 0.112787
v -0.507528 0.025614 0.043035
v -0.509280 0.025521 0.049398
v -0.511995 0.030697 0.058393
v -0.518569 0.039555 0.066896
v -0.509591 0.050833 0.066884
v -0.505146 0.058602 0.062036
v -0.514181 0.097220 0.026989
v -0.510648 0.107142 0.019312
v -0.507650 0.133537 0.008846
v -0.506771 0.145899 0.007595
v -0.506181 0.163523 0.006935
v -0.506839 0.181983 0.008781
v -0.508912 0.204201 0.015539
v -0.512139 0.226336 0.025844
v -0.517003 0.247886 0.039294
v -0.523614 0.269437 0.052290
v -0.537887 0.316160 0.086659
v -0.556154 0.401974 0.162653
v -0.546639 0.432897 0.178115
v -0.546665 0.438938 0.181223
v -0.577632 0.447234 0.187557
v -0.580931 0.488504 0.205645
v -0.587937 0.524045 0.215252
v -0.562456 0.589364 0.221819
v -0.570807 0.597143 0.220663
v -0.565343 0.603833 0.220924
v -0.581061 0.642452 0.216474
v -0.584108 0.678576 0.196727
v -0.583236 0.710456 0.179466
v -0.571011 0.717873 0.175099
v -0.562604 0.728326 0.164684
v -0.547940 0.780991 0.140485
v -0.542601 0.786630 0.141732
v -0.553241 0.806564 0.145712
v -0.523742 0.025279 0.035574
v -0.530577 0.025786 0.050430
v -0.534069 0.029294 0.058018
v -0.537106 0.037563 0.064620
v -0.538398 0.047921 0.067427
v -0.537665 0.057443 0.065834
v -0.534662 0.068385 0.059308
v -0.524537 0.087930 0.037302
v -0.518811 0.097870 0.024858
v -0.515355 0.107142 0.017346
v -0.510781 0.133537 0.007405
v -0.510153 0.145899 0.006039
v -0.509943 0.163523 0.005584
v -0.510991 0.181983 0.007860
v -0.513854 0.204201 0.014083
v -0.518637 0.226336 0.024478
v -0.523944 0.247886 0.036012
v -0.530228 0.269437 0.049671
v -0.546309 0.315644 0.084622
v -0.579545 0.397764 0.156856
v -0.585156 0.413208 0.169050
v -0.590586 0.431538 0.180851
v -0.593932 0.445607 0.188125
v -0.602411 0.495335 0.206551
v -0.606935 0.554946 0.216386
v -0.607394 0.610516 0.217382
v -0.600968 0.665508 0.203417
v -0.588776 0.715015 0.176918
v -0.568504 0.776935 0.132860
v -0.524197 0.030285 0.062560
v -0.526430 0.057076 0.071003
v -0.515132 0.025453 0.039536
v -0.520929 0.025982 0.054869
v -0.527580 0.049552 0.072405
v -0.520722 0.064279 0.068540
v -0.527392 0.038674 0.069089
v -0.487782 0.035598 0.042540
v -0.486594 0.042807 0.048283
v -0.492149 0.047127 0.058817
v -0.506334 0.046984 0.065272
v -0.500701 0.042306 0.062270
v -0.497549 0.030317 0.048954
v -0.498260 0.027127 0.042455
v -0.501947 0.035392 0.058614
v -0.515844 0.035884 0.063372
v -0.501286 0.067121 0.053902
v -0.506787 0.070053 0.056692
v -0.493445 0.079268 0.040178
v -0.486217 0.091831 0.028944
v -0.489714 0.096991 0.022232
v -0.497596 0.099571 0.024550
v -0.498269 0.108502 0.018651
v -0.501348 0.113174 0.017443
v -0.505271 0.087950 0.039945
v -0.504827 0.101429 0.025613
v -0.499685 0.096894 0.027597
v -0.552256 0.355714 0.123201
v -0.562927 0.356704 0.120739
v -0.562884 0.404124 0.169427
v -0.552979 0.444034 0.183879
v -0.562561 0.424555 0.179124
v -0.576579 0.512278 0.215019
v -0.578955 0.524326 0.215426
v -0.585446 0.545996 0.220755
v -0.588096 0.446327 0.191504
v -0.597760 0.536708 0.220607
v -0.593620 0.492418 0.207640
v -0.556523 0.604237 0.216648
v -0.542535 0.618041 0.210240
v -0.562047 0.636349 0.216104
v -0.579268 0.669304 0.205957
v -0.580039 0.600079 0.222800
v -0.583843 0.591537 0.222973
v -0.575413 0.609783 0.221942
v -0.584907 0.572105 0.224741
v -0.581409 0.696684 0.189164
v -0.592959 0.696429 0.186010
v -0.556511 0.726373 0.166205
v -0.578278 0.736665 0.154102
v -0.551506 0.733616 0.165566
v -0.566044 0.738781 0.160984
v -0.557705 0.749889 0.154029
v -0.545572 0.732632 0.166236
v -0.547626 0.755854 0.151015
v -0.555865 0.765983 0.142534
v -0.544813 0.765545 0.142463
v -0.542499 0.774314 0.142473
v -0.516369 0.039555 0.062113
v -0.507391 0.050833 0.062101
v -0.502946 0.058602 0.057253
v -0.499085 0.067121 0.049120
v -0.504586 0.070053 0.051909
v -0.515729 0.043565 0.061980
v -0.484941 0.039608 0.037625
v -0.483754 0.046817 0.043367
v -0.489309 0.051137 0.053901
v -0.503494 0.050993 0.060356
v -0.497861 0.046316 0.057354
v -0.513067 0.066100 0.059173
v -0.488966 0.079726 0.029740
v -0.483211 0.091696 0.017479
v -0.484836 0.096856 0.011629
v -0.492717 0.099436 0.013946
v -0.502598 0.133311 -0.002135
v -0.501718 0.145673 -0.003385
v -0.501128 0.163298 -0.004045
v -0.501787 0.181757 -0.002200
v -0.503860 0.203976 0.004558
v -0.507087 0.226110 0.014863
v -0.511950 0.247661 0.028313
v -0.518561 0.269211 0.041310
v -0.532835 0.315935 0.075678
v -0.551102 0.401748 0.151672
v -0.541587 0.432671 0.167134
v -0.543235 0.438785 0.173767
v -0.493217 0.108276 0.007670
v -0.496296 0.112949 0.006462
v -0.547204 0.355488 0.112220
v -0.557831 0.403898 0.158447
v -0.509877 0.120484 0.015643
v -0.503512 0.123228 0.015592
v -0.559421 0.437023 0.183764
v -0.573897 0.447067 0.179440
v -0.577197 0.488337 0.197528
v -0.584202 0.523878 0.207135
v -0.558721 0.589197 0.213702
v -0.549244 0.443867 0.175762
v -0.572845 0.512112 0.206902
v -0.575220 0.524159 0.207309
v -0.581711 0.545829 0.212638
v -0.567007 0.596973 0.212405
v -0.561544 0.603664 0.212667
v -0.577262 0.642282 0.208216
v -0.578728 0.678406 0.189197
v -0.575467 0.710287 0.173035
v -0.564642 0.717703 0.168024
v -0.556416 0.728157 0.157526
v -0.552724 0.604067 0.208390
v -0.538736 0.617872 0.201982
v -0.558248 0.636179 0.207847
v -0.575468 0.669134 0.197699
v -0.576029 0.696514 0.181634
v -0.553908 0.722969 0.160549
v -0.548915 0.728742 0.159935
v -0.542981 0.727757 0.160605
v -0.544913 0.780856 0.133907
v -0.538435 0.786494 0.135678
v -0.549075 0.806429 0.139658
v -0.540096 0.732497 0.160785
v -0.543737 0.755719 0.144833
v -0.549268 0.764500 0.137627
v -0.541787 0.765409 0.135885
v -0.539473 0.774179 0.135895
v -0.584476 0.760052 -0.070589
v -0.583288 0.777600 -0.072962
v -0.586682 0.786319 -0.088163
v -0.596135 0.791482 -0.106488
v -0.600561 0.804102 -0.104368
v -0.601380 0.808805 -0.122329
v -0.604940 0.820966 -0.127351
v -0.601157 0.838290 -0.124462
v -0.596865 0.850681 -0.114603
v -0.590728 0.855384 -0.098912
v -0.589680 0.852516 -0.088223
v -0.589838 0.846206 -0.089613
v -0.588283 0.838749 -0.083491
v -0.581315 0.832210 -0.076311
v -0.580811 0.828194 -0.071488
v -0.580614 0.822228 -0.069768
v -0.653329 0.904090 -0.189492
v -0.680813 0.674946 -0.178494
v -0.661488 0.669439 -0.167484
v -0.633129 0.682862 -0.140452
v -0.632202 0.688713 -0.136192
v -0.630745 0.696515 -0.141198
v -0.624987 0.698695 -0.126110
v -0.618868 0.689861 -0.114481
v -0.607884 0.687681 -0.098373
v -0.607230 0.673033 -0.088921
v -0.601851 0.670346 -0.076902
v -0.596597 0.663717 -0.071499
v -0.593891 0.719294 -0.077324
v -0.590114 0.725737 -0.068012
v -0.602427 0.692440 -0.091047
v -0.598948 0.691738 -0.081435
v -0.598002 0.693196 -0.078435
v -0.596557 0.700328 -0.077378
v -0.594654 0.708215 -0.087533
v -0.601236 0.711997 -0.095559
v -0.607806 0.707081 -0.097440
v -0.602885 0.702002 -0.092493
v -0.602071 0.696384 -0.090675
v -0.609646 0.728128 -0.119624
v -0.599669 0.728289 -0.101972
v -0.601532 0.735420 -0.111059
v -0.597182 0.750386 -0.109333
v -0.596243 0.753990 -0.099138
v -0.590783 0.751971 -0.090302
v -0.587230 0.755359 -0.084268
v -0.587793 0.765522 -0.085179
v -0.592604 0.774605 -0.099982
v -0.602337 0.779938 -0.128479
v -0.601677 0.768694 -0.122799
v -0.604009 0.760765 -0.121066
v -0.649206 0.789518 -0.187938
v -0.665343 0.732232 -0.183083
v -0.646882 0.846804 -0.189669
v -0.609342 0.904447 -0.126991
v -0.579284 0.760052 -0.046712
v -0.577219 0.777600 -0.045047
v -0.581880 0.760052 -0.058651
v -0.580849 0.783733 -0.058875
v -0.573994 0.786319 -0.029810
v -0.576642 0.791333 -0.014168
v -0.573659 0.803654 -0.017372
v -0.569506 0.809253 0.004415
v -0.571795 0.820966 0.008638
v -0.569269 0.837693 0.005287
v -0.568882 0.850681 -0.002665
v -0.573210 0.855384 -0.018351
v -0.576080 0.852218 -0.026670
v -0.575741 0.845460 -0.025622
v -0.577390 0.838749 -0.033395
v -0.574033 0.832210 -0.042819
v -0.575576 0.828194 -0.047417
v -0.576112 0.822228 -0.049063
v -0.580390 0.817410 -0.058975
v -0.580959 0.904804 -0.058851
v -0.586491 0.904126 0.080916
v -0.606243 0.682837 0.052750
v -0.601042 0.673946 0.041471
v -0.594150 0.678662 0.031422
v -0.598856 0.683518 0.026428
v -0.592381 0.687365 0.017575
v -0.590882 0.701697 0.021826
v -0.587493 0.699905 0.001974
v -0.590850 0.689515 -0.008044
v -0.590694 0.680378 -0.024144
v -0.594111 0.669898 -0.030234
v -0.594472 0.669987 -0.040092
v -0.602789 0.661610 -0.054104
v -0.590200 0.700605 -0.056842
v -0.585052 0.719294 -0.036676
v -0.585483 0.725737 -0.046715
v -0.586352 0.722433 -0.057679
v -0.590663 0.693042 -0.019299
v -0.587945 0.691738 -0.030837
v -0.588331 0.693196 -0.033958
v -0.587455 0.700328 -0.035520
v -0.581507 0.708215 -0.027072
v -0.586178 0.712567 -0.014963
v -0.593109 0.706933 -0.011748
v -0.590687 0.701854 -0.018292
v -0.590891 0.696843 -0.019790
v -0.581820 0.728128 0.008346
v -0.580074 0.728289 -0.011854
v -0.577995 0.735420 -0.002815
v -0.574754 0.750386 -0.006190
v -0.578134 0.753990 -0.015856
v -0.576836 0.751971 -0.026161
v -0.576109 0.755359 -0.033125
v -0.576243 0.765522 -0.032063
v -0.574473 0.774605 -0.016598
v -0.576226 0.779938 0.014951
v -0.573252 0.768694 0.007926
v -0.576093 0.760765 0.007318
v -0.589116 0.791377 0.076373
v -0.598113 0.738590 0.068476
v -0.587789 0.844054 0.080474
v -0.572468 0.904447 0.011471
v -0.557774 0.775169 -0.078927
v -0.561168 0.783889 -0.094128
v -0.570620 0.789051 -0.112454
v -0.575046 0.801671 -0.110334
v -0.575865 0.806375 -0.128295
v -0.579425 0.818536 -0.133317
v -0.575642 0.835860 -0.130427
v -0.571350 0.848250 -0.120568
v -0.565213 0.852954 -0.104878
v -0.564165 0.850086 -0.094189
v -0.564323 0.843776 -0.095579
v -0.562768 0.836318 -0.089456
v -0.555800 0.829779 -0.082277
v -0.555296 0.825763 -0.077454
v -0.555099 0.819798 -0.075733
v -0.627814 0.901660 -0.195458
v -0.655298 0.672515 -0.184459
v -0.635973 0.667009 -0.173449
v -0.607614 0.680432 -0.146417
v -0.606687 0.686283 -0.142157
v -0.605230 0.694085 -0.147164
v -0.599472 0.696264 -0.132076
v -0.593353 0.687430 -0.120447
v -0.582369 0.685251 -0.104338
v -0.581715 0.670602 -0.094887
v -0.576337 0.667915 -0.082868
v -0.571082 0.661287 -0.077464
v -0.568376 0.716864 -0.083290
v -0.564599 0.723307 -0.073978
v -0.576912 0.690010 -0.097012
v -0.573433 0.689307 -0.087401
v -0.572487 0.690766 -0.084401
v -0.571042 0.697897 -0.083344
v -0.569139 0.705785 -0.093499
v -0.575721 0.709567 -0.101524
v -0.582291 0.704650 -0.103405
v -0.577370 0.699572 -0.098459
v -0.576556 0.693953 -0.096641
v -0.584131 0.725698 -0.125589
v -0.574154 0.725858 -0.107937
v -0.576017 0.732990 -0.117025
v -0.571667 0.747956 -0.115299
v -0.570728 0.751559 -0.105103
v -0.565268 0.749541 -0.096268
v -0.561715 0.752929 -0.090234
v -0.562278 0.763092 -0.091144
v -0.567089 0.772174 -0.105948
v -0.576823 0.777508 -0.134444
v -0.576162 0.766263 -0.128764
v -0.578494 0.758334 -0.127032
v -0.623691 0.787088 -0.193904
v -0.639828 0.729801 -0.189048
v -0.621367 0.844374 -0.195634
v -0.589812 0.902017 -0.130954
v -0.551704 0.775169 -0.051013
v -0.555335 0.781302 -0.064841
v -0.548479 0.783889 -0.035775
v -0.551127 0.788902 -0.020134
v -0.556176 0.801223 -0.020649
v -0.548183 0.806823 -0.000148
v -0.549999 0.818536 0.003917
v -0.547473 0.835262 0.000567
v -0.546763 0.848250 -0.007494
v -0.547695 0.852954 -0.024317
v -0.550565 0.849787 -0.032635
v -0.550226 0.843029 -0.031588
v -0.551875 0.836318 -0.039361
v -0.548518 0.829779 -0.048785
v -0.550062 0.825763 -0.053382
v -0.550597 0.819798 -0.055029
v -0.554875 0.814979 -0.064941
v -0.555444 0.902374 -0.064817
v -0.567030 0.901660 0.084080
v -0.580728 0.680407 0.046785
v -0.575527 0.671515 0.035505
v -0.568635 0.676232 0.025456
v -0.573341 0.681087 0.020462
v -0.566866 0.684934 0.011609
v -0.565367 0.699266 0.015861
v -0.561979 0.697475 -0.003992
v -0.565335 0.687084 -0.014009
v -0.565179 0.677948 -0.030109
v -0.568596 0.667468 -0.036200
v -0.568957 0.667557 -0.046057
v -0.577274 0.659179 -0.060070
v -0.564685 0.698175 -0.062807
v -0.559538 0.716864 -0.042641
v -0.559968 0.723307 -0.052681
v -0.560837 0.720003 -0.063644
v -0.565148 0.690611 -0.025264
v -0.562431 0.689307 -0.036802
v -0.562816 0.690766 -0.039924
v -0.561940 0.697897 -0.041485
v -0.555992 0.705785 -0.033038
v -0.560663 0.710137 -0.020928
v -0.567594 0.704502 -0.017714
v -0.565172 0.699424 -0.024257
v -0.565376 0.694413 -0.025756
v -0.556305 0.725698 0.002381
v -0.554559 0.725858 -0.017820
v -0.552480 0.732990 -0.008780
v -0.549239 0.747955 -0.012156
v -0.552619 0.751559 -0.021821
v -0.551321 0.749541 -0.032126
v -0.550594 0.752929 -0.039091
v -0.550728 0.763092 -0.038029
v -0.548958 0.772174 -0.022564
v -0.545979 0.777508 0.007401
v -0.547737 0.766263 0.001960
v -0.550578 0.758334 0.001353
v -0.563601 0.788946 0.070407
v -0.572598 0.736160 0.062511
v -0.562274 0.841624 0.074509
v -0.559245 0.902017 0.009620
v -0.041937 0.621123 0.203647
v 0.000778 0.750395 0.179245
v -0.029639 0.748415 0.180120
v -0.181363 0.701711 0.169298
v -0.032506 0.758209 0.176971
v -0.075504 0.620565 0.200301
v -0.092288 0.648991 0.195061
v -0.085035 0.667306 0.193639
v -0.123691 0.683165 0.186480
v -0.126202 0.660586 0.189215
v -0.136808 0.647684 0.188404
v -0.154113 0.643921 0.186034
v -0.182244 0.653997 0.179043
v -0.201238 0.679010 0.165974
v -0.212480 0.682743 0.162215
v -0.225466 0.679196 0.157217
v -0.233413 0.683676 0.153953
v -0.232250 0.691143 0.150509
v -0.212286 0.699356 0.158101
v -0.202667 0.704708 0.165748
v -0.197556 0.707382 0.164478
v -0.232831 0.713729 0.153915
v -0.279348 0.709062 0.141877
v -0.289427 0.702342 0.140008
v -0.290202 0.687223 0.144715
v -0.298924 0.680503 0.142667
v -0.317531 0.681436 0.137479
v -0.328967 0.693756 0.132540
v -0.343891 0.684423 0.133879
v -0.350287 0.686103 0.130257
v -0.356683 0.699915 0.125041
v -0.359590 0.706822 0.122137
v -0.369087 0.711302 0.121473
v -0.386961 0.729735 0.118171
v -0.415226 0.737356 0.115768
v -0.441715 0.736267 0.116425
v -0.454152 0.727090 0.116425
v -0.455121 0.709824 0.121448
v -0.443169 0.719624 0.116711
v -0.437516 0.703135 0.115234
v -0.458191 0.693180 0.123623
v -0.464005 0.684158 0.124810
v -0.496955 0.679025 0.131222
v -0.497314 0.728232 0.115062
v -0.492230 0.776232 0.099628
v -0.497058 0.818675 0.097751
v -0.498087 0.910288 0.104778
v -0.040607 0.729281 0.187301
v -0.054209 0.699258 0.190637
v -0.031542 0.697608 0.193125
v -0.034269 0.685680 0.190997
v -0.057091 0.692582 0.192843
v -0.047851 0.716228 0.187301
v -0.056030 0.713453 0.186978
v -0.067636 0.718929 0.184663
v -0.080410 0.716528 0.181848
v -0.086018 0.710451 0.180858
v -0.101752 0.709776 0.179571
v -0.120290 0.718553 0.174199
v -0.128936 0.731606 0.168982
v -0.128547 0.747209 0.164737
v -0.116162 0.759211 0.163337
v -0.093028 0.763487 0.165196
v -0.073243 0.759661 0.169056
v -0.068336 0.754335 0.173926
v -0.075347 0.748484 0.176860
v -0.076593 0.742033 0.181002
v -0.072698 0.735132 0.184295
v -0.061560 0.729656 0.186803
v -0.057659 0.778556 0.166697
v -0.047723 0.782369 0.168033
v -0.046675 0.773203 0.168749
v -0.014061 0.759668 0.175361
v -0.027786 0.773401 0.172836
v -0.031680 0.776714 0.172081
v -0.028440 0.788355 0.168360
v -0.010719 0.809860 0.164602
v -0.017036 0.779686 0.171068
v -0.030321 0.850253 0.161637
v -0.022401 0.836625 0.162927
v -0.026945 0.818059 0.164724
v -0.043303 0.807807 0.165237
v -0.062516 0.806119 0.164564
v -0.075303 0.812120 0.162418
v -0.087117 0.808682 0.161555
v -0.095945 0.809369 0.159271
v -0.101592 0.803555 0.159280
v -0.107174 0.804618 0.158935
v -0.113016 0.811307 0.157858
v -0.112108 0.820184 0.157518
v -0.109576 0.825685 0.157281
v -0.112627 0.829685 0.156594
v -0.107110 0.833374 0.157165
v -0.104903 0.841688 0.154956
v -0.086468 0.851065 0.154973
v -0.075498 0.864192 0.155969
v -0.059530 0.858316 0.158591
v -0.044856 0.857734 0.159073
v -0.145355 0.846443 0.150570
v -0.153577 0.830765 0.145468
v -0.159473 0.829983 0.143245
v -0.170238 0.838162 0.142514
v -0.189711 0.847904 0.140016
v -0.191658 0.850248 0.140405
v -0.185059 0.855978 0.142235
v -0.170076 0.849936 0.143827
v -0.155417 0.856395 0.145403
v -0.145085 0.851290 0.150413
v -0.242157 0.851168 0.126706
v -0.268965 0.842958 0.123402
v -0.304073 0.827943 0.117293
v -0.331837 0.818749 0.114778
v -0.344623 0.817129 0.114052
v -0.355615 0.819181 0.112048
v -0.367711 0.823870 0.112428
v -0.373569 0.817894 0.112756
v -0.381548 0.821454 0.114011
v -0.388209 0.826555 0.110151
v -0.386085 0.834321 0.109968
v -0.375221 0.838976 0.113576
v -0.363885 0.847823 0.113576
v -0.356940 0.843760 0.113576
v -0.347528 0.841885 0.113576
v -0.340712 0.845761 0.113576
v -0.336882 0.853075 0.113576
v -0.325588 0.853075 0.113576
v -0.310918 0.858451 0.113352
v -0.300792 0.867828 0.115895
v -0.286577 0.862452 0.119451
v -0.267168 0.861588 0.124725
v -0.256653 0.862014 0.125344
v -0.248020 0.859014 0.126899
v -0.223579 0.826878 0.134170
v -0.200825 0.826466 0.139236
v -0.182209 0.815221 0.144250
v -0.181383 0.810076 0.146609
v -0.192563 0.806734 0.146326
v -0.200274 0.795118 0.145079
v -0.216412 0.799361 0.141706
v -0.218780 0.802756 0.139618
v -0.229300 0.806044 0.135726
v -0.236626 0.815062 0.132815
v -0.231614 0.824397 0.132861
v -0.181216 0.771448 0.152081
v -0.171623 0.767268 0.152699
v -0.175277 0.756379 0.156730
v -0.174135 0.753739 0.157775
v -0.159974 0.750550 0.160791
v -0.161572 0.740211 0.165214
v -0.161686 0.717883 0.171974
v -0.172079 0.717773 0.170138
v -0.202116 0.726352 0.160853
v -0.233637 0.730202 0.152181
v -0.239005 0.737241 0.147041
v -0.253053 0.744830 0.141183
v -0.256385 0.750962 0.138540
v -0.254651 0.757259 0.138519
v -0.256898 0.764540 0.134489
v -0.253646 0.773094 0.129637
v -0.258484 0.783253 0.129637
v -0.256739 0.794328 0.132218
v -0.247301 0.793259 0.132663
v -0.233897 0.779892 0.137663
v -0.214307 0.774240 0.143661
v -0.196779 0.776170 0.147073
v -0.178935 0.779510 0.150814
v -0.178617 0.775233 0.151836
v -0.303607 0.805763 0.119081
v -0.327418 0.796930 0.116130
v -0.356190 0.792026 0.115804
v -0.388600 0.793682 0.112686
v -0.392899 0.786930 0.112686
v -0.391973 0.777693 0.112686
v -0.380200 0.767310 0.111129
v -0.361085 0.761641 0.113693
v -0.335620 0.764954 0.117390
v -0.337604 0.771260 0.117885
v -0.334694 0.779031 0.117330
v -0.325302 0.783745 0.117996
v -0.312801 0.782280 0.120094
v -0.305922 0.779477 0.118500
v -0.300102 0.784382 0.120597
v -0.300896 0.788119 0.119252
v -0.308237 0.791261 0.118220
v -0.307113 0.794574 0.118850
v -0.296398 0.801453 0.120196
v -0.294215 0.807760 0.120830
v -0.352971 0.742583 0.121262
v -0.338280 0.729188 0.126141
v -0.321324 0.709095 0.133470
v -0.299288 0.720759 0.135597
v -0.273267 0.728586 0.141039
v -0.286082 0.735660 0.133966
v -0.292724 0.736638 0.130548
v -0.298194 0.733176 0.129931
v -0.302413 0.734004 0.130721
v -0.301788 0.746572 0.127676
v -0.308743 0.760719 0.123345
v -0.324450 0.750861 0.124112
v -0.137243 0.796712 0.152588
v -0.115526 0.784359 0.158820
v -0.138593 0.775689 0.159118
v -0.142306 0.794003 0.152631
v -0.163289 0.692212 0.174686
v -0.155302 0.678407 0.178456
v -0.166645 0.680049 0.177287
v -0.170388 0.689328 0.173361
v -0.249024 0.907952 0.133188
v -0.124492 0.906784 0.153185
v -0.354972 0.909411 0.113177
v -0.038860 0.618233 0.184041
v 0.003116 0.902726 0.144260
v 0.003350 0.604869 0.187037
v 0.001875 0.747505 0.159505
v -0.026563 0.745525 0.160514
v -0.178286 0.698821 0.149692
v -0.029429 0.755319 0.157364
v -0.072428 0.617675 0.180695
v -0.089211 0.646101 0.175455
v -0.081958 0.664416 0.174033
v -0.120614 0.680275 0.166874
v -0.123126 0.657696 0.169609
v -0.133732 0.644794 0.168798
v -0.151036 0.641031 0.166428
v -0.179167 0.651107 0.159437
v -0.198162 0.676120 0.146367
v -0.209403 0.679853 0.142608
v -0.222389 0.676306 0.137611
v -0.230336 0.680786 0.134347
v -0.229173 0.688253 0.130903
v -0.209209 0.696466 0.131073
v -0.194867 0.699826 0.141765
v -0.194479 0.704492 0.144872
v -0.229754 0.710839 0.134309
v -0.276272 0.706172 0.122271
v -0.286350 0.699452 0.120402
v -0.287126 0.684333 0.125108
v -0.295848 0.677613 0.123061
v -0.314454 0.678546 0.117873
v -0.325890 0.690866 0.112933
v -0.340814 0.681533 0.114273
v -0.347210 0.683213 0.110650
v -0.353606 0.697025 0.105435
v -0.356513 0.703932 0.102531
v -0.366011 0.708412 0.101867
v -0.383884 0.726845 0.098564
v -0.412150 0.734466 0.096162
v -0.438639 0.733377 0.096818
v -0.451075 0.724200 0.099222
v -0.452045 0.706934 0.101842
v -0.440092 0.716734 0.097105
v -0.434440 0.700245 0.095628
v -0.455114 0.690290 0.104017
v -0.460928 0.681268 0.105204
v -0.493878 0.676135 0.111616
v -0.495009 0.726067 0.100372
v -0.490325 0.774443 0.090820
v -0.496786 0.833863 0.085930
v -0.495010 0.907398 0.087850
v -0.037530 0.726391 0.167695
v -0.051132 0.696368 0.171030
v -0.028466 0.694718 0.173519
v -0.031192 0.682790 0.171391
v -0.054014 0.689692 0.173237
v -0.044774 0.713338 0.167367
v -0.052953 0.710563 0.167372
v -0.064559 0.716039 0.165056
v -0.077333 0.713638 0.162242
v -0.082941 0.707561 0.161252
v -0.098675 0.706886 0.159964
v -0.117214 0.715663 0.154593
v -0.125859 0.728716 0.149376
v -0.125470 0.744319 0.145131
v -0.113086 0.756321 0.143731
v -0.089951 0.760597 0.145590
v -0.070167 0.756771 0.149449
v -0.065260 0.751445 0.154320
v -0.072270 0.745594 0.157254
v -0.073516 0.739143 0.161396
v -0.069622 0.732242 0.164689
v -0.058483 0.726766 0.167197
v -0.054582 0.775666 0.147091
v -0.044646 0.779479 0.148427
v -0.043598 0.770313 0.149143
v -0.010984 0.756778 0.155755
v -0.024709 0.770511 0.153230
v -0.028604 0.773824 0.152475
v -0.025363 0.785465 0.148753
v -0.007642 0.806970 0.144996
v -0.000296 0.821131 0.145745
v -0.013959 0.776796 0.151462
v -0.027244 0.847363 0.142031
v -0.019325 0.833735 0.143321
v -0.023869 0.815169 0.145117
v -0.040226 0.804917 0.145631
v -0.059439 0.803229 0.144958
v -0.072227 0.809230 0.142812
v -0.084040 0.805792 0.141949
v -0.092868 0.806479 0.139665
v -0.098515 0.800665 0.139673
v -0.104098 0.801728 0.139329
v -0.109939 0.808417 0.138252
v -0.109031 0.817294 0.137912
v -0.106500 0.822795 0.137675
v -0.109550 0.826795 0.136988
v -0.104033 0.830484 0.137559
v -0.101826 0.838798 0.135350
v -0.083391 0.848175 0.135367
v -0.072422 0.861302 0.136363
v -0.056453 0.855426 0.138985
v -0.041779 0.854844 0.139467
v -0.142278 0.843553 0.130964
v -0.150500 0.827875 0.125862
v -0.156397 0.827093 0.123639
v -0.167161 0.835272 0.122907
v -0.186634 0.845014 0.120409
v -0.188582 0.847358 0.120799
v -0.181982 0.853088 0.122629
v -0.166999 0.847046 0.124220
v -0.152340 0.853505 0.125797
v -0.142008 0.848400 0.130807
v -0.239081 0.848278 0.107100
v -0.265888 0.840068 0.103796
v -0.300996 0.825053 0.097687
v -0.328760 0.815859 0.095172
v -0.341547 0.814239 0.094446
v -0.352539 0.816291 0.092442
v -0.364634 0.820980 0.092821
v -0.370493 0.815004 0.093149
v -0.378471 0.818564 0.094405
v -0.385085 0.827618 0.093970
v -0.383008 0.831431 0.088084
v -0.375673 0.838870 0.088314
v -0.360808 0.844933 0.088433
v -0.353863 0.840870 0.088769
v -0.344451 0.838995 0.091515
v -0.337635 0.842871 0.091364
v -0.333806 0.850185 0.088227
v -0.322511 0.850185 0.091526
v -0.307841 0.855561 0.093746
v -0.297715 0.864938 0.096289
v -0.283500 0.859562 0.099845
v -0.264092 0.858698 0.105119
v -0.253576 0.859124 0.105738
v -0.244944 0.856124 0.107293
v -0.220502 0.823988 0.114564
v -0.197749 0.823576 0.119630
v -0.179132 0.812331 0.124644
v -0.178306 0.807186 0.127003
v -0.189487 0.803844 0.126720
v -0.197197 0.792228 0.125473
v -0.213335 0.796471 0.122100
v -0.215703 0.799866 0.120012
v -0.226223 0.803154 0.116120
v -0.233549 0.812172 0.113209
v -0.228537 0.821507 0.113255
v -0.178139 0.768558 0.132475
v -0.168546 0.764378 0.133093
v -0.172201 0.753489 0.137124
v -0.171058 0.750849 0.138169
v -0.156897 0.747660 0.141185
v -0.158495 0.737321 0.145608
v -0.158610 0.714993 0.152368
v -0.169003 0.714883 0.150532
v -0.199040 0.723462 0.141246
v -0.230561 0.727312 0.132574
v -0.235928 0.734351 0.127435
v -0.249976 0.741940 0.121576
v -0.253308 0.748072 0.118934
v -0.251575 0.754369 0.118913
v -0.253821 0.761650 0.114883
v -0.250569 0.770204 0.115130
v -0.255407 0.780363 0.110031
v -0.253663 0.791438 0.112611
v -0.244224 0.790369 0.113057
v -0.230821 0.777002 0.118057
v -0.211231 0.771350 0.124055
v -0.193703 0.773280 0.127466
v -0.175858 0.776620 0.131207
v -0.175541 0.772343 0.132229
v -0.300530 0.802873 0.099475
v -0.324341 0.794040 0.096524
v -0.353114 0.789136 0.096198
v -0.385523 0.790792 0.095675
v -0.389823 0.784040 0.093080
v -0.388897 0.774803 0.089423
v -0.377123 0.764420 0.091523
v -0.358008 0.758751 0.094087
v -0.332543 0.762064 0.097784
v -0.334527 0.768370 0.098279
v -0.331617 0.776141 0.097724
v -0.322225 0.780855 0.098390
v -0.309724 0.779390 0.100488
v -0.302845 0.776587 0.098894
v -0.297025 0.781492 0.100990
v -0.297819 0.785229 0.099646
v -0.305161 0.788371 0.098613
v -0.304036 0.791684 0.099244
v -0.293321 0.798563 0.100590
v -0.291138 0.804870 0.101224
v -0.349894 0.739693 0.101655
v -0.335204 0.726298 0.106535
v -0.318247 0.706205 0.113863
v -0.296211 0.717869 0.115991
v -0.270190 0.725696 0.121433
v -0.283005 0.732770 0.114360
v -0.289647 0.733748 0.110942
v -0.295117 0.730286 0.110325
v -0.299337 0.731114 0.111114
v -0.298712 0.743682 0.108069
v -0.305666 0.757829 0.103739
v -0.321373 0.747971 0.104506
v -0.134166 0.793822 0.132982
v -0.112449 0.781469 0.139213
v -0.135516 0.772799 0.139512
v -0.139229 0.791113 0.133025
v -0.160212 0.689322 0.155079
v -0.152225 0.675517 0.158850
v -0.163569 0.677159 0.157680
v -0.167311 0.686438 0.153755
v -0.245947 0.905062 0.116055
v -0.121415 0.903894 0.130158
v -0.370479 0.906230 0.101953
v 0.042483 0.621123 0.203647
v 0.000273 0.905616 0.170844
v 0.000273 0.607759 0.206644
v 0.030185 0.748415 0.180120
v 0.181908 0.701711 0.169298
v 0.000273 0.706885 0.193331
v 0.033052 0.758209 0.176971
v 0.076050 0.620565 0.200301
v 0.092834 0.648991 0.195061
v 0.085581 0.667306 0.193639
v 0.124236 0.683165 0.186480
v 0.126748 0.660586 0.189215
v 0.137354 0.647684 0.188404
v 0.154658 0.643921 0.186034
v 0.182789 0.653997 0.179043
v 0.201784 0.679010 0.165974
v 0.213026 0.682743 0.162215
v 0.226012 0.679196 0.157217
v 0.233958 0.683676 0.153953
v 0.232795 0.691143 0.150509
v 0.212832 0.699356 0.157002
v 0.198489 0.702716 0.162407
v 0.194454 0.707382 0.162875
v 0.233377 0.713729 0.153915
v 0.279894 0.709062 0.141877
v 0.289973 0.702342 0.140008
v 0.290748 0.687223 0.144715
v 0.299470 0.680503 0.142667
v 0.318077 0.681436 0.137479
v 0.329512 0.693756 0.132540
v 0.344437 0.684423 0.133879
v 0.350832 0.686103 0.130257
v 0.357229 0.699915 0.125041
v 0.360136 0.706822 0.122137
v 0.369633 0.711302 0.121473
v 0.387506 0.729735 0.118171
v 0.415772 0.737356 0.115768
v 0.442261 0.736267 0.116425
v 0.454698 0.727090 0.118828
v 0.455667 0.709824 0.121448
v 0.443715 0.719624 0.116711
v 0.438062 0.703135 0.115234
v 0.458736 0.693180 0.123623
v 0.464551 0.684158 0.124810
v 0.497501 0.679025 0.131222
v 0.498169 0.728522 0.117030
v 0.492765 0.776222 0.105140
v 0.499607 0.836000 0.100428
v 0.498633 0.910288 0.104778
v 0.041153 0.729281 0.187301
v 0.054755 0.699258 0.190637
v 0.032088 0.697608 0.193125
v 0.034814 0.685680 0.190997
v 0.057637 0.692582 0.192843
v 0.048397 0.716228 0.186978
v 0.056575 0.713453 0.186978
v 0.068181 0.718929 0.184663
v 0.080955 0.716528 0.181848
v 0.086563 0.710451 0.180858
v 0.102298 0.709776 0.179571
v 0.120836 0.718553 0.174199
v 0.129482 0.731606 0.168982
v 0.129093 0.747209 0.164737
v 0.116708 0.759211 0.163337
v 0.093574 0.763487 0.165196
v 0.073789 0.759661 0.169056
v 0.068882 0.754335 0.173926
v 0.075892 0.748484 0.176860
v 0.077139 0.742033 0.181002
v 0.073244 0.735132 0.184295
v 0.062105 0.729656 0.186803
v 0.058204 0.778556 0.166697
v 0.048269 0.782369 0.168033
v 0.047220 0.773203 0.168749
v 0.014607 0.759668 0.175361
v 0.000273 0.764669 0.174304
v 0.028332 0.773401 0.172836
v 0.032226 0.776714 0.172081
v 0.028985 0.788355 0.168360
v 0.011265 0.809860 0.164602
v 0.000273 0.824021 0.165351
v 0.017581 0.779686 0.171068
v 0.000273 0.776761 0.170569
v 0.030867 0.850253 0.161637
v 0.022947 0.836625 0.162927
v 0.027491 0.818059 0.164724
v 0.043848 0.807807 0.165237
v 0.063062 0.806119 0.164564
v 0.075849 0.812120 0.162418
v 0.087663 0.808682 0.161555
v 0.096491 0.809369 0.159271
v 0.102138 0.803555 0.159280
v 0.107720 0.804618 0.158935
v 0.113562 0.811307 0.157858
v 0.112654 0.820184 0.157518
v 0.110122 0.825685 0.157281
v 0.113173 0.829685 0.156594
v 0.107655 0.833374 0.157165
v 0.105448 0.841688 0.154956
v 0.087014 0.851065 0.154973
v 0.076044 0.864192 0.155969
v 0.060076 0.858316 0.158591
v 0.045401 0.857734 0.159073
v 0.145900 0.846443 0.150570
v 0.154123 0.830765 0.145468
v 0.160019 0.829983 0.143245
v 0.170783 0.838162 0.142514
v 0.190257 0.847904 0.140016
v 0.192204 0.850248 0.140405
v 0.185605 0.855978 0.142235
v 0.170622 0.849936 0.143827
v 0.155962 0.856395 0.145403
v 0.145631 0.851290 0.150413
v 0.242703 0.851168 0.126706
v 0.269510 0.842958 0.123402
v 0.304618 0.827943 0.117293
v 0.332383 0.818749 0.114778
v 0.345169 0.817129 0.114052
v 0.356161 0.819181 0.112048
v 0.368256 0.823870 0.112428
v 0.374115 0.817894 0.112756
v 0.382094 0.821454 0.114011
v 0.388755 0.826555 0.110151
v 0.386631 0.834321 0.109968
v 0.375767 0.838976 0.113576
v 0.364431 0.847823 0.113576
v 0.357485 0.843760 0.113576
v 0.348073 0.841885 0.113576
v 0.341258 0.845761 0.113576
v 0.337428 0.853075 0.113576
v 0.326134 0.853075 0.113576
v 0.311464 0.858451 0.113352
v 0.301338 0.867828 0.115895
v 0.287122 0.862452 0.119451
v 0.267714 0.861588 0.124725
v 0.257199 0.862014 0.125344
v 0.248566 0.859014 0.126899
v 0.224124 0.826878 0.134170
v 0.201371 0.826466 0.139236
v 0.182755 0.815221 0.144250
v 0.181929 0.810076 0.146609
v 0.193109 0.806734 0.146326
v 0.200820 0.795118 0.145079
v 0.216958 0.799361 0.141706
v 0.219326 0.802756 0.139618
v 0.229846 0.806044 0.135726
v 0.237171 0.815062 0.132815
v 0.232159 0.824397 0.132861
v 0.181762 0.771448 0.152081
v 0.172168 0.767268 0.152699
v 0.175823 0.756379 0.156730
v 0.174681 0.753739 0.157775
v 0.160519 0.750550 0.160791
v 0.162118 0.740211 0.165214
v 0.162232 0.717883 0.171974
v 0.172625 0.717773 0.170138
v 0.202662 0.726352 0.160853
v 0.234183 0.730202 0.152181
v 0.239551 0.737241 0.147041
v 0.253598 0.744830 0.141183
v 0.256930 0.750962 0.138540
v 0.255197 0.757259 0.138519
v 0.257443 0.764540 0.134489
v 0.254192 0.773094 0.134736
v 0.259030 0.783253 0.129637
v 0.257285 0.794328 0.132218
v 0.247847 0.793259 0.132663
v 0.234443 0.779892 0.137663
v 0.214853 0.774240 0.143661
v 0.197325 0.776170 0.147073
v 0.179480 0.779510 0.150814
v 0.179163 0.775233 0.151836
v 0.304152 0.805763 0.119081
v 0.327964 0.796930 0.116130
v 0.356736 0.792026 0.115804
v 0.389146 0.793682 0.115281
v 0.393445 0.786930 0.114160
v 0.392519 0.777693 0.112686
v 0.380746 0.767310 0.111129
v 0.361630 0.761641 0.113693
v 0.336165 0.764954 0.117390
v 0.338150 0.771260 0.117885
v 0.335239 0.779031 0.117330
v 0.325848 0.783745 0.117996
v 0.313347 0.782280 0.120094
v 0.306468 0.779477 0.118500
v 0.300647 0.784382 0.120597
v 0.301441 0.788119 0.119252
v 0.308783 0.791261 0.118220
v 0.307659 0.794574 0.118850
v 0.296943 0.801453 0.120196
v 0.294761 0.807760 0.120830
v 0.353517 0.742583 0.121262
v 0.338826 0.729188 0.126141
v 0.321869 0.709095 0.133470
v 0.299833 0.720759 0.135597
v 0.273812 0.728586 0.141039
v 0.286628 0.735660 0.133966
v 0.293270 0.736638 0.130548
v 0.298739 0.733176 0.129931
v 0.302959 0.734004 0.130721
v 0.302334 0.746572 0.127676
v 0.309289 0.760719 0.123345
v 0.324995 0.750861 0.124112
v 0.137788 0.796712 0.152588
v 0.116071 0.784359 0.158820
v 0.139139 0.775689 0.159118
v 0.142852 0.794003 0.152631
v 0.163835 0.692212 0.174686
v 0.155847 0.678407 0.178456
v 0.167191 0.680049 0.177287
v 0.170934 0.689328 0.173361
v 0.249569 0.907952 0.133188
v 0.125038 0.906784 0.153320
v 0.355518 0.909411 0.113177
v 0.039406 0.618233 0.184041
v 0.027108 0.745525 0.160514
v 0.178832 0.698821 0.149692
v 0.029975 0.755319 0.157364
v 0.072973 0.617675 0.180695
v 0.089757 0.646101 0.175455
v 0.082504 0.664416 0.174033
v 0.121160 0.680275 0.166874
v 0.123671 0.657696 0.169609
v 0.134277 0.644794 0.168798
v 0.151582 0.641031 0.166428
v 0.179713 0.651107 0.159437
v 0.198707 0.676120 0.146367
v 0.209949 0.679853 0.142608
v 0.222935 0.676306 0.137611
v 0.230882 0.680786 0.134347
v 0.229719 0.688253 0.130903
v 0.209755 0.696466 0.131073
v 0.195413 0.699826 0.141765
v 0.195025 0.704492 0.144872
v 0.230300 0.710839 0.134309
v 0.276817 0.706172 0.122271
v 0.286896 0.699452 0.120402
v 0.287671 0.684333 0.125108
v 0.296393 0.677613 0.123061
v 0.315000 0.678546 0.117873
v 0.326436 0.690866 0.112933
v 0.341360 0.681533 0.114273
v 0.347756 0.683213 0.110650
v 0.354152 0.697025 0.105435
v 0.357059 0.703932 0.102531
v 0.366556 0.708412 0.101867
v 0.384430 0.726845 0.098564
v 0.412695 0.734466 0.096162
v 0.439184 0.733377 0.096818
v 0.451621 0.724200 0.099222
v 0.452590 0.706934 0.101842
v 0.440638 0.716734 0.097105
v 0.434985 0.700245 0.095628
v 0.455660 0.690290 0.104017
v 0.461474 0.681268 0.105204
v 0.494424 0.676135 0.111616
v 0.495555 0.726067 0.100372
v 0.490871 0.774443 0.090820
v 0.497332 0.833863 0.085930
v 0.495556 0.907398 0.087850
v 0.038076 0.726391 0.167695
v 0.051678 0.696368 0.171030
v 0.029011 0.694718 0.173519
v 0.031738 0.682790 0.171391
v 0.054560 0.689692 0.173237
v 0.045320 0.713338 0.167783
v 0.053499 0.710563 0.167372
v 0.065105 0.716039 0.165056
v 0.077879 0.713638 0.162242
v 0.083487 0.707561 0.161252
v 0.099221 0.706886 0.159964
v 0.117759 0.715663 0.154593
v 0.126405 0.728716 0.149376
v 0.126016 0.744319 0.145131
v 0.113631 0.756321 0.143731
v 0.090497 0.760597 0.145590
v 0.070712 0.756771 0.149449
v 0.065805 0.751445 0.154320
v 0.072816 0.745594 0.157254
v 0.074062 0.739143 0.161396
v 0.070167 0.732242 0.164689
v 0.059029 0.726766 0.167197
v 0.055128 0.775666 0.147091
v 0.045192 0.779479 0.148427
v 0.044143 0.770313 0.149143
v 0.011530 0.756778 0.155755
v -0.000258 0.762201 0.154448
v 0.025255 0.770511 0.153230
v 0.029149 0.773824 0.152475
v 0.025909 0.785465 0.148753
v 0.008188 0.806970 0.144996
v 0.014505 0.776796 0.151462
v 0.002618 0.773989 0.150256
v 0.027790 0.847363 0.142031
v 0.019870 0.833735 0.143321
v 0.024414 0.815169 0.145117
v 0.040772 0.804917 0.145631
v 0.059985 0.803229 0.144958
v 0.072772 0.809230 0.142812
v 0.084586 0.805792 0.141949
v 0.093414 0.806479 0.139665
v 0.099061 0.800665 0.139673
v 0.104643 0.801728 0.139329
v 0.110485 0.808417 0.138252
v 0.109577 0.817294 0.137912
v 0.107045 0.822795 0.137675
v 0.110096 0.826795 0.136988
v 0.104579 0.830484 0.137559
v 0.102372 0.838798 0.135350
v 0.083937 0.848175 0.135367
v 0.072967 0.861302 0.136363
v 0.056999 0.855426 0.138985
v 0.042325 0.854844 0.139467
v 0.142824 0.843553 0.130964
v 0.151046 0.827875 0.125862
v 0.156942 0.827093 0.123639
v 0.167707 0.835272 0.122907
v 0.187180 0.845014 0.120409
v 0.189127 0.847358 0.120799
v 0.182528 0.853088 0.122629
v 0.167545 0.847046 0.124220
v 0.152886 0.853505 0.125797
v 0.142554 0.848400 0.130807
v 0.239626 0.848278 0.107100
v 0.266434 0.840068 0.103796
v 0.301541 0.825053 0.097687
v 0.329306 0.815859 0.095172
v 0.342092 0.814239 0.094446
v 0.353084 0.816291 0.092442
v 0.365180 0.820980 0.092821
v 0.371038 0.815004 0.093149
v 0.379017 0.818564 0.094405
v 0.385631 0.827618 0.093970
v 0.383554 0.831431 0.088084
v 0.376219 0.838870 0.088314
v 0.361354 0.844933 0.088433
v 0.354409 0.840870 0.088769
v 0.344997 0.838995 0.091515
v 0.338181 0.842871 0.091364
v 0.334351 0.850185 0.088227
v 0.323057 0.850185 0.091526
v 0.308387 0.855561 0.093746
v 0.298261 0.864938 0.096289
v 0.284046 0.859562 0.099845
v 0.264637 0.858698 0.105119
v 0.254122 0.859124 0.105738
v 0.245489 0.856124 0.107293
v 0.221048 0.823988 0.114564
v 0.198294 0.823576 0.119630
v 0.179678 0.812331 0.124644
v 0.178852 0.807186 0.127003
v 0.190032 0.803844 0.126720
v 0.197743 0.792228 0.125473
v 0.213881 0.796471 0.122100
v 0.216249 0.799866 0.120012
v 0.226769 0.803154 0.116120
v 0.234095 0.812172 0.113209
v 0.229083 0.821507 0.113255
v 0.178685 0.768558 0.132475
v 0.169092 0.764378 0.133093
v 0.172746 0.753489 0.137124
v 0.171604 0.750849 0.138169
v 0.157442 0.747660 0.141185
v 0.159041 0.737321 0.145608
v 0.159156 0.714993 0.152368
v 0.169548 0.714883 0.150532
v 0.199585 0.723462 0.141246
v 0.231106 0.727312 0.132574
v 0.236474 0.734351 0.127435
v 0.250522 0.741940 0.121576
v 0.253854 0.748072 0.118934
v 0.252120 0.754369 0.118913
v 0.254367 0.761650 0.114883
v 0.251115 0.770204 0.115130
v 0.255953 0.780363 0.110031
v 0.254208 0.791438 0.112611
v 0.244770 0.790369 0.113057
v 0.231366 0.777002 0.118057
v 0.211776 0.771350 0.124055
v 0.194248 0.773280 0.127466
v 0.176404 0.776620 0.131207
v 0.176086 0.772343 0.132229
v 0.301076 0.802873 0.099475
v 0.324887 0.794040 0.096524
v 0.353659 0.789136 0.096198
v 0.386069 0.790792 0.095675
v 0.390368 0.784040 0.092300
v 0.389442 0.774803 0.089423
v 0.377669 0.764420 0.091523
v 0.358553 0.758751 0.094087
v 0.333088 0.762064 0.097784
v 0.335073 0.768370 0.098279
v 0.332163 0.776141 0.097724
v 0.322771 0.780855 0.098390
v 0.310270 0.779390 0.100488
v 0.303391 0.776587 0.098894
v 0.297571 0.781492 0.100990
v 0.298364 0.785229 0.099646
v 0.305706 0.788371 0.098613
v 0.304582 0.791684 0.099244
v 0.293867 0.798563 0.100590
v 0.291684 0.804870 0.101224
v 0.350440 0.739693 0.101655
v 0.335749 0.726298 0.106535
v 0.318793 0.706205 0.113863
v 0.296757 0.717869 0.115991
v 0.270736 0.725696 0.121433
v 0.283551 0.732770 0.114360
v 0.290193 0.733748 0.110942
v 0.295663 0.730286 0.110325
v 0.299882 0.731114 0.111114
v 0.299257 0.743682 0.108069
v 0.306212 0.757829 0.103739
v 0.321919 0.747971 0.104506
v 0.134712 0.793822 0.132982
v 0.112995 0.781469 0.139213
v 0.136062 0.772799 0.139512
v 0.139775 0.791113 0.133025
v 0.160758 0.689322 0.155079
v 0.152771 0.675517 0.158850
v 0.164114 0.677159 0.157680
v 0.167857 0.686438 0.153755
v 0.246493 0.905062 0.116055
v 0.121961 0.903894 0.130158
v 0.371024 0.906230 0.101953
v -0.111150 0.903257 0.236850
v -0.395753 0.903257 0.175269
v -0.281850 0.903257 -0.335156
v -0.285407 0.903257 0.191580
v -0.495613 0.903257 0.183591
v -0.533166 0.903257 -0.336820
v -0.540689 0.903257 0.193993
v -0.593445 0.903257 0.184829
v -0.600493 0.903257 0.025316
v -0.627102 0.903257 0.158263
v -0.636592 0.903257 0.097798
v -0.640677 0.903257 0.130155
v -0.599175 0.903257 -0.030054
v -0.679516 0.903257 -0.171646
v -0.620082 0.903257 -0.099245
v -0.744300 0.903257 -0.218631
v -0.762646 0.903257 -0.255166
v -0.703930 0.903257 -0.331625
v -0.748672 0.903257 -0.304766
v -0.748672 0.914607 -0.304766
v -0.703930 0.914607 -0.331625
v -0.762646 0.914607 -0.255166
v -0.744300 0.914607 -0.218631
v -0.620082 0.914607 -0.099245
v -0.679516 0.914607 -0.171646
v -0.599175 0.914607 -0.030054
v -0.640677 0.914607 0.130155
v -0.636592 0.914607 0.097798
v -0.627102 0.914607 0.158263
v -0.600493 0.914607 0.025316
v -0.593445 0.914607 0.184829
v -0.540689 0.914607 0.193993
v -0.533166 0.914607 -0.336820
v -0.495613 0.914607 0.183591
v -0.285407 0.914607 0.191580
v -0.281850 0.914607 -0.335156
v -0.395753 0.914607 0.175269
v -0.111150 0.914607 0.236850
v -0.746133 0.923459 -0.302827
v -0.703048 0.923459 -0.328691
v -0.759476 0.923459 -0.255470
v -0.741971 0.923459 -0.220610
v -0.617411 0.923459 -0.100671
v -0.677463 0.923459 -0.173826
v -0.596195 0.923459 -0.030458
v -0.637654 0.923459 0.129588
v -0.633685 0.923459 0.098645
v -0.624726 0.923459 0.156356
v -0.597540 0.923459 0.026067
v -0.592196 0.923459 0.182032
v -0.540772 0.923459 0.190965
v -0.533165 0.923459 -0.333850
v -0.496073 0.923459 0.180650
v -0.284815 0.923459 0.188666
v -0.281852 0.923459 -0.332186
v -0.395658 0.923459 0.172282
v -0.110590 0.923459 0.233928
v -0.741056 0.928217 -0.298948
v -0.701285 0.928217 -0.322822
v -0.753135 0.928217 -0.256076
v -0.737313 0.928217 -0.224568
v -0.612069 0.928217 -0.103523
v -0.673358 0.928217 -0.178185
v -0.590236 0.928217 -0.031267
v -0.631606 0.928217 0.128454
v -0.627871 0.928217 0.100338
v -0.619973 0.928217 0.152541
v -0.591635 0.928217 0.027569
v -0.589697 0.928217 0.176438
v -0.540938 0.928217 0.184908
v -0.533165 0.928217 -0.327911
v -0.496992 0.928217 0.174767
v -0.283631 0.928217 0.182837
v -0.281855 0.928217 -0.326247
v -0.395468 0.928217 0.166306
v -0.109469 0.928217 0.228083
v -0.730901 0.928217 -0.291190
v -0.697758 0.928217 -0.311085
v -0.740452 0.928217 -0.257289
v -0.727997 0.928217 -0.232485
v -0.601384 0.928217 -0.109228
v -0.665147 0.928217 -0.186903
v -0.578316 0.928217 -0.032884
v -0.619511 0.928217 0.126186
v -0.616245 0.928217 0.103724
v -0.610466 0.928217 0.144913
v -0.579826 0.928217 0.030574
v -0.584700 0.928217 0.165250
v -0.541270 0.928217 0.172794
v -0.533163 0.928217 -0.316031
v -0.498830 0.928217 0.163001
v -0.281262 0.928217 0.171180
v -0.281861 0.928217 -0.314369
v -0.395087 0.928217 0.154355
v -0.107227 0.928217 0.216393
v -0.730901 0.930058 -0.291190
v -0.697758 0.930058 -0.311085
v -0.740452 0.930058 -0.257289
v -0.727997 0.930058 -0.232485
v -0.601384 0.930058 -0.109228
v -0.665147 0.930058 -0.186903
v -0.578316 0.930058 -0.032884
v -0.619511 0.930058 0.126186
v -0.616245 0.930058 0.103724
v -0.610466 0.930058 0.144913
v -0.579826 0.930058 0.030574
v -0.584700 0.930058 0.165250
v -0.541270 0.930058 0.172794
v -0.533163 0.930057 -0.316031
v -0.498830 0.930058 0.163001
v -0.281262 0.930058 0.171180
v -0.281861 0.930057 -0.314369
v -0.395087 0.930058 0.154355
v -0.107227 0.930058 0.216393
v -0.715669 0.931616 -0.279553
v -0.692468 0.931616 -0.293480
v -0.721429 0.931616 -0.259109
v -0.714022 0.931616 -0.244359
v -0.585357 0.931616 -0.117785
v -0.652830 0.931616 -0.199980
v -0.560436 0.931616 -0.035309
v -0.601367 0.931616 0.122784
v -0.598804 0.931616 0.108804
v -0.596207 0.931616 0.133469
v -0.562111 0.931616 0.035080
v -0.577204 0.931616 0.148469
v -0.541768 0.931616 0.154624
v -0.533162 0.931616 -0.298212
v -0.501587 0.931616 0.145352
v -0.277709 0.931616 0.153695
v -0.281871 0.931616 -0.296552
v -0.394517 0.931616 0.136429
v -0.103863 0.931616 0.198858
v -0.708053 0.940498 -0.273734
v -0.689823 0.940498 -0.284678
v -0.711917 0.940498 -0.260019
v -0.707035 0.940498 -0.250297
v -0.577344 0.940498 -0.122063
v -0.646672 0.940498 -0.206518
v -0.551496 0.940498 -0.036522
v -0.592296 0.940498 0.121083
v -0.590084 0.940498 0.111344
v -0.588698 0.940498 0.129282
v -0.553253 0.940498 0.037333
v -0.573097 0.940498 0.141911
v -0.542017 0.940498 0.145539
v -0.533161 0.940498 -0.289303
v -0.502966 0.940498 0.136527
v -0.275933 0.940498 0.144952
v -0.281876 0.940498 -0.287644
v -0.394232 0.940498 0.127466
v -0.102182 0.940498 0.190091
v -0.705514 0.949066 -0.271795
v -0.688941 0.949066 -0.281744
v -0.708747 0.949066 -0.260322
v -0.704706 0.949066 -0.252276
v -0.574672 0.949066 -0.123489
v -0.644619 0.949066 -0.208698
v -0.548516 0.949066 -0.036926
v -0.589272 0.949066 0.120516
v -0.587177 0.949066 0.112190
v -0.586322 0.949066 0.127375
v -0.550301 0.949066 0.038085
v -0.571848 0.949066 0.139114
v -0.542100 0.949066 0.142511
v -0.533160 0.949066 -0.286333
v -0.503425 0.949066 0.133586
v -0.275341 0.949066 0.142038
v -0.281877 0.949066 -0.284674
v -0.394137 0.949066 0.124478
v -0.101621 0.949066 0.187168
v -0.055355 0.903257 0.247072
v -0.055355 0.914607 0.247072
v -0.055075 0.923459 0.243928
v -0.054515 0.928217 0.237640
v -0.053393 0.928217 0.225064
v -0.053393 0.930058 0.225064
v -0.051712 0.931616 0.206201
v -0.050871 0.940498 0.196769
v -0.050591 0.949066 0.193625
v -0.200043 0.903257 0.211150
v -0.200043 0.914607 0.211150
v -0.199467 0.923459 0.208232
v -0.198314 0.928217 0.202395
v -0.196009 0.928217 0.190722
v -0.196009 0.930058 0.190722
v -0.192551 0.931616 0.173212
v -0.190822 0.940498 0.164457
v -0.190245 0.949066 0.161538
v -0.445516 0.903257 0.177201
v -0.445516 0.914607 0.177201
v -0.445698 0.923459 0.174237
v -0.446063 0.928217 0.168307
v -0.446792 0.928217 0.156449
v -0.446792 0.930058 0.156449
v -0.447885 0.931616 0.138661
v -0.448432 0.940498 0.129767
v -0.448614 0.949066 0.126803
v -0.612199 0.903257 0.051152
v -0.612199 0.914607 0.051152
v -0.609399 0.923459 0.052314
v -0.603799 0.928217 0.054637
v -0.592599 0.928217 0.059284
v -0.592599 0.930058 0.059284
v -0.575799 0.931616 0.066255
v -0.567399 0.940498 0.069740
v -0.564600 0.949066 0.070902
v -0.597280 0.903257 -0.003391
v -0.597280 0.914607 -0.003391
v -0.594314 0.923459 -0.003217
v -0.588381 0.928217 -0.002871
v -0.576517 0.928217 -0.002177
v -0.576517 0.930058 -0.002177
v -0.558719 0.931616 -0.001136
v -0.549821 0.940498 -0.000616
v -0.546854 0.949066 -0.000442
v -0.606239 0.903257 -0.065253
v -0.606239 0.914607 -0.065253
v -0.603414 0.923459 -0.066169
v -0.597762 0.928217 -0.067999
v -0.586460 0.928217 -0.071660
v -0.586460 0.930058 -0.071660
v -0.569507 0.931616 -0.077151
v -0.561030 0.940498 -0.079896
v -0.558204 0.949066 -0.080811
v -0.640152 0.903257 -0.128152
v -0.640152 0.914607 -0.128152
v -0.637717 0.923459 -0.129865
v -0.632846 0.928217 -0.133291
v -0.623104 0.928217 -0.140145
v -0.623104 0.930058 -0.140145
v -0.608491 0.931616 -0.150424
v -0.601185 0.940498 -0.155564
v -0.598749 0.949066 -0.157277
v -0.658859 0.903257 -0.150874
v -0.658859 0.914607 -0.150874
v -0.656615 0.923459 -0.152821
v -0.652126 0.928217 -0.156713
v -0.643150 0.928217 -0.164499
v -0.643150 0.930058 -0.164499
v -0.629686 0.931616 -0.176177
v -0.622953 0.940498 -0.182016
v -0.620709 0.949066 -0.183963
v -0.710608 0.903257 -0.196625
v -0.710608 0.914607 -0.196625
v -0.708417 0.923459 -0.198704
v -0.704035 0.928217 -0.202863
v -0.695272 0.928217 -0.211180
v -0.695272 0.930058 -0.211180
v -0.682126 0.931616 -0.223656
v -0.675553 0.940498 -0.229894
v -0.673362 0.949066 -0.231973
v -0.625190 0.903257 0.075373
v -0.625190 0.914607 0.075373
v -0.622333 0.923459 0.076368
v -0.616620 0.928217 0.078357
v -0.605194 0.928217 0.082336
v -0.605194 0.930058 0.082336
v -0.588055 0.931616 0.088304
v -0.579485 0.940498 0.091288
v -0.576629 0.949066 0.092283
v -0.567485 0.903257 0.192724
v -0.567485 0.914607 0.192724
v -0.566902 0.923459 0.189811
v -0.565736 0.928217 0.183986
v -0.563403 0.928217 0.172335
v -0.563403 0.930058 0.172335
v -0.559904 0.931616 0.154859
v -0.558155 0.940498 0.146121
v -0.557571 0.949066 0.143208
v -0.611389 0.903257 0.173218
v -0.611389 0.914607 0.173218
v -0.609576 0.923459 0.170866
v -0.605950 0.928217 0.166161
v -0.598698 0.928217 0.156753
v -0.598698 0.930058 0.156753
v -0.587820 0.931616 0.142641
v -0.582720 0.940498 0.136162
v -0.580907 0.949066 0.133810
v -0.758213 0.903257 -0.281785
v -0.758213 0.914607 -0.281785
v -0.755359 0.923459 -0.280967
v -0.749649 0.928217 -0.279331
v -0.738231 0.928217 -0.276058
v -0.738231 0.930058 -0.276058
v -0.721103 0.931616 -0.271150
v -0.712539 0.940498 -0.268695
v -0.709685 0.949066 -0.267877
v -0.756221 0.903257 -0.236047
v -0.756221 0.914607 -0.236047
v -0.753471 0.923459 -0.237189
v -0.747971 0.928217 -0.239471
v -0.736972 0.928217 -0.244036
v -0.736972 0.930058 -0.244036
v -0.720473 0.931616 -0.250883
v -0.710675 0.940498 -0.255128
v -0.707925 0.949066 -0.256269
v 0.112532 0.903257 0.236850
v 0.000691 0.903257 0.250886
v 0.397134 0.903257 0.175269
v 0.283232 0.903257 -0.335156
v 0.286788 0.903257 0.191580
v 0.496995 0.903257 0.183591
v 0.534547 0.903257 -0.336820
v 0.542071 0.903257 0.193993
v 0.594827 0.903257 0.184829
v 0.601874 0.903257 0.025316
v 0.628484 0.903257 0.158263
v 0.637973 0.903257 0.097798
v 0.642059 0.903257 0.130155
v 0.600557 0.903257 -0.030054
v 0.680897 0.903257 -0.171646
v 0.621464 0.903257 -0.099245
v 0.745682 0.903257 -0.218631
v 0.764028 0.903257 -0.255166
v 0.705311 0.903257 -0.331625
v 0.750053 0.903257 -0.304766
v 0.750053 0.914607 -0.304766
v 0.705311 0.914607 -0.331625
v 0.764028 0.914607 -0.255166
v 0.745682 0.914607 -0.218631
v 0.621464 0.914607 -0.099245
v 0.680897 0.914607 -0.171646
v 0.600557 0.914607 -0.030054
v 0.642059 0.914607 0.130155
v 0.637973 0.914607 0.097798
v 0.628484 0.914607 0.158263
v 0.601874 0.914607 0.025316
v 0.594827 0.914607 0.184829
v 0.542071 0.914607 0.193993
v 0.534547 0.914607 -0.336820
v 0.496995 0.914607 0.183591
v 0.286788 0.914607 0.191580
v 0.283232 0.914607 -0.335156
v 0.397134 0.914607 0.175269
v 0.000691 0.914607 0.250886
v 0.112532 0.914607 0.236850
v 0.747515 0.923459 -0.302827
v 0.704430 0.923459 -0.328691
v 0.760857 0.923459 -0.255470
v 0.743353 0.923459 -0.220610
v 0.618793 0.923459 -0.100671
v 0.678845 0.923459 -0.173826
v 0.597577 0.923459 -0.030458
v 0.639035 0.923459 0.129588
v 0.635066 0.923459 0.098645
v 0.626107 0.923459 0.156356
v 0.598922 0.923459 0.026067
v 0.593578 0.923459 0.182032
v 0.542154 0.923459 0.190965
v 0.534547 0.923459 -0.333850
v 0.497454 0.923459 0.180650
v 0.286196 0.923459 0.188666
v 0.283233 0.923459 -0.332186
v 0.397039 0.923459 0.172282
v 0.000691 0.923459 0.247520
v 0.111971 0.923459 0.233928
v 0.742437 0.928217 -0.298948
v 0.702666 0.928217 -0.322822
v 0.754516 0.928217 -0.256076
v 0.738694 0.928217 -0.224568
v 0.613450 0.928217 -0.103523
v 0.674739 0.928217 -0.178185
v 0.591617 0.928217 -0.031267
v 0.632987 0.928217 0.128454
v 0.629253 0.928217 0.100338
v 0.621354 0.928217 0.152541
v 0.593017 0.928217 0.027569
v 0.591079 0.928217 0.176438
v 0.542320 0.928217 0.184908
v 0.534546 0.928217 -0.327911
v 0.498373 0.928217 0.174767
v 0.285012 0.928217 0.182837
v 0.283236 0.928217 -0.326247
v 0.396849 0.928217 0.166306
v 0.000691 0.928217 0.240789
v 0.110850 0.928217 0.228083
v 0.732283 0.928217 -0.291190
v 0.699139 0.928217 -0.311085
v 0.741834 0.928217 -0.257289
v 0.729378 0.928217 -0.232485
v 0.602766 0.928217 -0.109228
v 0.666528 0.928217 -0.186903
v 0.579697 0.928217 -0.032884
v 0.620892 0.928217 0.126186
v 0.617626 0.928217 0.103724
v 0.611848 0.928217 0.144913
v 0.581207 0.928217 0.030574
v 0.586081 0.928217 0.165250
v 0.542652 0.928217 0.172794
v 0.534545 0.928217 -0.316031
v 0.500211 0.928217 0.163001
v 0.282643 0.928217 0.171180
v 0.283243 0.928217 -0.314369
v 0.396469 0.928217 0.154355
v 0.000691 0.928217 0.227327
v 0.108608 0.928217 0.216393
v 0.732283 0.930058 -0.291190
v 0.699139 0.930058 -0.311085
v 0.741834 0.930058 -0.257289
v 0.729378 0.930058 -0.232485
v 0.602766 0.930058 -0.109228
v 0.666528 0.930058 -0.186903
v 0.579697 0.930058 -0.032884
v 0.620892 0.930058 0.126186
v 0.617626 0.930058 0.103724
v 0.611848 0.930058 0.144913
v 0.581207 0.930058 0.030574
v 0.586081 0.930058 0.165250
v 0.542652 0.930058 0.172794
v 0.534545 0.930057 -0.316031
v 0.500211 0.930058 0.163001
v 0.282643 0.930058 0.171180
v 0.283243 0.930057 -0.314369
v 0.396469 0.930058 0.154355
v 0.000691 0.930058 0.227327
v 0.108608 0.930058 0.216393
v 0.717051 0.931616 -0.279553
v 0.693849 0.931616 -0.293480
v 0.722810 0.931616 -0.259109
v 0.715404 0.931616 -0.244359
v 0.586739 0.931616 -0.117785
v 0.654212 0.931616 -0.199980
v 0.561817 0.931616 -0.035309
v 0.602749 0.931616 0.122784
v 0.600186 0.931616 0.108804
v 0.597588 0.931616 0.133469
v 0.563492 0.931616 0.035080
v 0.578585 0.931616 0.148469
v 0.543150 0.931616 0.154624
v 0.534543 0.931616 -0.298212
v 0.502969 0.931616 0.145352
v 0.279090 0.931616 0.153695
v 0.283252 0.931616 -0.296552
v 0.395899 0.931616 0.136429
v 0.000691 0.931616 0.207135
v 0.105245 0.931616 0.198858
v 0.709435 0.940498 -0.273734
v 0.691204 0.940498 -0.284678
v 0.713299 0.940498 -0.260019
v 0.708417 0.940498 -0.250297
v 0.578725 0.940498 -0.122063
v 0.648053 0.940498 -0.206518
v 0.552877 0.940498 -0.036522
v 0.593677 0.940498 0.121083
v 0.591465 0.940498 0.111344
v 0.590080 0.940498 0.129282
v 0.554635 0.940498 0.037333
v 0.574479 0.940498 0.141911
v 0.543399 0.940498 0.145539
v 0.534542 0.940498 -0.289303
v 0.504347 0.940498 0.136527
v 0.277314 0.940498 0.144952
v 0.283257 0.940498 -0.287644
v 0.395613 0.940498 0.127466
v 0.000691 0.940498 0.197038
v 0.103563 0.940498 0.190091
v 0.706896 0.949066 -0.271795
v 0.690322 0.949066 -0.281744
v 0.710128 0.949066 -0.260322
v 0.706088 0.949066 -0.252276
v 0.576054 0.949066 -0.123489
v 0.646001 0.949066 -0.208698
v 0.549897 0.949066 -0.036926
v 0.590653 0.949066 0.120516
v 0.588559 0.949066 0.112190
v 0.587703 0.949066 0.127375
v 0.551682 0.949066 0.038085
v 0.573229 0.949066 0.139114
v 0.543482 0.949066 0.142511
v 0.534542 0.949066 -0.286333
v 0.504807 0.949066 0.133586
v 0.276722 0.949066 0.142038
v 0.283259 0.949066 -0.284674
v 0.395518 0.949066 0.124478
v 0.000691 0.949066 0.193673
v 0.103002 0.949066 0.187168
v 0.056737 0.903257 0.247072
v 0.056737 0.914607 0.247072
v 0.056456 0.923459 0.243928
v 0.055896 0.928217 0.237640
v 0.054775 0.928217 0.225064
v 0.054775 0.930058 0.225064
v 0.053093 0.931616 0.206201
v 0.052252 0.940498 0.196769
v 0.051972 0.949066 0.193625
v 0.201425 0.903257 0.211150
v 0.201425 0.914607 0.211150
v 0.200848 0.923459 0.208232
v 0.199696 0.928217 0.202395
v 0.197390 0.928217 0.190722
v 0.197390 0.930058 0.190722
v 0.193932 0.931616 0.173212
v 0.192203 0.940498 0.164457
v 0.191627 0.949066 0.161538
v 0.446897 0.903257 0.177201
v 0.446897 0.914607 0.177201
v 0.447080 0.923459 0.174237
v 0.447444 0.928217 0.168307
v 0.448173 0.928217 0.156449
v 0.448173 0.930058 0.156449
v 0.449266 0.931616 0.138661
v 0.449813 0.940498 0.129767
v 0.449995 0.949066 0.126803
v 0.613580 0.903257 0.051152
v 0.613580 0.914607 0.051152
v 0.610780 0.923459 0.052314
v 0.605180 0.928217 0.054637
v 0.593980 0.928217 0.059284
v 0.593980 0.930058 0.059284
v 0.577181 0.931616 0.066255
v 0.568781 0.940498 0.069740
v 0.565981 0.949066 0.070902
v 0.598661 0.903257 -0.003391
v 0.598661 0.914607 -0.003391
v 0.595695 0.923459 -0.003217
v 0.589763 0.928217 -0.002871
v 0.577898 0.928217 -0.002177
v 0.577898 0.930058 -0.002177
v 0.560101 0.931616 -0.001136
v 0.551202 0.940498 -0.000616
v 0.548236 0.949066 -0.000442
v 0.607620 0.903257 -0.065253
v 0.607620 0.914607 -0.065253
v 0.604795 0.923459 -0.066169
v 0.599144 0.928217 -0.067999
v 0.587842 0.928217 -0.071660
v 0.587842 0.930058 -0.071660
v 0.570888 0.931616 -0.077151
v 0.562411 0.940498 -0.079896
v 0.559586 0.949066 -0.080811
v 0.641533 0.903257 -0.128152
v 0.641533 0.914607 -0.128152
v 0.639098 0.923459 -0.129865
v 0.634227 0.928217 -0.133291
v 0.624485 0.928217 -0.140145
v 0.624485 0.930058 -0.140145
v 0.609873 0.931616 -0.150424
v 0.602566 0.940498 -0.155564
v 0.600131 0.949066 -0.157277
v 0.660240 0.903257 -0.150874
v 0.660240 0.914607 -0.150874
v 0.657996 0.923459 -0.152821
v 0.653508 0.928217 -0.156713
v 0.644531 0.928217 -0.164499
v 0.644531 0.930058 -0.164499
v 0.631067 0.931616 -0.176177
v 0.624335 0.940498 -0.182016
v 0.622090 0.949066 -0.183963
v 0.711989 0.903257 -0.196625
v 0.711989 0.914607 -0.196625
v 0.709798 0.923459 -0.198704
v 0.705417 0.928217 -0.202863
v 0.696653 0.928217 -0.211180
v 0.696653 0.930058 -0.211180
v 0.683508 0.931616 -0.223656
v 0.676935 0.940498 -0.229894
v 0.674744 0.949066 -0.231973
v 0.626571 0.903257 0.075373
v 0.626571 0.914607 0.075373
v 0.623715 0.923459 0.076368
v 0.618002 0.928217 0.078357
v 0.606575 0.928217 0.082336
v 0.606575 0.930058 0.082336
v 0.589436 0.931616 0.088304
v 0.580866 0.940498 0.091288
v 0.578010 0.949066 0.092283
v 0.568867 0.903257 0.192724
v 0.568867 0.914607 0.192724
v 0.568283 0.923459 0.189811
v 0.567117 0.928217 0.183986
v 0.564784 0.928217 0.172335
v 0.564784 0.930058 0.172335
v 0.561285 0.931616 0.154859
v 0.559536 0.940498 0.146121
v 0.558953 0.949066 0.143208
v 0.612770 0.903257 0.173218
v 0.612770 0.914607 0.173218
v 0.610957 0.923459 0.170866
v 0.607331 0.928217 0.166161
v 0.600079 0.928217 0.156753
v 0.600079 0.930058 0.156753
v 0.589201 0.931616 0.142641
v 0.584101 0.940498 0.136162
v 0.582288 0.949066 0.133810
v 0.759595 0.903257 -0.281785
v 0.759595 0.914607 -0.281785
v 0.756740 0.923459 -0.280967
v 0.751031 0.928217 -0.279331
v 0.739612 0.928217 -0.276058
v 0.739612 0.930058 -0.276058
v 0.722485 0.931616 -0.271150
v 0.713921 0.940498 -0.268695
v 0.711066 0.949066 -0.267877
v 0.757602 0.903257 -0.236047
v 0.757602 0.914607 -0.236047
v 0.754852 0.923459 -0.237189
v 0.749353 0.928217 -0.239471
v 0.738353 0.928217 -0.244036
v 0.738353 0.930058 -0.244036
v 0.721855 0.931616 -0.250883
v 0.712056 0.940498 -0.255128
v 0.709306 0.949066 -0.256269
v -0.752840 0.495335 -0.290882
v -0.734314 0.445607 -0.282624
v -0.727001 0.431538 -0.279365
v -0.715136 0.413208 -0.274076
v -0.702875 0.397764 -0.268611
v -0.630249 0.315644 -0.236241
v -0.595109 0.269437 -0.220579
v -0.581376 0.247886 -0.214458
v -0.569780 0.226336 -0.209289
v -0.559327 0.204201 -0.204630
v -0.553071 0.181983 -0.201842
v -0.550783 0.163523 -0.200822
v -0.551240 0.145899 -0.201026
v -0.552614 0.133537 -0.201638
v -0.562608 0.107142 -0.206093
v -0.570161 0.097870 -0.209459
v -0.582673 0.087930 -0.215036
v -0.604798 0.068385 -0.224897
v -0.611359 0.057443 -0.227822
v -0.612961 0.047921 -0.228536
v -0.610139 0.037563 -0.227278
v -0.603501 0.029294 -0.224319
v -0.595872 0.025786 -0.220919
v -0.580936 0.025279 -0.214261
v -0.691418 0.806565 -0.242442
v -0.687311 0.786629 -0.231851
v -0.686128 0.780991 -0.237204
v -0.710500 0.728326 -0.251578
v -0.721015 0.717873 -0.259860
v -0.725528 0.710456 -0.272032
v -0.742798 0.678576 -0.272697
v -0.762507 0.642452 -0.269415
v -0.766769 0.603833 -0.253645
v -0.766573 0.597143 -0.259111
v -0.767629 0.589364 -0.250747
v -0.761368 0.524045 -0.276305
v -0.751677 0.488504 -0.269415
v -0.733551 0.447234 -0.266332
v -0.726848 0.438938 -0.235443
v -0.723740 0.432897 -0.235454
v -0.708392 0.401974 -0.245153
v -0.632185 0.316160 -0.227795
v -0.597649 0.269437 -0.213933
v -0.584574 0.247886 -0.207478
v -0.571067 0.226336 -0.202775
v -0.560724 0.204201 -0.199672
v -0.553942 0.181983 -0.197679
v -0.552089 0.163523 -0.197043
v -0.552756 0.145899 -0.197625
v -0.554017 0.133537 -0.198490
v -0.564518 0.107142 -0.201363
v -0.572236 0.097220 -0.204803
v -0.607173 0.058602 -0.195351
v -0.612074 0.050833 -0.199737
v -0.612193 0.039555 -0.208715
v -0.603613 0.030697 -0.202242
v -0.594585 0.025521 -0.199636
v -0.588202 0.025614 -0.197959
v -0.658930 0.774179 -0.279288
v -0.660663 0.765409 -0.277754
v -0.667435 0.764499 -0.274129
v -0.668031 0.755719 -0.283194
v -0.675816 0.732497 -0.297585
v -0.668630 0.806429 -0.275783
v -0.658007 0.786494 -0.279810
v -0.661708 0.780856 -0.274206
v -0.677866 0.727757 -0.295547
v -0.681884 0.728742 -0.291129
v -0.686042 0.722969 -0.288297
v -0.716576 0.696515 -0.289554
v -0.726751 0.669134 -0.301999
v -0.720501 0.636179 -0.320985
v -0.701967 0.617872 -0.329447
v -0.716708 0.604067 -0.325037
v -0.685933 0.728157 -0.284371
v -0.699040 0.717703 -0.286835
v -0.710482 0.710287 -0.283462
v -0.723593 0.678406 -0.293459
v -0.735036 0.642282 -0.308721
v -0.726158 0.603664 -0.322433
v -0.730092 0.596973 -0.318633
v -0.741297 0.545829 -0.309110
v -0.732903 0.524159 -0.309385
v -0.730850 0.512111 -0.310647
v -0.692571 0.443867 -0.302808
v -0.724719 0.589197 -0.325073
v -0.739540 0.523878 -0.303331
v -0.727937 0.488337 -0.300730
v -0.713527 0.447067 -0.289311
v -0.705498 0.437023 -0.302110
v -0.552550 0.123228 -0.212586
v -0.557367 0.120484 -0.208426
v -0.687604 0.403898 -0.284129
v -0.649126 0.355488 -0.256395
v -0.541104 0.112949 -0.210484
v -0.539586 0.108276 -0.213423
v -0.686738 0.438785 -0.305273
v -0.681125 0.432671 -0.301374
v -0.678078 0.401748 -0.283476
v -0.614222 0.315935 -0.238407
v -0.580825 0.269211 -0.221989
v -0.567283 0.247661 -0.216582
v -0.554756 0.226111 -0.209680
v -0.545534 0.203976 -0.204063
v -0.539517 0.181757 -0.200351
v -0.537806 0.163298 -0.199399
v -0.538685 0.145673 -0.199505
v -0.540170 0.133311 -0.199865
v -0.543351 0.099436 -0.218469
v -0.535898 0.096856 -0.221926
v -0.538536 0.091696 -0.227395
v -0.550949 0.079726 -0.232815
v -0.588478 0.066100 -0.239040
v -0.575849 0.046316 -0.247703
v -0.582063 0.050993 -0.246243
v -0.567143 0.051137 -0.250748
v -0.556020 0.046817 -0.246495
v -0.553124 0.039608 -0.241395
v -0.592330 0.043565 -0.239394
v -0.577312 0.070053 -0.239174
v -0.571338 0.067121 -0.240706
v -0.579604 0.058602 -0.244273
v -0.586143 0.050833 -0.244985
v -0.592899 0.039555 -0.239072
v -0.665544 0.774314 -0.282236
v -0.667277 0.765545 -0.280702
v -0.675630 0.765983 -0.273466
v -0.675031 0.755854 -0.285275
v -0.683528 0.732632 -0.298070
v -0.684595 0.749889 -0.280893
v -0.695451 0.738781 -0.280620
v -0.687546 0.733616 -0.293653
v -0.691729 0.726373 -0.290832
v -0.725586 0.696684 -0.291665
v -0.751682 0.572105 -0.316098
v -0.742700 0.609783 -0.320257
v -0.749716 0.591537 -0.315472
v -0.746743 0.600079 -0.317851
v -0.735053 0.669304 -0.305699
v -0.728803 0.636349 -0.324685
v -0.710269 0.618041 -0.333148
v -0.725010 0.604237 -0.328737
v -0.746951 0.492418 -0.297498
v -0.758616 0.536708 -0.304513
v -0.732156 0.446327 -0.289013
v -0.749458 0.545996 -0.312747
v -0.741064 0.524326 -0.313023
v -0.739011 0.512278 -0.314284
v -0.704798 0.424555 -0.296552
v -0.700732 0.444034 -0.306446
v -0.698644 0.404124 -0.289050
v -0.660166 0.355714 -0.261315
v -0.557592 0.096894 -0.224133
v -0.560148 0.101429 -0.219251
v -0.569935 0.087950 -0.229730
v -0.552144 0.113174 -0.215405
v -0.550627 0.108502 -0.218343
v -0.554012 0.099571 -0.223221
v -0.546559 0.096991 -0.226678
v -0.548358 0.091831 -0.234029
v -0.561200 0.079268 -0.237705
v -0.582121 0.070053 -0.241317
v -0.576146 0.067121 -0.242849
v -0.593334 0.035884 -0.240364
v -0.579751 0.035392 -0.245955
v -0.566322 0.027127 -0.236241
v -0.570074 0.030317 -0.241595
v -0.581226 0.042306 -0.249524
v -0.587440 0.046984 -0.248065
v -0.572520 0.047127 -0.252570
v -0.561397 0.042807 -0.248316
v -0.558502 0.035598 -0.243217
v -0.605785 0.038674 -0.237044
v -0.600409 0.064279 -0.241031
v -0.608113 0.049552 -0.239412
v -0.591548 0.025982 -0.230619
v -0.577077 0.025453 -0.222918
v -0.606325 0.057077 -0.239117
v -0.599077 0.030285 -0.234245
v -0.683627 0.800755 -0.260032
v -0.675754 0.806565 -0.277586
v -0.665131 0.786629 -0.281612
v -0.668322 0.780991 -0.277154
v -0.695305 0.728326 -0.285670
v -0.708494 0.717873 -0.287952
v -0.720563 0.710456 -0.283172
v -0.732604 0.678576 -0.295570
v -0.743339 0.642452 -0.312421
v -0.734460 0.603833 -0.326134
v -0.738394 0.597143 -0.322334
v -0.732880 0.589364 -0.328711
v -0.747701 0.524045 -0.306968
v -0.736098 0.488504 -0.304368
v -0.721688 0.447234 -0.292949
v -0.694234 0.438938 -0.308614
v -0.692165 0.432897 -0.306295
v -0.689118 0.401974 -0.288397
v -0.625262 0.316160 -0.243328
v -0.591865 0.269437 -0.226910
v -0.578323 0.247886 -0.221503
v -0.565796 0.226336 -0.214601
v -0.556574 0.204201 -0.208984
v -0.550558 0.181983 -0.205272
v -0.548846 0.163523 -0.204319
v -0.549725 0.145899 -0.204426
v -0.551211 0.133537 -0.204786
v -0.560367 0.107142 -0.210675
v -0.568086 0.097220 -0.214115
v -0.584412 0.058602 -0.246416
v -0.590951 0.050833 -0.247128
v -0.597707 0.039555 -0.241215
v -0.587158 0.030697 -0.239161
v -0.579184 0.025521 -0.234191
v -0.573669 0.025614 -0.230564
v -0.502133 0.001414 -0.170794
v -0.484433 0.130103 -0.169276
v -0.506439 0.042628 -0.177120
v -0.657476 0.904688 -0.177464
v -0.641305 0.793179 -0.176599
v -0.654372 0.703694 -0.163077
v -0.663844 0.661363 -0.159271
v -0.696077 0.611128 -0.179283
v -0.694993 0.496970 -0.201680
v -0.678638 0.457367 -0.198429
v -0.641738 0.399366 -0.186981
v -0.588579 0.327499 -0.170115
v -0.517662 0.259991 -0.184705
v -0.492965 0.212260 -0.173238
v -0.482657 0.152953 -0.168452
v -0.486208 0.107253 -0.170101
v -0.497163 0.073327 -0.175187
v -0.506384 0.052174 -0.179468
v -0.577700 0.016263 -0.199623
v -0.569597 0.019039 -0.179215
v -0.527109 0.025062 -0.152443
v -0.554975 0.022252 -0.169908
v -0.578686 0.000020 -0.200237
v -0.558782 0.000020 -0.161431
v -0.525001 -0.000005 -0.152606
v -0.576500 0.000020 -0.182962
v -0.560315 0.094655 -0.196439
v -0.520701 0.133526 -0.160549
v -0.544648 0.120016 -0.178248
v -0.578686 0.024108 -0.200236
v -0.539344 0.261927 -0.158543
v -0.734048 0.864087 -0.244090
v -0.671521 0.765011 -0.239572
v -0.689726 0.737999 -0.248025
v -0.711849 0.712247 -0.258296
v -0.737228 0.661109 -0.270080
v -0.746662 0.619358 -0.274460
v -0.750923 0.581427 -0.276438
v -0.746886 0.527144 -0.274564
v -0.732513 0.472191 -0.267891
v -0.708214 0.422012 -0.256609
v -0.671799 0.372805 -0.239701
v -0.607090 0.300313 -0.209657
v -0.557710 0.231376 -0.195708
v -0.537490 0.182862 -0.188577
v -0.538749 0.137283 -0.189828
v -0.583288 0.075165 -0.203703
v -0.597033 0.059222 -0.204988
v -0.598992 0.046388 -0.205898
v -0.590242 0.032568 -0.196882
v -0.554437 0.033067 -0.170644
v -0.725814 0.857253 -0.230174
v -0.681650 0.850610 -0.194189
v -0.675234 0.802175 -0.201189
v -0.665839 0.783111 -0.194740
v -0.682854 0.721117 -0.187096
v -0.699439 0.681385 -0.185148
v -0.721534 0.645055 -0.199969
v -0.732639 0.613039 -0.209728
v -0.738048 0.578100 -0.216066
v -0.735852 0.534812 -0.219695
v -0.723446 0.483795 -0.221818
v -0.700874 0.438652 -0.218671
v -0.661644 0.387480 -0.206247
v -0.598930 0.314560 -0.190294
v -0.547864 0.246851 -0.179214
v -0.523969 0.194287 -0.170471
v -0.521068 0.149397 -0.164182
v -0.540900 0.096811 -0.163182
v -0.560510 0.075201 -0.168231
v -0.564489 0.044575 -0.166016
v -0.533409 0.039249 -0.154861
v -0.579130 0.026000 -0.182005
v -0.723835 0.882505 -0.239348
v -0.737113 0.845669 -0.245513
v -0.728846 0.822395 -0.248095
v -0.686190 0.905559 -0.227066
v -0.720197 0.808894 -0.244080
v -0.701716 0.799463 -0.235499
v -0.653095 0.843992 -0.180931
v -0.685017 0.793279 -0.221976
v -0.676368 0.776268 -0.217961
v -0.695935 0.735381 -0.221791
v -0.718801 0.706324 -0.233451
v -0.681149 0.630453 -0.167013
v -0.746342 0.661109 -0.250449
v -0.756548 0.619358 -0.253167
v -0.703405 0.574066 -0.191269
v -0.754866 0.581427 -0.251183
v -0.703669 0.542090 -0.197627
v -0.752744 0.528922 -0.245845
v -0.730686 0.472191 -0.236795
v -0.706036 0.422012 -0.229166
v -0.668380 0.376969 -0.215576
v -0.605270 0.306528 -0.198572
v -0.553837 0.233710 -0.187299
v -0.512578 0.207187 -0.147092
v -0.535411 0.188567 -0.181507
v -0.508247 0.152117 -0.138690
v -0.536578 0.142148 -0.179945
v -0.512591 0.126643 -0.135909
v -0.564743 0.086940 -0.185526
v -0.523712 0.090951 -0.134020
v -0.587362 0.067042 -0.178962
v -0.591195 0.048411 -0.179943
v -0.534534 0.061000 -0.137134
v -0.581789 0.033696 -0.179826
v -0.502932 0.029132 -0.173896
v -0.567802 0.016263 -0.220941
v -0.546983 0.019039 -0.227921
v -0.503085 0.025062 -0.203820
v -0.530438 0.022252 -0.222757
v -0.568907 0.000020 -0.221299
v -0.527989 0.000020 -0.227608
v -0.502887 -0.000005 -0.199966
v -0.554300 0.000020 -0.230776
v -0.554151 0.094655 -0.209715
v -0.501181 0.133582 -0.202606
v -0.484274 0.130103 -0.199472
v -0.530144 0.120016 -0.209487
v -0.568907 0.024108 -0.221299
v -0.719885 0.864087 -0.278596
v -0.708144 0.882505 -0.273144
v -0.676803 0.905611 -0.258593
v -0.702665 0.864087 -0.311682
v -0.724479 0.845669 -0.280729
v -0.721011 0.822395 -0.279119
v -0.712362 0.808894 -0.275103
v -0.693882 0.796531 -0.266522
v -0.669574 0.790253 -0.255236
v -0.658865 0.765011 -0.266832
v -0.677069 0.737999 -0.275285
v -0.699192 0.712247 -0.285556
v -0.724571 0.661109 -0.297339
v -0.734005 0.619358 -0.301720
v -0.738266 0.581427 -0.303698
v -0.734230 0.527144 -0.301824
v -0.719856 0.472191 -0.295150
v -0.695557 0.422012 -0.283869
v -0.659142 0.372805 -0.266961
v -0.594433 0.300313 -0.236917
v -0.551912 0.231376 -0.208197
v -0.533416 0.182862 -0.197352
v -0.535184 0.137283 -0.197507
v -0.574524 0.075165 -0.222577
v -0.584377 0.059222 -0.232248
v -0.586336 0.046388 -0.233158
v -0.573802 0.032568 -0.232291
v -0.530653 0.033067 -0.221871
v -0.686722 0.857253 -0.314372
v -0.626456 0.860229 -0.296010
v -0.631939 0.802175 -0.294438
v -0.620949 0.783111 -0.291423
v -0.626090 0.721117 -0.309353
v -0.635305 0.681385 -0.323281
v -0.660885 0.645055 -0.330595
v -0.675507 0.613039 -0.332779
v -0.683839 0.578100 -0.332822
v -0.685194 0.534812 -0.328802
v -0.678810 0.483795 -0.317955
v -0.661839 0.438652 -0.302744
v -0.627033 0.387480 -0.280792
v -0.574376 0.314560 -0.243179
v -0.532957 0.246851 -0.211319
v -0.510859 0.194287 -0.198708
v -0.504182 0.149397 -0.200550
v -0.516216 0.096811 -0.216345
v -0.532728 0.075201 -0.228068
v -0.533603 0.044575 -0.232536
v -0.508952 0.039249 -0.207175
v -0.555266 0.026000 -0.233403
v -0.692452 0.882505 -0.306940
v -0.705730 0.845669 -0.313105
v -0.702368 0.822395 -0.305123
v -0.658777 0.905559 -0.286108
v -0.693719 0.808894 -0.301107
v -0.602355 0.904688 -0.296183
v -0.675239 0.799463 -0.292527
v -0.602177 0.843991 -0.290599
v -0.654131 0.793279 -0.288497
v -0.604722 0.793592 -0.282180
v -0.645483 0.776268 -0.284481
v -0.601831 0.704235 -0.305903
v -0.661036 0.735381 -0.296957
v -0.601304 0.659177 -0.315972
v -0.684699 0.706324 -0.306901
v -0.615776 0.636407 -0.326541
v -0.715457 0.661109 -0.316970
v -0.638052 0.610478 -0.335772
v -0.724119 0.619358 -0.323013
v -0.651358 0.579693 -0.338390
v -0.721518 0.581427 -0.323008
v -0.656464 0.540612 -0.333733
v -0.716071 0.528922 -0.324832
v -0.651439 0.490821 -0.322586
v -0.694922 0.472191 -0.313822
v -0.637479 0.452428 -0.308818
v -0.673188 0.422012 -0.299915
v -0.605904 0.396333 -0.283262
v -0.638506 0.376969 -0.279918
v -0.558050 0.321523 -0.245061
v -0.584791 0.306528 -0.242681
v -0.521680 0.257722 -0.213132
v -0.542989 0.233710 -0.210665
v -0.496712 0.202511 -0.196908
v -0.526674 0.188567 -0.200327
v -0.482782 0.152953 -0.195075
v -0.526233 0.142148 -0.202226
v -0.548672 0.086940 -0.220140
v -0.558254 0.067042 -0.241655
v -0.487497 0.086332 -0.204042
v -0.561477 0.048411 -0.243950
v -0.497764 0.059417 -0.212450
v -0.555318 0.033696 -0.236840
v 0.682836 0.765409 -0.231106
v 0.684667 0.764499 -0.238566
v 0.691807 0.755719 -0.232950
v 0.707714 0.732497 -0.229118
v 0.686696 0.806429 -0.238349
v 0.682589 0.786494 -0.227757
v 0.680896 0.780856 -0.234256
v 0.707569 0.727757 -0.232006
v 0.706970 0.728742 -0.237947
v 0.707643 0.722969 -0.242933
v 0.728991 0.696515 -0.264800
v 0.745048 0.669134 -0.264047
v 0.754989 0.636179 -0.246707
v 0.748892 0.617871 -0.227266
v 0.755467 0.604067 -0.241177
v 0.704650 0.728157 -0.245476
v 0.715245 0.717703 -0.253576
v 0.720386 0.710287 -0.264341
v 0.736586 0.678406 -0.267408
v 0.755586 0.642282 -0.265715
v 0.759848 0.603664 -0.249945
v 0.759652 0.596973 -0.255411
v 0.760060 0.545829 -0.270111
v 0.754654 0.524159 -0.263684
v 0.754219 0.512111 -0.261314
v 0.722799 0.443867 -0.238087
v 0.760849 0.589197 -0.247110
v 0.754588 0.523878 -0.272668
v 0.744897 0.488337 -0.265777
v 0.726772 0.447067 -0.262694
v 0.730922 0.437024 -0.248167
v 0.562095 0.123228 -0.194271
v 0.562221 0.120484 -0.200635
v 0.705588 0.403898 -0.246880
v 0.659238 0.355488 -0.236806
v 0.552879 0.112949 -0.187165
v 0.554050 0.108276 -0.184071
v 0.720733 0.438785 -0.232102
v 0.714081 0.432671 -0.230533
v 0.698733 0.401748 -0.240233
v 0.622527 0.315935 -0.222874
v 0.587990 0.269211 -0.209012
v 0.574915 0.247661 -0.202557
v 0.561408 0.226111 -0.197855
v 0.551066 0.203976 -0.194751
v 0.544283 0.181757 -0.192759
v 0.542430 0.163298 -0.192123
v 0.543097 0.145673 -0.192705
v 0.544358 0.133311 -0.193569
v 0.560320 0.099436 -0.183497
v 0.557908 0.096856 -0.175644
v 0.563739 0.091696 -0.173949
v 0.576068 0.079726 -0.179557
v 0.605787 0.066100 -0.203305
v 0.603786 0.046316 -0.188122
v 0.606855 0.050993 -0.193719
v 0.600231 0.051137 -0.179611
v 0.589631 0.046817 -0.174183
v 0.583904 0.039608 -0.175439
v 0.608625 0.043565 -0.205933
v 0.598422 0.070053 -0.194912
v 0.595567 0.067121 -0.189445
v 0.603746 0.058602 -0.193208
v 0.608647 0.050833 -0.197594
v 0.608766 0.039555 -0.206572
v 0.689432 0.774314 -0.231740
v 0.689450 0.765545 -0.234054
v 0.689653 0.765983 -0.245104
v 0.698034 0.755854 -0.236764
v 0.713230 0.732632 -0.234529
v 0.701169 0.749889 -0.246807
v 0.708223 0.738781 -0.255062
v 0.712631 0.733616 -0.240471
v 0.701488 0.736666 -0.267377
v 0.713330 0.726373 -0.245467
v 0.733569 0.696429 -0.281677
v 0.736584 0.696684 -0.270089
v 0.772201 0.572105 -0.273162
v 0.769289 0.609783 -0.263702
v 0.770420 0.591537 -0.272119
v 0.770202 0.600079 -0.268317
v 0.753350 0.669304 -0.267748
v 0.763292 0.636349 -0.250407
v 0.757194 0.618041 -0.230966
v 0.763769 0.604237 -0.244877
v 0.755205 0.492418 -0.282079
v 0.768221 0.536708 -0.286064
v 0.739004 0.446327 -0.276748
v 0.768221 0.545996 -0.273748
v 0.762815 0.524326 -0.267321
v 0.762380 0.512278 -0.264951
v 0.726321 0.424555 -0.251362
v 0.730960 0.444034 -0.241724
v 0.716628 0.404124 -0.251801
v 0.667944 0.356704 -0.252426
v 0.670278 0.355714 -0.241727
v 0.574053 0.096894 -0.190301
v 0.572131 0.101429 -0.195467
v 0.586466 0.087950 -0.195739
v 0.563919 0.113174 -0.192085
v 0.565090 0.108502 -0.188992
v 0.570981 0.099571 -0.188249
v 0.568569 0.096991 -0.180395
v 0.575239 0.091832 -0.176819
v 0.586558 0.079268 -0.183912
v 0.603230 0.070053 -0.197055
v 0.600375 0.067121 -0.191588
v 0.610018 0.035884 -0.206032
v 0.605095 0.035392 -0.192192
v 0.588893 0.027127 -0.188699
v 0.595383 0.030317 -0.187911
v 0.608736 0.042306 -0.190903
v 0.611804 0.046984 -0.196500
v 0.605181 0.047127 -0.182393
v 0.594581 0.042807 -0.176965
v 0.588853 0.035598 -0.178220
v 0.615873 0.038674 -0.217511
v 0.615244 0.064279 -0.210847
v 0.619191 0.049552 -0.217659
v 0.601577 0.025982 -0.211218
v 0.586176 0.025453 -0.205604
v 0.617775 0.057077 -0.216526
v 0.609306 0.030285 -0.214393
v 0.680131 0.776935 -0.257858
v 0.724427 0.715015 -0.277602
v 0.751070 0.665508 -0.289477
v 0.765111 0.610515 -0.295735
v 0.764109 0.554946 -0.295289
v 0.556699 0.033696 -0.236840
v 0.499145 0.059417 -0.212450
v 0.562858 0.048411 -0.243950
v 0.488878 0.086332 -0.204042
v 0.559635 0.067042 -0.241655
v 0.550053 0.086940 -0.220140
v 0.527614 0.142148 -0.202226
v 0.484163 0.152953 -0.195075
v 0.528055 0.188567 -0.200327
v 0.498093 0.202511 -0.196908
v 0.544370 0.233710 -0.210665
v 0.523062 0.257722 -0.213132
v 0.586172 0.306528 -0.242681
v 0.559431 0.321523 -0.245061
v 0.639888 0.376969 -0.279918
v 0.607285 0.396333 -0.283262
v 0.674569 0.422012 -0.299915
v 0.638861 0.452428 -0.308818
v 0.696304 0.472191 -0.313822
v 0.652820 0.490821 -0.322586
v 0.717452 0.528922 -0.324832
v 0.657845 0.540612 -0.333733
v 0.722899 0.581427 -0.323008
v 0.652740 0.579693 -0.338390
v 0.725500 0.619358 -0.323013
v 0.639433 0.610478 -0.335772
v 0.716838 0.661109 -0.316970
v 0.617157 0.636407 -0.326541
v 0.686080 0.706324 -0.306901
v 0.602686 0.659177 -0.315972
v 0.662417 0.735381 -0.296957
v 0.603212 0.704235 -0.305903
v 0.646865 0.776268 -0.284481
v 0.606103 0.793592 -0.282180
v 0.655513 0.793279 -0.288497
v 0.603558 0.843991 -0.290599
v 0.676620 0.799463 -0.292527
v 0.603737 0.904688 -0.296183
v 0.695100 0.808894 -0.301107
v 0.660158 0.905559 -0.286108
v 0.703750 0.822395 -0.305123
v 0.707112 0.845669 -0.313105
v 0.693834 0.882505 -0.306940
v 0.556648 0.026000 -0.233403
v 0.510333 0.039249 -0.207175
v 0.534985 0.044575 -0.232536
v 0.534110 0.075201 -0.228068
v 0.517598 0.096811 -0.216345
v 0.505563 0.149397 -0.200550
v 0.512240 0.194287 -0.198708
v 0.534339 0.246851 -0.211319
v 0.575757 0.314560 -0.243179
v 0.628414 0.387480 -0.280792
v 0.663221 0.438652 -0.302744
v 0.680192 0.483795 -0.317955
v 0.686575 0.534812 -0.328803
v 0.685220 0.578100 -0.332822
v 0.676888 0.613039 -0.332779
v 0.662267 0.645055 -0.330595
v 0.636686 0.681385 -0.323281
v 0.627471 0.721117 -0.309353
v 0.622331 0.783111 -0.291423
v 0.633320 0.802175 -0.294438
v 0.627837 0.860229 -0.296010
v 0.688103 0.857253 -0.314372
v 0.532034 0.033067 -0.221871
v 0.575184 0.032568 -0.232291
v 0.587717 0.046388 -0.233158
v 0.585758 0.059222 -0.232248
v 0.575906 0.075165 -0.222577
v 0.536565 0.137283 -0.197507
v 0.534797 0.182862 -0.197352
v 0.553293 0.231376 -0.208197
v 0.595814 0.300313 -0.236917
v 0.660523 0.372805 -0.266961
v 0.696939 0.422012 -0.283869
v 0.721238 0.472191 -0.295151
v 0.735611 0.527144 -0.301824
v 0.739648 0.581427 -0.303698
v 0.735386 0.619358 -0.301720
v 0.725953 0.661109 -0.297339
v 0.700574 0.712247 -0.285556
v 0.678451 0.737999 -0.275285
v 0.660246 0.765011 -0.266832
v 0.670955 0.790253 -0.255236
v 0.695263 0.796531 -0.266522
v -0.762728 0.554946 -0.295289
v -0.763730 0.610515 -0.295735
v -0.749689 0.665508 -0.289477
v -0.723046 0.715015 -0.277602
v -0.678749 0.776935 -0.257858
v -0.607925 0.030285 -0.214393
v -0.616394 0.057077 -0.216526
v -0.584794 0.025453 -0.205604
v -0.600195 0.025982 -0.211218
v -0.617809 0.049552 -0.217659
v -0.613862 0.064279 -0.210847
v -0.614492 0.038674 -0.217511
v -0.587472 0.035598 -0.178220
v -0.593199 0.042807 -0.176965
v -0.603799 0.047127 -0.182393
v -0.610423 0.046984 -0.196500
v -0.607354 0.042306 -0.190903
v -0.594002 0.030317 -0.187911
v -0.587512 0.027127 -0.188699
v -0.603713 0.035392 -0.192192
v -0.608637 0.035884 -0.206032
v -0.598994 0.067121 -0.191588
v -0.601849 0.070053 -0.197055
v -0.585177 0.079268 -0.183912
v -0.573858 0.091832 -0.176819
v -0.567188 0.096991 -0.180395
v -0.569599 0.099571 -0.188249
v -0.563709 0.108502 -0.188992
v -0.562538 0.113174 -0.192085
v -0.585085 0.087950 -0.195739
v -0.570749 0.101429 -0.195467
v -0.572671 0.096894 -0.190301
v -0.668897 0.355714 -0.241727
v -0.666562 0.356704 -0.252426
v -0.715246 0.404124 -0.251801
v -0.729579 0.444034 -0.241724
v -0.724939 0.424555 -0.251362
v -0.760999 0.512278 -0.264951
v -0.761434 0.524326 -0.267321
v -0.766840 0.545996 -0.273748
v -0.737622 0.446327 -0.276748
v -0.766840 0.536708 -0.286064
v -0.753823 0.492418 -0.282079
v -0.762388 0.604237 -0.244877
v -0.755813 0.618041 -0.230966
v -0.761910 0.636349 -0.250407
v -0.751969 0.669304 -0.267748
v -0.768820 0.600079 -0.268317
v -0.769039 0.591537 -0.272119
v -0.767907 0.609783 -0.263702
v -0.770819 0.572105 -0.273162
v -0.735203 0.696684 -0.270089
v -0.732188 0.696429 -0.281676
v -0.711948 0.726373 -0.245467
v -0.700107 0.736666 -0.267377
v -0.711250 0.733616 -0.240471
v -0.706842 0.738781 -0.255062
v -0.699788 0.749889 -0.246807
v -0.711849 0.732632 -0.234529
v -0.696653 0.755854 -0.236764
v -0.688272 0.765983 -0.245104
v -0.688068 0.765545 -0.234054
v -0.688051 0.774314 -0.231740
v -0.607385 0.039555 -0.206572
v -0.607266 0.050833 -0.197594
v -0.602364 0.058602 -0.193208
v -0.594185 0.067121 -0.189445
v -0.597040 0.070053 -0.194912
v -0.607244 0.043565 -0.205933
v -0.582522 0.039608 -0.175439
v -0.588250 0.046817 -0.174183
v -0.598850 0.051137 -0.179611
v -0.605474 0.050993 -0.193719
v -0.602405 0.046316 -0.188122
v -0.604405 0.066100 -0.203305
v -0.574687 0.079726 -0.179557
v -0.562358 0.091696 -0.173949
v -0.556527 0.096856 -0.175644
v -0.558938 0.099436 -0.183497
v -0.542976 0.133311 -0.193569
v -0.541716 0.145673 -0.192705
v -0.541049 0.163298 -0.192123
v -0.542902 0.181757 -0.192759
v -0.549684 0.203976 -0.194751
v -0.560027 0.226111 -0.197855
v -0.573534 0.247661 -0.202557
v -0.586609 0.269211 -0.209012
v -0.621145 0.315935 -0.222874
v -0.697352 0.401748 -0.240233
v -0.712700 0.432671 -0.230533
v -0.719351 0.438785 -0.232102
v -0.552669 0.108276 -0.184071
v -0.551498 0.112949 -0.187165
v -0.657857 0.355488 -0.236806
v -0.704206 0.403898 -0.246880
v -0.560840 0.120484 -0.200635
v -0.560713 0.123228 -0.194271
v -0.729541 0.437024 -0.248167
v -0.725390 0.447067 -0.262694
v -0.743516 0.488337 -0.265777
v -0.753207 0.523878 -0.272668
v -0.759468 0.589197 -0.247110
v -0.721418 0.443867 -0.238087
v -0.752838 0.512111 -0.261314
v -0.753273 0.524159 -0.263684
v -0.758679 0.545829 -0.270111
v -0.758271 0.596973 -0.255411
v -0.758467 0.603664 -0.249945
v -0.754205 0.642282 -0.265715
v -0.735204 0.678406 -0.267408
v -0.719005 0.710287 -0.264341
v -0.713864 0.717703 -0.253576
v -0.703269 0.728157 -0.245476
v -0.754086 0.604067 -0.241177
v -0.747511 0.617871 -0.227266
v -0.753608 0.636179 -0.246707
v -0.743667 0.669134 -0.264047
v -0.727609 0.696515 -0.264800
v -0.706261 0.722969 -0.242933
v -0.705588 0.728742 -0.237947
v -0.706187 0.727757 -0.232006
v -0.679514 0.780856 -0.234256
v -0.681207 0.786494 -0.227757
v -0.685315 0.806429 -0.238349
v -0.706333 0.732497 -0.229118
v -0.690426 0.755719 -0.232950
v -0.683286 0.764499 -0.238566
v -0.681454 0.765409 -0.231106
v -0.681437 0.774179 -0.228793
v 0.713743 0.808894 -0.275103
v 0.722392 0.822395 -0.279119
v 0.725860 0.845669 -0.280729
v 0.704047 0.864087 -0.311682
v 0.678184 0.905611 -0.258593
v 0.709525 0.882505 -0.273144
v 0.721267 0.864087 -0.278596
v 0.570289 0.024108 -0.221299
v 0.531526 0.120016 -0.209487
v 0.485656 0.130103 -0.199472
v 0.502562 0.133582 -0.202606
v 0.555532 0.094655 -0.209715
v 0.555682 0.000020 -0.230776
v 0.504268 -0.000005 -0.199966
v 0.529370 0.000020 -0.227608
v 0.570289 0.000020 -0.221299
v 0.531819 0.022252 -0.222757
v 0.504467 0.025062 -0.203820
v 0.548364 0.019039 -0.227921
v 0.569183 0.016263 -0.220941
v 0.504313 0.029132 -0.173896
v 0.583171 0.033696 -0.179826
v 0.535916 0.061000 -0.137134
v 0.592576 0.048411 -0.179943
v 0.588743 0.067042 -0.178962
v 0.525093 0.090951 -0.134020
v 0.566124 0.086940 -0.185526
v 0.513972 0.126643 -0.135909
v 0.537960 0.142148 -0.179945
v 0.509629 0.152117 -0.138690
v 0.536793 0.188567 -0.181507
v 0.513960 0.207187 -0.147092
v 0.555219 0.233710 -0.187299
v 0.606652 0.306528 -0.198572
v 0.669761 0.376969 -0.215576
v 0.707418 0.422012 -0.229166
v 0.732067 0.472191 -0.236795
v 0.754125 0.528922 -0.245845
v 0.705050 0.542090 -0.197627
v 0.756247 0.581427 -0.251183
v 0.704787 0.574066 -0.191269
v 0.757929 0.619358 -0.253167
v 0.747723 0.661109 -0.250449
v 0.682531 0.630453 -0.167013
v 0.720183 0.706324 -0.233451
v 0.697316 0.735381 -0.221791
v 0.677750 0.776268 -0.217961
v 0.686398 0.793279 -0.221976
v 0.654476 0.843992 -0.180931
v 0.703098 0.799463 -0.235499
v 0.721578 0.808894 -0.244080
v 0.687571 0.905559 -0.227066
v 0.730227 0.822395 -0.248095
v 0.738495 0.845669 -0.245513
v 0.725217 0.882505 -0.239348
v 0.580511 0.026000 -0.182005
v 0.534790 0.039249 -0.154861
v 0.565870 0.044575 -0.166016
v 0.561892 0.075201 -0.168231
v 0.542281 0.096811 -0.163182
v 0.522449 0.149397 -0.164182
v 0.525351 0.194287 -0.170471
v 0.549245 0.246851 -0.179214
v 0.600312 0.314560 -0.190294
v 0.663025 0.387480 -0.206247
v 0.702255 0.438652 -0.218671
v 0.724827 0.483795 -0.221818
v 0.737233 0.534812 -0.219695
v 0.739430 0.578100 -0.216066
v 0.734020 0.613039 -0.209728
v 0.722916 0.645055 -0.199969
v 0.700821 0.681385 -0.185148
v 0.684235 0.721117 -0.187096
v 0.667220 0.783111 -0.194740
v 0.676615 0.802175 -0.201189
v 0.683031 0.850610 -0.194189
v 0.727196 0.857253 -0.230174
v 0.555819 0.033067 -0.170644
v 0.591624 0.032568 -0.196882
v 0.600374 0.046388 -0.205898
v 0.598415 0.059222 -0.204988
v 0.584669 0.075165 -0.203703
v 0.540130 0.137283 -0.189828
v 0.538871 0.182862 -0.188577
v 0.559092 0.231376 -0.195708
v 0.608471 0.300313 -0.209657
v 0.673180 0.372805 -0.239701
v 0.709595 0.422012 -0.256609
v 0.733895 0.472191 -0.267891
v 0.748268 0.527144 -0.274564
v 0.752304 0.581427 -0.276438
v 0.748043 0.619358 -0.274460
v 0.738609 0.661109 -0.270080
v 0.713230 0.712247 -0.258296
v 0.691107 0.737999 -0.248025
v 0.672903 0.765011 -0.239572
v 0.735430 0.864087 -0.244090
v 0.540725 0.261927 -0.158543
v 0.580068 0.024108 -0.200236
v 0.546030 0.120016 -0.178248
v 0.522082 0.133526 -0.160549
v 0.561696 0.094655 -0.196439
v 0.577881 0.000020 -0.182962
v 0.526383 -0.000005 -0.152606
v 0.560163 0.000020 -0.161431
v 0.580068 0.000020 -0.200237
v 0.556357 0.022252 -0.169908
v 0.528490 0.025062 -0.152443
v 0.570978 0.019039 -0.179215
v 0.579081 0.016263 -0.199623
v 0.507766 0.052174 -0.179468
v 0.498544 0.073327 -0.175187
v 0.487589 0.107253 -0.170101
v 0.484039 0.152953 -0.168452
v 0.494347 0.212260 -0.173238
v 0.519044 0.259991 -0.184705
v 0.589960 0.327499 -0.170115
v 0.643119 0.399366 -0.186981
v 0.680019 0.457367 -0.198429
v 0.696375 0.496970 -0.201680
v 0.697458 0.611128 -0.179283
v 0.665225 0.661363 -0.159271
v 0.655753 0.703694 -0.163077
v 0.642686 0.793179 -0.176599
v 0.658857 0.904688 -0.177464
v 0.507821 0.042628 -0.177120
v 0.485814 0.130103 -0.169276
v 0.503515 0.001414 -0.170794
v 0.575051 0.025614 -0.230564
v 0.580565 0.025521 -0.234191
v 0.588539 0.030697 -0.239161
v 0.599089 0.039555 -0.241215
v 0.592333 0.050833 -0.247128
v 0.585794 0.058602 -0.246416
v 0.569467 0.097220 -0.214115
v 0.561749 0.107142 -0.210675
v 0.552592 0.133537 -0.204786
v 0.551106 0.145899 -0.204426
v 0.550227 0.163523 -0.204319
v 0.551939 0.181983 -0.205272
v 0.557955 0.204201 -0.208984
v 0.567178 0.226336 -0.214601
v 0.579705 0.247886 -0.221503
v 0.593246 0.269437 -0.226910
v 0.626644 0.316160 -0.243328
v 0.690499 0.401974 -0.288397
v 0.693546 0.432897 -0.306295
v 0.695616 0.438938 -0.308614
v 0.723069 0.447234 -0.292949
v 0.737479 0.488504 -0.304368
v 0.749082 0.524045 -0.306968
v 0.734261 0.589364 -0.328711
v 0.739775 0.597143 -0.322334
v 0.735841 0.603833 -0.326134
v 0.744720 0.642452 -0.312421
v 0.733985 0.678576 -0.295570
v 0.721945 0.710456 -0.283172
v 0.709875 0.717873 -0.287952
v 0.696687 0.728326 -0.285670
v 0.669703 0.780991 -0.277154
v 0.666513 0.786629 -0.281612
v 0.677136 0.806565 -0.277586
v 0.685009 0.800755 -0.260033
v 0.600458 0.030285 -0.234245
v 0.607706 0.057077 -0.239117
v 0.578458 0.025453 -0.222918
v 0.592929 0.025982 -0.230619
v 0.609495 0.049552 -0.239412
v 0.601791 0.064279 -0.241031
v 0.607167 0.038674 -0.237044
v 0.559883 0.035598 -0.243217
v 0.562779 0.042807 -0.248316
v 0.573902 0.047127 -0.252570
v 0.588822 0.046984 -0.248065
v 0.582608 0.042306 -0.249524
v 0.571455 0.030317 -0.241595
v 0.567703 0.027127 -0.236241
v 0.581132 0.035392 -0.245955
v 0.594716 0.035884 -0.240364
v 0.577527 0.067121 -0.242849
v 0.583502 0.070053 -0.241317
v 0.562582 0.079268 -0.237705
v 0.549740 0.091831 -0.234030
v 0.547941 0.096991 -0.226678
v 0.555393 0.099571 -0.223221
v 0.552008 0.108502 -0.218343
v 0.553526 0.113174 -0.215405
v 0.571316 0.087950 -0.229730
v 0.561530 0.101429 -0.219251
v 0.558973 0.096894 -0.224133
v 0.661547 0.355714 -0.261315
v 0.700026 0.404124 -0.289050
v 0.702113 0.444034 -0.306446
v 0.706179 0.424555 -0.296552
v 0.740392 0.512278 -0.314284
v 0.742445 0.524326 -0.313023
v 0.750839 0.545996 -0.312747
v 0.733537 0.446327 -0.289013
v 0.759998 0.536708 -0.304513
v 0.748332 0.492418 -0.297498
v 0.726391 0.604237 -0.328737
v 0.711651 0.618041 -0.333148
v 0.730185 0.636349 -0.324685
v 0.736435 0.669304 -0.305699
v 0.748124 0.600079 -0.317851
v 0.751098 0.591537 -0.315472
v 0.744082 0.609783 -0.320257
v 0.753064 0.572105 -0.316098
v 0.726968 0.696684 -0.291665
v 0.693110 0.726373 -0.290832
v 0.688927 0.733616 -0.293653
v 0.696832 0.738781 -0.280620
v 0.685977 0.749889 -0.280893
v 0.684909 0.732632 -0.298070
v 0.676413 0.755854 -0.285275
v 0.677012 0.765983 -0.273466
v 0.668658 0.765545 -0.280702
v 0.666925 0.774314 -0.282236
v 0.594280 0.039555 -0.239072
v 0.587524 0.050833 -0.244985
v 0.580985 0.058602 -0.244273
v 0.572719 0.067121 -0.240706
v 0.578694 0.070053 -0.239174
v 0.593711 0.043565 -0.239394
v 0.554506 0.039608 -0.241395
v 0.557401 0.046817 -0.246495
v 0.568524 0.051137 -0.250748
v 0.583444 0.050993 -0.246243
v 0.577230 0.046316 -0.247703
v 0.589859 0.066100 -0.239040
v 0.552331 0.079726 -0.232815
v 0.539918 0.091696 -0.227395
v 0.537280 0.096856 -0.221926
v 0.544732 0.099436 -0.218469
v 0.541552 0.133311 -0.199865
v 0.540066 0.145673 -0.199505
v 0.539187 0.163298 -0.199399
v 0.540899 0.181757 -0.200351
v 0.546915 0.203976 -0.204063
v 0.556137 0.226111 -0.209680
v 0.568664 0.247661 -0.216582
v 0.582206 0.269211 -0.221990
v 0.615603 0.315935 -0.238407
v 0.679459 0.401748 -0.283476
v 0.682506 0.432671 -0.301374
v 0.688119 0.438785 -0.305273
v 0.540968 0.108276 -0.213423
v 0.542485 0.112949 -0.210484
v 0.650507 0.355488 -0.256395
v 0.688985 0.403898 -0.284129
v 0.558749 0.120484 -0.208426
v 0.553932 0.123228 -0.212586
v 0.706879 0.437023 -0.302110
v 0.714908 0.447067 -0.289311
v 0.729318 0.488337 -0.300730
v 0.740921 0.523878 -0.303331
v 0.726100 0.589197 -0.325073
v 0.693952 0.443867 -0.302808
v 0.732231 0.512111 -0.310647
v 0.734284 0.524159 -0.309385
v 0.742678 0.545829 -0.309110
v 0.731473 0.596973 -0.318633
v 0.727539 0.603664 -0.322433
v 0.736418 0.642282 -0.308721
v 0.724975 0.678406 -0.293459
v 0.711864 0.710287 -0.283462
v 0.700421 0.717703 -0.286835
v 0.687314 0.728157 -0.284371
v 0.718089 0.604067 -0.325037
v 0.703349 0.617872 -0.329447
v 0.721883 0.636179 -0.320985
v 0.728133 0.669134 -0.301999
v 0.717957 0.696515 -0.289554
v 0.687423 0.722969 -0.288297
v 0.683266 0.728742 -0.291129
v 0.679247 0.727757 -0.295547
v 0.663090 0.780856 -0.274206
v 0.659388 0.786494 -0.279810
v 0.670011 0.806429 -0.275783
v 0.677198 0.732497 -0.297585
v 0.669413 0.755719 -0.283194
v 0.668816 0.764499 -0.274129
v 0.662044 0.765409 -0.277754
v 0.660312 0.774179 -0.279288
v 0.589583 0.025614 -0.197959
v 0.595967 0.025521 -0.199636
v 0.604994 0.030697 -0.202242
v 0.613575 0.039555 -0.208715
v 0.613455 0.050833 -0.199737
v 0.608554 0.058602 -0.195351
v 0.573618 0.097220 -0.204803
v 0.565899 0.107142 -0.201363
v 0.555398 0.133537 -0.198490
v 0.554137 0.145899 -0.197625
v 0.553470 0.163523 -0.197043
v 0.555323 0.181983 -0.197679
v 0.562106 0.204201 -0.199672
v 0.572448 0.226336 -0.202775
v 0.585956 0.247886 -0.207478
v 0.599030 0.269437 -0.213933
v 0.633567 0.316160 -0.227795
v 0.709773 0.401974 -0.245153
v 0.725121 0.432897 -0.235454
v 0.728229 0.438938 -0.235443
v 0.734933 0.447234 -0.266332
v 0.753058 0.488504 -0.269415
v 0.762749 0.524045 -0.276305
v 0.769010 0.589364 -0.250747
v 0.767954 0.597143 -0.259111
v 0.768150 0.603833 -0.253645
v 0.763888 0.642452 -0.269415
v 0.744180 0.678576 -0.272697
v 0.726910 0.710456 -0.272032
v 0.722396 0.717873 -0.259860
v 0.711882 0.728326 -0.251578
v 0.687509 0.780991 -0.237204
v 0.688692 0.786629 -0.231851
v 0.692800 0.806565 -0.242442
v 0.582317 0.025279 -0.214261
v 0.597253 0.025786 -0.220919
v 0.604882 0.029294 -0.224319
v 0.611520 0.037563 -0.227278
v 0.614343 0.047921 -0.228536
v 0.612741 0.057443 -0.227822
v 0.606179 0.068385 -0.224897
v 0.584054 0.087930 -0.215036
v 0.571542 0.097870 -0.209459
v 0.563989 0.107142 -0.206093
v 0.553995 0.133537 -0.201638
v 0.552622 0.145899 -0.201026
v 0.552164 0.163523 -0.200822
v 0.554453 0.181983 -0.201842
v 0.560709 0.204201 -0.204630
v 0.571161 0.226336 -0.209289
v 0.582757 0.247886 -0.214458
v 0.596490 0.269437 -0.220579
v 0.631631 0.315644 -0.236241
v 0.704257 0.397764 -0.268611
v 0.716517 0.413208 -0.274076
v 0.728382 0.431538 -0.279365
v 0.735695 0.445607 -0.282624
v 0.754222 0.495335 -0.290882
v 0.000691 0.949066 0.193673
v 0.560627 0.902017 0.009620
v 0.563655 0.841624 0.074509
v 0.573980 0.736160 0.062511
v 0.564983 0.788946 0.070407
v 0.551960 0.758334 0.001353
v 0.549118 0.766263 0.001960
v 0.547361 0.777508 0.007401
v 0.550340 0.772174 -0.022564
v 0.552110 0.763092 -0.038029
v 0.551976 0.752929 -0.039091
v 0.552702 0.749541 -0.032126
v 0.554000 0.751559 -0.021821
v 0.550621 0.747955 -0.012156
v 0.553861 0.732990 -0.008780
v 0.555940 0.725858 -0.017820
v 0.557687 0.725698 0.002381
v 0.566758 0.694413 -0.025756
v 0.566553 0.699424 -0.024257
v 0.568976 0.704502 -0.017714
v 0.562045 0.710137 -0.020928
v 0.557373 0.705785 -0.033038
v 0.563322 0.697897 -0.041485
v 0.564197 0.690766 -0.039924
v 0.563812 0.689307 -0.036802
v 0.566530 0.690611 -0.025264
v 0.562219 0.720003 -0.063644
v 0.561350 0.723307 -0.052681
v 0.560919 0.716864 -0.042641
v 0.566067 0.698175 -0.062807
v 0.578656 0.659179 -0.060070
v 0.570339 0.667557 -0.046057
v 0.569977 0.667468 -0.036200
v 0.566560 0.677948 -0.030109
v 0.566716 0.687084 -0.014009
v 0.563360 0.697475 -0.003992
v 0.566749 0.699266 0.015861
v 0.568247 0.684934 0.011609
v 0.574722 0.681087 0.020462
v 0.570016 0.676232 0.025456
v 0.576908 0.671515 0.035505
v 0.582110 0.680407 0.046785
v 0.568412 0.901660 0.084080
v 0.556826 0.902373 -0.064817
v 0.556256 0.814979 -0.064941
v 0.551979 0.819798 -0.055029
v 0.551443 0.825763 -0.053382
v 0.549899 0.829779 -0.048785
v 0.553257 0.836318 -0.039361
v 0.551608 0.843029 -0.031588
v 0.551946 0.849787 -0.032635
v 0.549077 0.852954 -0.024317
v 0.548144 0.848250 -0.007494
v 0.548855 0.835262 0.000567
v 0.551381 0.818536 0.003917
v 0.549565 0.806823 -0.000148
v 0.557557 0.801223 -0.020649
v 0.552508 0.788902 -0.020134
v 0.549861 0.783889 -0.035775
v 0.556716 0.781302 -0.064841
v 0.553085 0.775169 -0.051013
v 0.591194 0.902017 -0.130954
v 0.622748 0.844374 -0.195634
v 0.641210 0.729801 -0.189048
v 0.625072 0.787088 -0.193904
v 0.579876 0.758334 -0.127032
v 0.577543 0.766263 -0.128764
v 0.578204 0.777508 -0.134444
v 0.568471 0.772174 -0.105948
v 0.563659 0.763092 -0.091144
v 0.563097 0.752929 -0.090234
v 0.566649 0.749541 -0.096268
v 0.572109 0.751559 -0.105103
v 0.573048 0.747956 -0.115299
v 0.577398 0.732990 -0.117025
v 0.575536 0.725858 -0.107937
v 0.585513 0.725698 -0.125589
v 0.577937 0.693953 -0.096641
v 0.578752 0.699572 -0.098459
v 0.583672 0.704650 -0.103405
v 0.577102 0.709567 -0.101524
v 0.570520 0.705785 -0.093499
v 0.572424 0.697897 -0.083344
v 0.573869 0.690766 -0.084401
v 0.574814 0.689307 -0.087401
v 0.578293 0.690010 -0.097012
v 0.565980 0.723307 -0.073978
v 0.569758 0.716864 -0.083290
v 0.572463 0.661287 -0.077464
v 0.577718 0.667915 -0.082868
v 0.583096 0.670602 -0.094887
v 0.583751 0.685251 -0.104338
v 0.594734 0.687430 -0.120447
v 0.600853 0.696264 -0.132076
v 0.606612 0.694085 -0.147164
v 0.608069 0.686283 -0.142157
v 0.608995 0.680432 -0.146417
v 0.637355 0.667009 -0.173449
v 0.656680 0.672515 -0.184459
v 0.629195 0.901660 -0.195458
v 0.556481 0.819798 -0.075733
v 0.556677 0.825763 -0.077454
v 0.557182 0.829779 -0.082277
v 0.564149 0.836318 -0.089456
v 0.565705 0.843776 -0.095579
v 0.565546 0.850086 -0.094189
v 0.566594 0.852954 -0.104878
v 0.572731 0.848250 -0.120568
v 0.577023 0.835860 -0.130427
v 0.580806 0.818536 -0.133317
v 0.577247 0.806375 -0.128295
v 0.576428 0.801671 -0.110334
v 0.572001 0.789051 -0.112454
v 0.562549 0.783889 -0.094128
v 0.559155 0.775169 -0.078927
v 0.573849 0.904447 0.011471
v 0.589170 0.844054 0.080474
v 0.599495 0.738590 0.068476
v 0.590498 0.791377 0.076373
v 0.577475 0.760765 0.007318
v 0.574633 0.768694 0.007926
v 0.577607 0.779938 0.014951
v 0.575854 0.774605 -0.016598
v 0.577624 0.765522 -0.032063
v 0.577491 0.755359 -0.033125
v 0.578217 0.751971 -0.026161
v 0.579515 0.753990 -0.015856
v 0.576136 0.750386 -0.006190
v 0.579376 0.735420 -0.002815
v 0.581455 0.728289 -0.011854
v 0.583202 0.728128 0.008346
v 0.592273 0.696843 -0.019790
v 0.592068 0.701854 -0.018292
v 0.594491 0.706933 -0.011748
v 0.587560 0.712567 -0.014963
v 0.582888 0.708215 -0.027072
v 0.588837 0.700328 -0.035520
v 0.589712 0.693196 -0.033958
v 0.589327 0.691738 -0.030836
v 0.592044 0.693042 -0.019299
v 0.587733 0.722433 -0.057679
v 0.586864 0.725737 -0.046715
v 0.586434 0.719294 -0.036676
v 0.591582 0.700605 -0.056842
v 0.604171 0.661610 -0.054104
v 0.595854 0.669987 -0.040092
v 0.595492 0.669898 -0.030234
v 0.592075 0.680378 -0.024144
v 0.592231 0.689515 -0.008044
v 0.588875 0.699905 0.001974
v 0.592264 0.701697 0.021826
v 0.593762 0.687365 0.017575
v 0.600237 0.683518 0.026428
v 0.595531 0.678662 0.031422
v 0.602423 0.673946 0.041471
v 0.607625 0.682837 0.052750
v 0.587872 0.904126 0.080916
v 0.582341 0.904804 -0.058851
v 0.581771 0.817410 -0.058975
v 0.577494 0.822228 -0.049063
v 0.576958 0.828194 -0.047417
v 0.575414 0.832210 -0.042819
v 0.578771 0.838749 -0.033395
v 0.577123 0.845460 -0.025622
v 0.577461 0.852218 -0.026670
v 0.574592 0.855384 -0.018351
v 0.570264 0.850681 -0.002665
v 0.570650 0.837693 0.005287
v 0.573176 0.820966 0.008638
v 0.570887 0.809253 0.004415
v 0.575040 0.803654 -0.017372
v 0.578023 0.791333 -0.014168
v 0.575376 0.786319 -0.029810
v 0.582231 0.783733 -0.058875
v 0.583262 0.760052 -0.058651
v 0.578600 0.777600 -0.045047
v 0.580666 0.760052 -0.046712
v 0.610723 0.904447 -0.126991
v 0.648263 0.846804 -0.189669
v 0.666725 0.732232 -0.183083
v 0.650587 0.789518 -0.187938
v 0.605391 0.760765 -0.121066
v 0.603058 0.768694 -0.122799
v 0.603719 0.779938 -0.128479
v 0.593986 0.774605 -0.099982
v 0.589174 0.765522 -0.085179
v 0.588611 0.755359 -0.084268
v 0.592164 0.751971 -0.090302
v 0.597624 0.753990 -0.099138
v 0.598563 0.750386 -0.109333
v 0.602913 0.735420 -0.111059
v 0.601051 0.728289 -0.101972
v 0.611028 0.728128 -0.119624
v 0.603452 0.696384 -0.090675
v 0.604267 0.702002 -0.092493
v 0.609187 0.707081 -0.097440
v 0.602617 0.711997 -0.095559
v 0.596035 0.708215 -0.087533
v 0.597938 0.700328 -0.077378
v 0.599383 0.693196 -0.078435
v 0.600329 0.691738 -0.081435
v 0.603808 0.692440 -0.091047
v 0.591495 0.725737 -0.068012
v 0.595273 0.719294 -0.077324
v 0.597978 0.663717 -0.071499
v 0.603233 0.670346 -0.076902
v 0.608611 0.673033 -0.088921
v 0.609266 0.687681 -0.098373
v 0.620249 0.689861 -0.114481
v 0.626368 0.698695 -0.126110
v 0.632127 0.696515 -0.141198
v 0.633584 0.688713 -0.136192
v 0.634510 0.682862 -0.140452
v 0.662870 0.669439 -0.167484
v 0.682195 0.674946 -0.178494
v 0.654710 0.904090 -0.189492
v 0.581996 0.822228 -0.069768
v 0.582192 0.828194 -0.071488
v 0.582697 0.832210 -0.076311
v 0.589664 0.838749 -0.083491
v 0.591220 0.846206 -0.089613
v 0.591061 0.852516 -0.088223
v 0.592109 0.855384 -0.098912
v 0.598246 0.850681 -0.114603
v 0.602538 0.838290 -0.124462
v 0.606321 0.820966 -0.127351
v 0.602762 0.808805 -0.122329
v 0.601943 0.804102 -0.104368
v 0.597516 0.791482 -0.106488
v 0.588064 0.786319 -0.088163
v 0.584670 0.777600 -0.072962
v 0.585858 0.760052 -0.070589
v 0.540854 0.774179 0.135895
v 0.543168 0.765409 0.135885
v 0.550649 0.764500 0.137627
v 0.545119 0.755719 0.144833
v 0.541478 0.732497 0.160785
v 0.550456 0.806429 0.139658
v 0.539816 0.786494 0.135678
v 0.546295 0.780856 0.133907
v 0.544363 0.727757 0.160605
v 0.550297 0.728742 0.159935
v 0.555290 0.722969 0.160549
v 0.577410 0.696514 0.181634
v 0.576850 0.669134 0.197699
v 0.559629 0.636179 0.207847
v 0.540117 0.617872 0.201982
v 0.554105 0.604067 0.208390
v 0.557797 0.728157 0.157526
v 0.566024 0.717703 0.168024
v 0.576849 0.710287 0.173035
v 0.580109 0.678406 0.189197
v 0.578643 0.642282 0.208216
v 0.562926 0.603664 0.212667
v 0.568388 0.596973 0.212405
v 0.583092 0.545829 0.212638
v 0.576601 0.524159 0.207309
v 0.574226 0.512112 0.206902
v 0.550625 0.443867 0.175762
v 0.560102 0.589197 0.213702
v 0.585584 0.523878 0.207135
v 0.578578 0.488337 0.197528
v 0.575279 0.447067 0.179440
v 0.560802 0.437024 0.183764
v 0.504893 0.123228 0.015592
v 0.511258 0.120484 0.015643
v 0.559213 0.403898 0.158447
v 0.548586 0.355488 0.112220
v 0.497677 0.112949 0.006462
v 0.494598 0.108276 0.007670
v 0.544616 0.438785 0.173767
v 0.542968 0.432671 0.167134
v 0.552484 0.401748 0.151672
v 0.534216 0.315935 0.075678
v 0.519943 0.269211 0.041310
v 0.513332 0.247661 0.028313
v 0.508468 0.226110 0.014863
v 0.505241 0.203976 0.004558
v 0.503168 0.181757 -0.002200
v 0.502510 0.163298 -0.004045
v 0.503100 0.145673 -0.003385
v 0.503979 0.133311 -0.002135
v 0.494099 0.099436 0.013946
v 0.486217 0.096856 0.011629
v 0.484592 0.091696 0.017479
v 0.490347 0.079726 0.029740
v 0.514449 0.066100 0.059173
v 0.499242 0.046316 0.057354
v 0.504875 0.050993 0.060356
v 0.490690 0.051137 0.053901
v 0.485135 0.046817 0.043367
v 0.486323 0.039608 0.037625
v 0.517110 0.043565 0.061980
v 0.505968 0.070053 0.051909
v 0.500467 0.067121 0.049120
v 0.504327 0.058602 0.057253
v 0.508772 0.050833 0.062101
v 0.517750 0.039555 0.062113
v 0.543881 0.774314 0.142473
v 0.546195 0.765545 0.142463
v 0.557247 0.765983 0.142534
v 0.549007 0.755854 0.151015
v 0.546954 0.732632 0.166236
v 0.559087 0.749889 0.154029
v 0.567426 0.738781 0.160984
v 0.552888 0.733616 0.165566
v 0.579659 0.736665 0.154102
v 0.557892 0.726373 0.166205
v 0.594341 0.696429 0.186010
v 0.582790 0.696684 0.189164
v 0.586289 0.572105 0.224741
v 0.576795 0.609783 0.221942
v 0.585224 0.591537 0.222973
v 0.581420 0.600079 0.222800
v 0.580649 0.669304 0.205957
v 0.563428 0.636349 0.216104
v 0.543916 0.618041 0.210240
v 0.557905 0.604237 0.216648
v 0.595001 0.492418 0.207640
v 0.599142 0.536708 0.220607
v 0.589477 0.446327 0.191504
v 0.586827 0.545996 0.220755
v 0.580336 0.524326 0.215426
v 0.577961 0.512278 0.215019
v 0.563942 0.424555 0.179124
v 0.554360 0.444034 0.183879
v 0.564265 0.404124 0.169427
v 0.564309 0.356704 0.120739
v 0.553638 0.355714 0.123201
v 0.501066 0.096894 0.027597
v 0.506209 0.101429 0.025613
v 0.506652 0.087950 0.039945
v 0.502729 0.113174 0.017443
v 0.499650 0.108502 0.018651
v 0.498978 0.099571 0.024550
v 0.491096 0.096991 0.022232
v 0.487599 0.091831 0.028944
v 0.494827 0.079268 0.040178
v 0.508168 0.070053 0.056692
v 0.502667 0.067121 0.053902
v 0.517226 0.035884 0.063372
v 0.503328 0.035392 0.058614
v 0.499642 0.027127 0.042455
v 0.498931 0.030317 0.048954
v 0.502083 0.042306 0.062270
v 0.507716 0.046984 0.065272
v 0.493530 0.047127 0.058817
v 0.487976 0.042807 0.048283
v 0.489163 0.035598 0.042540
v 0.528774 0.038674 0.069089
v 0.522103 0.064279 0.068540
v 0.528961 0.049552 0.072405
v 0.522310 0.025982 0.054869
v 0.516513 0.025453 0.039536
v 0.527812 0.057076 0.071003
v 0.525578 0.030285 0.062560
v 0.569886 0.776935 0.132860
v 0.590157 0.715015 0.176918
v 0.602350 0.665508 0.203417
v 0.608775 0.610516 0.217382
v 0.608317 0.554946 0.216386
v 0.603792 0.495335 0.206551
v 0.595314 0.445607 0.188125
v 0.591967 0.431538 0.180851
v 0.586537 0.413208 0.169050
v 0.580926 0.397764 0.156856
v 0.547691 0.315644 0.084622
v 0.531610 0.269437 0.049671
v 0.525325 0.247886 0.036012
v 0.520018 0.226336 0.024478
v 0.515235 0.204201 0.014083
v 0.512372 0.181983 0.007860
v 0.511325 0.163523 0.005584
v 0.511534 0.145899 0.006039
v 0.512163 0.133537 0.007405
v 0.516736 0.107142 0.017346
v 0.520193 0.097870 0.024858
v 0.525919 0.087930 0.037302
v 0.536044 0.068385 0.059308
v 0.539046 0.057443 0.065834
v 0.539779 0.047921 0.067427
v 0.538488 0.037563 0.064620
v 0.535450 0.029294 0.058018
v 0.531959 0.025786 0.050430
v 0.525123 0.025279 0.035574
v 0.554622 0.806564 0.145712
v 0.543982 0.786630 0.141732
v 0.549321 0.780991 0.140485
v 0.563985 0.728326 0.164684
v 0.572392 0.717873 0.175099
v 0.584617 0.710456 0.179466
v 0.585489 0.678576 0.196727
v 0.582443 0.642452 0.216474
v 0.566725 0.603833 0.220924
v 0.572188 0.597143 0.220663
v 0.563837 0.589364 0.221819
v 0.589318 0.524045 0.215252
v 0.582313 0.488504 0.205645
v 0.579014 0.447234 0.187557
v 0.548047 0.438938 0.181223
v 0.548020 0.432897 0.178115
v 0.557536 0.401974 0.162653
v 0.539268 0.316160 0.086659
v 0.524995 0.269437 0.052290
v 0.518384 0.247886 0.039294
v 0.513521 0.226336 0.025844
v 0.510294 0.204201 0.015539
v 0.508220 0.181983 0.008781
v 0.507562 0.163523 0.006935
v 0.508152 0.145899 0.007595
v 0.509032 0.133537 0.008846
v 0.512030 0.107142 0.019312
v 0.515562 0.097220 0.026989
v 0.506528 0.058602 0.062036
v 0.510973 0.050833 0.066884
v 0.519951 0.039555 0.066896
v 0.513376 0.030697 0.058393
v 0.510662 0.025521 0.049398
v 0.508909 0.025614 0.043035
v 0.591078 0.774179 0.112787
v 0.589565 0.765409 0.114537
v 0.586020 0.764500 0.121352
v 0.595091 0.755719 0.121840
v 0.609575 0.732497 0.129453
v 0.587689 0.806429 0.122527
v 0.591588 0.786494 0.111857
v 0.586029 0.780856 0.115625
v 0.607561 0.727757 0.131527
v 0.603192 0.728742 0.135598
v 0.600409 0.722969 0.139789
v 0.602031 0.696514 0.170305
v 0.614597 0.669134 0.180331
v 0.633507 0.636179 0.173855
v 0.641747 0.617872 0.155221
v 0.637513 0.604067 0.170014
v 0.596482 0.728157 0.139726
v 0.599103 0.717703 0.152803
v 0.595867 0.710287 0.164285
v 0.606020 0.678406 0.177276
v 0.621417 0.642282 0.188536
v 0.635023 0.603664 0.179494
v 0.631270 0.596973 0.183473
v 0.621881 0.545829 0.194791
v 0.622056 0.524159 0.186394
v 0.623293 0.512112 0.184326
v 0.614998 0.443867 0.146144
v 0.637645 0.589197 0.178023
v 0.616081 0.523878 0.193103
v 0.613342 0.488337 0.181532
v 0.601752 0.447067 0.167259
v 0.614454 0.437024 0.159078
v 0.523109 0.123228 0.007211
v 0.519007 0.120484 0.012077
v 0.596261 0.403898 0.141400
v 0.568068 0.355488 0.103256
v 0.520870 0.112949 -0.004209
v 0.523791 0.108276 -0.005762
v 0.617392 0.438785 0.140282
v 0.613427 0.432671 0.134716
v 0.595494 0.401748 0.131883
v 0.549665 0.315935 0.068570
v 0.532850 0.269211 0.035371
v 0.527281 0.247661 0.021895
v 0.520230 0.226110 0.009451
v 0.514503 0.203976 0.000297
v 0.510720 0.181757 -0.005675
v 0.509746 0.163298 -0.007375
v 0.509864 0.145673 -0.006497
v 0.510241 0.133311 -0.005016
v 0.528882 0.099436 -0.002058
v 0.532250 0.096856 -0.009551
v 0.537750 0.091696 -0.006979
v 0.543317 0.079726 0.005368
v 0.549990 0.066100 0.042820
v 0.558502 0.046316 0.030088
v 0.557117 0.050993 0.036319
v 0.561443 0.051137 0.021347
v 0.557057 0.046817 0.010275
v 0.551923 0.039608 0.007441
v 0.550390 0.043565 0.046667
v 0.549991 0.070053 0.031654
v 0.551451 0.067121 0.025661
v 0.555117 0.058602 0.033884
v 0.555907 0.050833 0.040414
v 0.550075 0.039555 0.047240
v 0.594104 0.774314 0.119365
v 0.592591 0.765545 0.121115
v 0.585455 0.765983 0.129555
v 0.597256 0.755854 0.128815
v 0.610152 0.732632 0.137158
v 0.592988 0.749889 0.138431
v 0.592845 0.738781 0.149288
v 0.605783 0.733616 0.141229
v 0.603012 0.726373 0.145445
v 0.604250 0.696684 0.179290
v 0.628993 0.572105 0.205092
v 0.633044 0.609783 0.196061
v 0.628343 0.591537 0.203134
v 0.630686 0.600079 0.200132
v 0.618396 0.669304 0.188589
v 0.637306 0.636349 0.182112
v 0.645546 0.618041 0.163479
v 0.641312 0.604236 0.178271
v 0.610337 0.492418 0.200583
v 0.617492 0.536708 0.212164
v 0.601676 0.446327 0.185891
v 0.625615 0.545996 0.202908
v 0.625791 0.524326 0.194511
v 0.627028 0.512278 0.192443
v 0.608888 0.424555 0.158444
v 0.618732 0.444034 0.154261
v 0.601313 0.404124 0.152381
v 0.573121 0.355714 0.114237
v 0.534716 0.096894 0.012114
v 0.529864 0.101429 0.014729
v 0.540459 0.087950 0.024390
v 0.525923 0.113174 0.006771
v 0.528843 0.108502 0.005219
v 0.533761 0.099571 0.008546
v 0.537128 0.096991 0.001052
v 0.544501 0.091831 0.002763
v 0.548330 0.079268 0.015560
v 0.552191 0.070053 0.036436
v 0.553652 0.067121 0.030443
v 0.551372 0.035884 0.047661
v 0.556800 0.035392 0.034011
v 0.546927 0.027127 0.020699
v 0.552325 0.030317 0.024387
v 0.560387 0.042306 0.035444
v 0.559002 0.046984 0.041675
v 0.563329 0.047127 0.026702
v 0.558942 0.042807 0.015630
v 0.553809 0.035598 0.012796
v 0.548201 0.038674 0.060150
v 0.552124 0.064279 0.054727
v 0.550597 0.049552 0.062450
v 0.541607 0.025982 0.045991
v 0.533734 0.025453 0.031613
v 0.550281 0.057076 0.060665
v 0.545322 0.030285 0.053476
v 0.572118 0.800755 0.137712
v 0.589576 0.806564 0.129630
v 0.593475 0.786630 0.118959
v 0.589055 0.780991 0.122203
v 0.597893 0.728326 0.149083
v 0.600333 0.717873 0.162243
v 0.595697 0.710456 0.174369
v 0.608238 0.678576 0.186260
v 0.625216 0.642452 0.196793
v 0.638822 0.603833 0.187751
v 0.635069 0.597143 0.191730
v 0.641380 0.589364 0.186140
v 0.619816 0.524045 0.201220
v 0.617077 0.488504 0.189649
v 0.605487 0.447234 0.175377
v 0.620823 0.438938 0.147738
v 0.618479 0.432897 0.145696
v 0.600546 0.401974 0.142863
v 0.554717 0.316160 0.079551
v 0.537902 0.269437 0.046352
v 0.532333 0.247886 0.032876
v 0.525282 0.226336 0.020432
v 0.519555 0.204201 0.011277
v 0.515772 0.181983 0.005306
v 0.514799 0.163523 0.003606
v 0.514916 0.145899 0.004483
v 0.515293 0.133537 0.005965
v 0.521291 0.107142 0.015050
v 0.524824 0.097220 0.022727
v 0.557317 0.058602 0.038667
v 0.558108 0.050833 0.045197
v 0.552276 0.039555 0.052023
v 0.550096 0.030697 0.041498
v 0.545030 0.025521 0.033585
v 0.541338 0.025614 0.028114
v 0.480718 0.001414 -0.042703
v 0.478989 0.130103 -0.060384
v 0.487095 0.042628 -0.038473
v 0.489243 0.904688 0.112549
v 0.488185 0.793179 0.096389
v 0.474820 0.703694 0.109617
v 0.471127 0.661363 0.119134
v 0.491523 0.611128 0.151125
v 0.513906 0.496970 0.149774
v 0.510460 0.457367 0.133459
v 0.498572 0.399366 0.096698
v 0.481071 0.327499 0.043744
v 0.494813 0.259991 -0.027341
v 0.483052 0.212260 -0.051900
v 0.478143 0.152953 -0.062150
v 0.479834 0.107253 -0.058619
v 0.485051 0.073327 -0.047726
v 0.489442 0.052174 -0.038556
v 0.510447 0.016263 0.032514
v 0.489944 0.019039 0.024655
v 0.462667 0.025062 -0.017510
v 0.480463 0.022252 0.010146
v 0.511073 0.000020 0.033493
v 0.472033 0.000020 0.014053
v 0.462804 -0.000005 -0.019619
v 0.493774 0.000020 0.031513
v 0.507056 0.094655 0.015168
v 0.470695 0.133526 -0.024015
v 0.488679 0.120016 -0.000280
v 0.511073 0.024108 0.033493
v 0.468913 0.261927 -0.005349
v 0.556779 0.864087 0.188320
v 0.551515 0.765011 0.125851
v 0.560184 0.737999 0.143954
v 0.570719 0.712247 0.165952
v 0.582805 0.661109 0.191188
v 0.587297 0.619358 0.200569
v 0.589327 0.581427 0.204806
v 0.587404 0.527144 0.200793
v 0.580560 0.472191 0.186500
v 0.568989 0.422012 0.162338
v 0.551647 0.372805 0.126127
v 0.520832 0.300313 0.061781
v 0.506294 0.231376 0.012572
v 0.498922 0.182862 -0.007562
v 0.500188 0.137283 -0.006317
v 0.514593 0.075165 0.038052
v 0.516043 0.059222 0.051782
v 0.516976 0.046388 0.053730
v 0.507857 0.032568 0.045088
v 0.481192 0.033067 0.009599
v 0.542766 0.857252 0.180253
v 0.506256 0.850610 0.136521
v 0.513178 0.802175 0.130022
v 0.506617 0.783111 0.120705
v 0.499177 0.721117 0.137810
v 0.497427 0.681385 0.154417
v 0.512512 0.645055 0.176334
v 0.522403 0.613039 0.187321
v 0.528805 0.578100 0.192654
v 0.532407 0.534812 0.190414
v 0.534383 0.483795 0.177984
v 0.530965 0.438652 0.155452
v 0.518074 0.387480 0.116372
v 0.501373 0.314560 0.053854
v 0.489683 0.246851 0.002923
v 0.480656 0.194287 -0.020865
v 0.474332 0.149397 -0.023691
v 0.473570 0.096811 -0.003849
v 0.478852 0.075201 0.015700
v 0.476685 0.044575 0.019705
v 0.465160 0.039249 -0.011240
v 0.492848 0.026000 0.034154
v 0.551915 0.882505 0.178164
v 0.558239 0.845669 0.191367
v 0.560722 0.822395 0.183070
v 0.539185 0.905559 0.140668
v 0.556603 0.808894 0.174469
v 0.547803 0.799463 0.156093
v 0.492657 0.843992 0.108127
v 0.534081 0.793279 0.139556
v 0.529963 0.776268 0.130956
v 0.534027 0.735381 0.150475
v 0.545958 0.706324 0.173201
v 0.479076 0.630453 0.136345
v 0.563285 0.661109 0.200537
v 0.566124 0.619358 0.210709
v 0.503596 0.574066 0.158310
v 0.564120 0.581427 0.209051
v 0.509957 0.542090 0.158498
v 0.558758 0.528922 0.206993
v 0.549444 0.472191 0.185044
v 0.541521 0.422012 0.160488
v 0.527483 0.376969 0.122997
v 0.509726 0.306528 0.060095
v 0.497840 0.233710 0.008800
v 0.457142 0.207187 -0.031976
v 0.491828 0.188567 -0.009556
v 0.448689 0.152117 -0.036206
v 0.490279 0.142148 -0.008370
v 0.445960 0.126643 -0.031829
v 0.496197 0.086940 0.019726
v 0.444204 0.090951 -0.020687
v 0.489903 0.067042 0.042422
v 0.490930 0.048411 0.046243
v 0.447448 0.061000 -0.009902
v 0.490701 0.033697 0.036839
v 0.483829 0.029132 -0.041942
v 0.531646 0.016263 0.022362
v 0.538377 0.019039 0.001461
v 0.513752 0.025062 -0.042146
v 0.533015 0.022252 -0.015021
v 0.532017 0.000020 0.023463
v 0.537837 0.000020 -0.017528
v 0.509896 -0.000005 -0.042298
v 0.541319 0.000020 0.008744
v 0.520258 0.094655 0.008846
v 0.512517 0.133582 -0.044035
v 0.509180 0.130103 -0.060904
v 0.519742 0.120016 -0.015156
v 0.532017 0.024108 0.023463
v 0.591113 0.864087 0.173745
v 0.585522 0.882505 0.162070
v 0.570597 0.905611 0.130905
v 0.623992 0.864087 0.156131
v 0.593301 0.845669 0.178313
v 0.591649 0.822395 0.174865
v 0.587530 0.808894 0.166264
v 0.578730 0.796531 0.147888
v 0.567155 0.790253 0.123717
v 0.578621 0.765011 0.112870
v 0.587291 0.737999 0.130972
v 0.597826 0.712247 0.152971
v 0.609911 0.661109 0.178207
v 0.614404 0.619358 0.187588
v 0.616433 0.581427 0.191825
v 0.614511 0.527144 0.187811
v 0.607666 0.472191 0.173519
v 0.596095 0.422012 0.149356
v 0.578754 0.372805 0.113145
v 0.547939 0.300313 0.048800
v 0.518713 0.231376 0.006625
v 0.507647 0.182862 -0.011740
v 0.507824 0.137283 -0.009974
v 0.533362 0.075165 0.029064
v 0.543150 0.059222 0.038800
v 0.544083 0.046388 0.040748
v 0.543066 0.032568 0.028226
v 0.532132 0.033067 -0.014796
v 0.626491 0.857252 0.140157
v 0.607410 0.860229 0.080115
v 0.605904 0.802175 0.085616
v 0.602758 0.783111 0.074663
v 0.620748 0.721117 0.079589
v 0.634785 0.681385 0.088637
v 0.642404 0.645055 0.114129
v 0.644763 0.613039 0.128723
v 0.644905 0.578100 0.137054
v 0.640902 0.534812 0.138457
v 0.629979 0.483795 0.132203
v 0.614566 0.438652 0.115415
v 0.592200 0.387480 0.080873
v 0.553961 0.314560 0.028670
v 0.521608 0.246851 -0.012366
v 0.508734 0.194287 -0.034311
v 0.510496 0.149397 -0.041010
v 0.526433 0.096811 -0.029165
v 0.538353 0.075201 -0.012795
v 0.542832 0.044575 -0.011973
v 0.517178 0.039249 -0.036320
v 0.543957 0.026000 0.009678
v 0.619128 0.882505 0.145976
v 0.625451 0.845669 0.159179
v 0.617430 0.822395 0.155913
v 0.597895 0.905559 0.112552
v 0.613311 0.808894 0.147312
v 0.607295 0.904688 0.056014
v 0.604510 0.799463 0.128936
v 0.601709 0.843992 0.055902
v 0.600228 0.793279 0.107878
v 0.593322 0.793592 0.058547
v 0.596110 0.776268 0.099278
v 0.617008 0.704235 0.055373
v 0.608770 0.735381 0.114681
v 0.627070 0.659177 0.054727
v 0.618996 0.706324 0.138223
v 0.637812 0.636407 0.069071
v 0.629432 0.661109 0.168859
v 0.647307 0.610478 0.091235
v 0.635578 0.619358 0.177448
v 0.650084 0.579693 0.104509
v 0.635542 0.581427 0.174847
v 0.645489 0.540612 0.109670
v 0.637300 0.528922 0.169379
v 0.634283 0.490821 0.104779
v 0.626038 0.472191 0.148364
v 0.620349 0.452428 0.090984
v 0.611873 0.422012 0.126797
v 0.594417 0.396333 0.059716
v 0.591463 0.376969 0.092357
v 0.555647 0.321523 0.012322
v 0.553587 0.306528 0.039090
v 0.523286 0.257722 -0.023663
v 0.521074 0.233710 -0.002327
v 0.506766 0.202511 -0.048436
v 0.510541 0.188567 -0.018517
v 0.504766 0.152953 -0.062343
v 0.512436 0.142148 -0.018981
v 0.530616 0.086940 0.003243
v 0.552244 0.067042 0.012567
v 0.513788 0.086332 -0.057735
v 0.554578 0.048411 0.015762
v 0.522318 0.059417 -0.047570
v 0.547394 0.033697 0.009689
v 0.682818 0.774179 -0.228793
v -0.496419 0.834129 0.173066
v -0.483976 0.836155 0.159860
v -0.496754 0.843731 0.171309
v -0.482519 0.843191 0.158658
v -0.483067 0.830499 0.155247
v -0.481346 0.828531 0.152178
v -0.492637 0.823377 0.158477
v -0.491764 0.818342 0.159058
v -0.505897 0.827372 0.171878
v -0.508502 0.824929 0.173354
v -0.508083 0.844926 0.174476
v -0.509957 0.846713 0.177663
v -0.502570 0.856120 0.163632
v -0.503245 0.860950 0.164780
v -0.492678 0.856772 0.146426
v -0.491928 0.861343 0.145150
v -0.486239 0.846320 0.133688
v -0.483479 0.847792 0.128993
v -0.485878 0.829381 0.128732
v -0.483159 0.828587 0.124108
v -0.495578 0.812401 0.134411
v -0.494650 0.806167 0.132833
v -0.511701 0.809270 0.148875
v -0.512120 0.802676 0.149588
v -0.526484 0.819490 0.165171
v -0.530201 0.817286 0.171493
v -0.531041 0.836027 0.171966
v -0.534839 0.835533 0.178426
v -0.528263 0.854090 0.169489
v -0.533677 0.855634 0.178698
v -0.520357 0.867513 0.161198
v -0.523037 0.873917 0.165758
v -0.510886 0.873526 0.147749
v -0.511620 0.880861 0.148997
v -0.500727 0.873227 0.132879
v -0.500439 0.879453 0.132388
v -0.497082 0.838656 0.173732
v -0.487473 0.845936 0.164304
v -0.491990 0.830936 0.166511
v -0.499582 0.830098 0.149780
v -0.519204 0.859920 0.153153
v -0.517398 0.797417 0.112451
v -0.536592 0.798677 0.134733
v -0.555652 0.812828 0.156642
v -0.561447 0.834504 0.165363
v -0.560467 0.858381 0.166367
v -0.549561 0.878853 0.153941
v -0.535998 0.887386 0.134031
v -0.522716 0.886675 0.114302
v -0.502867 0.827436 0.157845
v -0.486132 0.817377 0.126955
v -0.488381 0.820891 0.130780
v -0.509393 0.835201 0.178056
v -0.507505 0.835930 0.174846
v -0.500142 0.819433 0.165788
v -0.499665 0.823071 0.164960
v -0.485033 0.821984 0.154353
v -0.488601 0.826308 0.154190
v -0.480656 0.835894 0.154217
v -0.482747 0.833743 0.156387
v -0.493714 0.834886 0.154469
v -0.493854 0.831139 0.150795
v -0.507337 0.832283 0.163326
v -0.509717 0.843909 0.165588
v -0.506089 0.851413 0.160192
v -0.503243 0.855261 0.141286
v -0.497315 0.845638 0.129558
v -0.496982 0.830041 0.124995
v -0.505914 0.814407 0.130224
v -0.517434 0.817229 0.151257
v -0.526480 0.825210 0.157266
v -0.529026 0.832691 0.160233
v -0.526478 0.846581 0.161190
v -0.514542 0.864954 0.144219
v -0.507328 0.867836 0.132359
v -0.499287 0.822224 0.126880
v -0.508939 0.837633 0.164969
v -0.493408 0.833012 0.151993
v -0.497586 0.861147 0.154965
v -0.497624 0.856446 0.155029
v -0.468715 0.674709 0.143649
v -0.462487 0.676552 0.133759
v -0.478642 0.686064 0.147639
v -0.462081 0.690959 0.125815
v -0.481422 0.697361 0.139471
v -0.468109 0.704590 0.122164
v -0.486683 0.694192 0.144610
v -0.491884 0.698823 0.146785
v -0.480126 0.714058 0.132758
v -0.494955 0.708816 0.142180
v -0.505532 0.711708 0.152656
v -0.507739 0.723631 0.149638
v -0.493525 0.733068 0.129515
v -0.498577 0.736343 0.135728
v -0.498777 0.742676 0.134750
v -0.485540 0.757886 0.119518
v -0.481040 0.768772 0.113611
v -0.488906 0.768258 0.118017
v -0.490743 0.771957 0.119646
v -0.484950 0.800436 0.110834
v -0.483570 0.829887 0.106034
v -0.484495 0.845175 0.107127
v -0.490277 0.861571 0.116068
v -0.473829 0.747875 0.111331
v -0.477933 0.777999 0.106720
v -0.480643 0.820261 0.103073
v -0.481417 0.843073 0.102294
v -0.483819 0.855211 0.105458
v -0.489216 0.868810 0.113986
v -0.484074 0.667262 0.142473
v -0.474415 0.676552 0.126746
v -0.493143 0.678702 0.145003
v -0.474009 0.690959 0.118802
v -0.487433 0.693605 0.136090
v -0.480037 0.704590 0.115151
v -0.500827 0.688268 0.141366
v -0.506029 0.692899 0.143541
v -0.493688 0.712174 0.128524
v -0.507050 0.704857 0.135451
v -0.518663 0.705739 0.147689
v -0.520846 0.725112 0.144631
v -0.508706 0.731728 0.128034
v -0.512506 0.733733 0.132119
v -0.511420 0.743169 0.128952
v -0.498541 0.758873 0.114328
v -0.495256 0.765527 0.110489
v -0.501478 0.766284 0.112098
v -0.503994 0.771886 0.114883
v -0.496878 0.800436 0.103821
v -0.490130 0.845414 0.110125
v -0.494710 0.857388 0.115395
v -0.485758 0.747875 0.104318
v -0.489861 0.777999 0.099707
v -0.492571 0.820261 0.096060
v -0.493345 0.843073 0.095281
v -0.495747 0.855211 0.098445
v -0.501144 0.868810 0.106973
vn -0.0000 -0.0129 -0.9999
vn -0.0000 -0.0000 -1.0000
vn -0.0000 -0.7071 -0.7071
vn -0.0000 -0.0129 0.9999
vn -0.0000 -0.0000 1.0000
vn -0.0000 -0.9993 0.0384
vn -0.0000 -1.0000 -0.0000
vn -0.6758 -0.4835 0.5563
vn -0.5177 -0.7522 0.4077
vn -0.6107 0.5825 0.5364
vn -0.9955 0.0925 -0.0208
vn -0.2990 -0.3737 0.8780
vn -0.4411 -0.5162 0.7341
vn -0.5485 -0.6291 0.5507
vn -0.0901 0.3496 0.9326
vn -0.7834 -0.4439 0.4351
vn -0.3655 -0.6609 0.6555
vn -0.8420 0.0707 0.5348
vn -0.7216 0.4136 0.5552
vn -0.1243 -0.1434 0.9818
vn -0.9640 -0.0319 0.2642
vn -0.9625 0.0894 0.2563
vn -0.0798 0.3397 0.9371
vn -0.8906 -0.2710 0.3652
vn -0.6124 0.6684 0.4221
vn -0.6458 -0.5381 0.5416
vn -0.7740 -0.5498 0.3141
vn -0.7432 0.6307 0.2234
vn -0.5067 -0.3678 0.7798
vn -0.9571 0.2839 0.0585
vn -0.4326 -0.0863 0.8975
vn -0.9077 -0.3304 0.2586
vn -0.4041 0.3091 0.8609
vn -0.3866 0.1012 0.9167
vn -0.6591 -0.6172 0.4297
vn -0.7514 0.2728 0.6009
vn -0.4406 -0.6748 0.5921
vn -0.8665 0.2292 0.4435
vn -0.2974 -0.4713 0.8303
vn -0.9201 -0.0195 0.3913
vn -0.2391 0.2056 0.9490
vn -0.2281 -0.1637 0.9598
vn -0.4204 0.5263 0.7391
vn -0.8774 -0.1391 0.4591
vn -0.5735 0.6541 0.4932
vn -0.8418 -0.1669 0.5133
vn -0.7351 0.6352 0.2368
vn -0.8410 -0.2342 0.4877
vn -0.4984 -0.1365 0.8561
vn -0.0737 -0.3473 0.9349
vn 0.1377 0.7901 0.5973
vn -0.1312 -0.4455 0.8856
vn -0.5724 -0.0498 0.8185
vn -0.2579 0.0932 0.9617
vn -0.7749 0.0570 0.6295
vn -0.1440 0.5517 0.8215
vn -0.6396 0.1255 0.7584
vn -0.8371 0.0487 0.5449
vn 0.4257 -0.2314 0.8748
vn -0.6242 -0.1390 0.7688
vn -0.8417 -0.3748 0.3887
vn -0.8840 0.4431 0.1491
vn -0.8431 0.0674 0.5335
vn -0.3975 0.1464 0.9058
vn -0.3375 0.7380 0.5844
vn -0.1909 -0.9717 0.1389
vn -0.1126 0.9622 0.2481
vn -0.9051 0.0770 0.4181
vn -0.6234 -0.3823 0.6821
vn 0.0243 -0.5792 0.8148
vn -0.8937 -0.0393 0.4470
vn -0.9948 -0.1014 0.0009
vn 0.3786 0.3073 0.8731
vn -0.6675 -0.2862 0.6874
vn -0.9370 -0.3409 0.0761
vn -0.7797 0.3372 0.5276
vn 0.0322 -0.9478 0.3174
vn -0.4708 -0.1517 0.8691
vn -0.4919 0.5269 0.6931
vn -0.6574 -0.0915 0.7480
vn -0.6448 -0.1247 0.7541
vn -0.6529 -0.0950 0.7515
vn 0.1879 -0.1836 0.9649
vn -0.2161 -0.6370 0.7400
vn -0.5537 0.3788 0.7416
vn -0.5437 -0.7693 -0.3355
vn -0.1470 0.3177 0.9367
vn -0.8627 -0.5056 0.0130
vn -0.6671 -0.4457 0.5970
vn -0.5005 0.2663 0.8238
vn -0.9728 0.1045 -0.2067
vn -0.7475 -0.2977 0.5939
vn -0.8052 0.5877 -0.0790
vn -0.6990 -0.2153 0.6819
vn -0.9075 0.3546 -0.2252
vn -0.7105 -0.0476 0.7021
vn -0.9535 0.1257 -0.2740
vn -0.5311 -0.0291 0.8468
vn -0.9786 0.0265 -0.2039
vn -0.1848 0.2207 0.9577
vn -0.9847 0.0887 -0.1498
vn -0.0454 -0.0173 0.9988
vn -0.5614 0.1878 0.8059
vn -0.1843 -0.6568 0.7312
vn -0.1456 0.3814 0.9129
vn -0.4224 0.2307 0.8766
vn -0.2440 -0.2850 0.9270
vn -0.6244 -0.5860 0.5165
vn -0.1368 0.5534 0.8216
vn -0.5445 0.2927 0.7860
vn -0.2631 0.4716 0.8417
vn 0.0106 0.2662 0.9638
vn -0.9614 0.2037 -0.1848
vn -0.9790 0.1017 -0.1764
vn -0.4025 0.7574 -0.5141
vn 0.1792 -0.4655 0.8667
vn 0.0146 -0.6119 0.7908
vn 0.2150 -0.6846 0.6965
vn -0.4983 -0.1828 -0.8475
vn -0.5377 -0.5003 0.6787
vn -0.0173 -0.7619 0.6474
vn -0.7765 0.0505 0.6280
vn -0.2718 -0.9466 0.1734
vn -0.2530 -0.2714 0.9286
vn -0.5046 -0.0944 -0.8582
vn 0.0804 -0.4952 0.8651
vn -0.5043 -0.0993 -0.8578
vn 0.0598 0.0458 0.9972
vn -0.2150 -0.6497 0.7291
vn -0.5062 -0.0513 -0.8609
vn -0.4072 -0.7319 -0.5463
vn -0.5066 -0.0264 -0.8618
vn 0.3011 0.5311 0.7920
vn -0.5007 0.1548 -0.8517
vn 0.2327 0.6889 0.6865
vn -0.4498 0.4610 -0.7650
vn -0.0787 -0.6168 0.7832
vn 0.2579 0.0890 0.9621
vn -0.8467 -0.5318 -0.0196
vn -0.8447 -0.2191 -0.4883
vn -0.8104 -0.2367 -0.5360
vn 0.3670 -0.2708 -0.8899
vn -0.4731 -0.1757 -0.8633
vn -0.4870 -0.2738 -0.8294
vn -0.9932 -0.1150 0.0185
vn -0.8952 0.3325 -0.2967
vn -0.9605 0.2226 -0.1668
vn -0.9628 0.1642 0.2146
vn -0.9832 0.1040 -0.1497
vn -0.7602 0.6276 0.1677
vn -0.9385 0.2419 -0.2463
vn -0.5966 0.0674 -0.7997
vn 0.3538 -0.0814 -0.9318
vn 0.3760 -0.1856 -0.9079
vn -0.9928 -0.1108 0.0453
vn -0.9848 -0.0569 -0.1643
vn -0.9584 -0.2829 -0.0382
vn -0.9496 -0.2514 -0.1875
vn -0.6200 0.1980 -0.7592
vn 0.9643 0.2642 -0.0170
vn 0.2032 0.5195 -0.8300
vn -0.9043 -0.4252 -0.0385
vn -0.9175 -0.3680 -0.1512
vn -0.8810 -0.4698 0.0550
vn -0.9262 -0.3505 -0.1386
vn -0.8846 -0.4276 0.1862
vn -0.9485 -0.3110 -0.0597
vn 0.9562 0.2129 -0.2007
vn -0.6540 -0.0292 -0.7559
vn 0.9588 0.0743 -0.2741
vn -0.8903 -0.3482 0.2935
vn -0.9604 -0.2726 0.0583
vn -0.8681 -0.1672 0.4673
vn -0.9825 -0.1554 0.1028
vn -0.6077 0.1590 -0.7781
vn 0.9529 0.2700 -0.1382
vn -0.6624 -0.1232 -0.7390
vn 0.9565 -0.1038 -0.2725
vn -0.9826 -0.0059 0.1856
vn 0.9400 -0.2641 -0.2162
vn -0.6833 -0.3022 -0.6646
vn 0.8981 -0.4390 -0.0275
vn -0.8566 -0.0273 0.5152
vn -0.9850 0.0955 0.1436
vn -0.9791 0.1964 0.0534
vn -0.7770 0.4882 0.3975
vn -0.9612 0.2579 -0.0977
vn -0.7327 0.3728 0.5694
vn 0.8824 -0.4574 -0.1106
vn -0.3600 -0.1620 -0.9188
vn 0.9451 0.0703 -0.3190
vn 0.9382 -0.1874 -0.2910
vn -0.9476 0.3048 -0.0960
vn -0.7606 0.4981 0.4165
vn -0.9788 0.1315 -0.1567
vn 0.9337 0.0970 -0.3447
vn -0.4557 -0.0222 -0.8899
vn 0.9624 0.0113 -0.2713
vn -0.4106 0.1250 -0.9032
vn -0.8680 -0.0011 0.4966
vn -0.9850 -0.1418 -0.0981
vn -0.6793 -0.7311 0.0637
vn -0.9903 0.0070 -0.1385
vn -0.9859 0.0333 -0.1638
vn 0.9834 0.1615 -0.0824
vn -0.2103 -0.5024 0.8387
vn -0.6316 -0.6303 0.4515
vn -0.5216 -0.5024 0.6896
vn -0.2263 0.8517 0.4726
vn -0.7326 0.6264 0.2663
vn -0.3051 0.7078 0.6371
vn -0.3657 0.2207 0.9042
vn -0.3232 -0.6635 0.6748
vn -0.4752 0.2207 0.8518
vn -0.2264 0.6347 0.7388
vn -0.4337 0.6347 0.6396
vn -0.4625 0.5865 0.6650
vn -0.2282 0.5865 0.7772
vn -0.3829 0.3834 0.8405
vn -0.4148 0.3834 0.8252
vn -0.4247 0.1827 0.8867
vn -0.5322 -0.0067 0.8466
vn -0.3260 -0.0067 0.9454
vn -0.5318 -0.1761 0.8284
vn -0.3120 -0.1761 0.9336
vn -0.1586 -0.5367 0.8287
vn -0.5742 -0.3836 0.7233
vn -0.5462 -0.5367 0.6431
vn -0.2036 -0.3836 0.9008
vn -0.0741 -0.6531 0.7537
vn -0.5407 -0.6531 0.5302
vn -0.6380 -0.6252 0.4495
vn 0.0497 -0.6252 0.7789
vn -0.7154 -0.4829 0.5050
vn 0.0551 -0.4829 0.8740
vn -0.0361 -0.1420 0.9892
vn -0.7480 -0.1420 0.6483
vn -0.1533 0.2698 0.9507
vn -0.6446 0.2698 0.7154
vn -0.5307 0.6261 0.5713
vn -0.1125 0.6261 0.7716
vn -0.1045 0.7204 0.6856
vn -0.6585 0.3826 0.6481
vn -0.0922 0.3826 0.9193
vn -0.1227 -0.2204 0.9677
vn -0.6770 -0.2204 0.7022
vn 0.0442 -0.6303 0.7751
vn -0.4686 0.7204 0.5112
vn -0.8005 0.5890 0.1106
vn -0.5962 0.0736 -0.7995
vn -0.3224 0.0026 -0.9466
vn -0.5563 -0.3686 -0.7448
vn -0.6988 -0.2221 -0.6800
vn -0.6408 0.0953 -0.7618
vn -0.7105 0.0851 -0.6985
vn -0.6807 0.1261 -0.7216
vn -0.5521 0.1295 -0.8236
vn -0.4358 -0.1359 -0.8897
vn -0.9073 -0.4025 -0.1221
vn -0.9092 0.4164 -0.0067
vn -0.9094 0.3755 0.1788
vn -0.7958 0.1315 0.5912
vn -0.7633 -0.5860 0.2721
vn -0.1596 -0.9292 0.3332
vn -0.7513 -0.6293 0.1991
vn -0.8061 -0.3947 0.4409
vn -0.4318 0.0263 0.9016
vn -0.8664 -0.1213 0.4844
vn -0.3000 -0.7194 0.6265
vn -0.3934 0.4129 0.8215
vn -0.7841 0.3233 0.5298
vn 0.2257 0.3389 -0.9134
vn 0.9905 0.1199 0.0680
vn 0.9882 0.1332 0.0761
vn -0.8780 0.1194 -0.4636
vn -0.3950 0.0084 -0.9187
vn -0.8504 0.2038 -0.4851
vn -0.9873 -0.0621 -0.1465
vn -0.9658 0.1542 0.2085
vn -0.6899 -0.0612 0.7213
vn -0.6595 0.0658 0.7488
vn -0.4517 0.0793 -0.8886
vn 0.4121 0.2265 -0.8826
vn 0.4131 0.2001 -0.8884
vn 0.4478 0.0553 -0.8924
vn -0.1700 0.0658 0.9832
vn 0.5460 -0.5318 0.6474
vn 0.8391 -0.2615 0.4769
vn 0.6638 -0.4025 0.6303
vn 0.9579 -0.2762 -0.0779
vn 0.9586 -0.2801 0.0517
vn 0.6082 -0.1150 0.7854
vn 0.6691 0.3790 0.6392
vn 0.5752 0.4164 0.7041
vn 0.4893 0.2296 0.8413
vn 0.4364 0.1642 0.8846
vn 0.4309 0.3756 0.8205
vn 0.3459 0.6276 0.6974
vn 0.5481 0.0755 0.8330
vn 0.5871 -0.1108 0.8019
vn 0.3424 0.0650 -0.9373
vn 0.6009 -0.0946 0.7937
vn 0.6306 -0.2829 0.7227
vn 0.9827 0.1817 0.0369
vn 0.9858 0.1660 0.0242
vn 0.6684 -0.2901 0.6849
vn 0.5969 -0.4252 0.6804
vn 0.6813 -0.3567 0.6392
vn 0.5095 -0.4698 0.7209
vn 0.7578 -0.2808 0.5890
vn 0.4094 -0.4276 0.8059
vn 0.7465 -0.2422 0.6198
vn 0.3295 -0.3482 0.8776
vn 0.6990 -0.2219 0.6798
vn 0.1801 -0.1672 0.9693
vn 0.6331 -0.0331 0.7734
vn 0.6948 -0.1446 0.7046
vn 0.6227 0.0284 0.7819
vn 0.1356 -0.0273 0.9904
vn 0.6279 0.1380 0.7660
vn 0.1774 0.4882 0.8545
vn 0.0156 0.3728 0.9278
vn 0.0383 0.1315 0.9906
vn 0.6492 0.2938 0.7016
vn 0.6827 0.2319 0.6929
vn 0.6399 0.0972 0.7623
vn 0.1523 0.4981 0.8537
vn 0.6681 -0.1941 0.7183
vn 0.1572 -0.0011 0.9876
vn 0.3461 -0.7467 0.5680
vn 0.2664 -0.5860 0.7653
vn 0.7183 0.0475 0.6941
vn 0.7784 -0.0292 0.6271
vn 0.2518 0.6264 0.7377
vn 0.3799 0.6134 0.6924
vn 0.9996 0.0068 0.0290
vn 0.5472 0.4006 0.7349
vn 0.3159 -0.6293 0.7101
vn 0.1618 -0.3947 0.9044
vn -0.4012 -0.3702 0.8378
vn 0.1657 -0.1213 0.9787
vn 0.0788 0.3233 0.9430
vn 0.8307 0.1754 0.5283
vn 0.9874 0.1012 -0.1216
vn 0.9893 0.1104 -0.0949
vn 0.7126 -0.0273 0.7010
vn 0.8168 0.3345 0.4701
vn -0.1295 -0.0612 0.9897
vn 0.3957 0.1722 0.9021
vn 0.8373 -0.2726 0.4739
vn 0.3904 -0.3806 -0.8383
vn 0.2704 -0.6906 0.6708
vn -0.3579 0.9312 -0.0690
vn 0.2270 0.1003 0.9687
vn 0.3377 -0.0454 0.9401
vn 0.2165 0.6235 0.7513
vn 0.1854 -0.3028 0.9348
vn -0.0887 -0.9772 0.1928
vn -0.0173 -0.9997 0.0167
vn -0.0130 -0.9995 0.0281
vn -0.2476 -0.8057 0.5381
vn -0.2830 -0.9418 0.1815
vn -0.3637 -0.4930 0.7904
vn -0.5351 -0.7326 0.4206
vn -0.4169 -0.0715 0.9061
vn -0.6394 -0.4499 0.6235
vn -0.3861 0.3833 0.8391
vn -0.7063 -0.0406 0.7067
vn -0.3025 0.6902 0.6574
vn -0.6672 0.3147 0.6751
vn -0.2524 0.7971 0.5485
vn -0.2850 0.7315 0.6194
vn -0.4291 0.7209 0.5442
vn -0.5151 0.5090 0.6896
vn -0.3993 0.2958 0.8678
vn -0.8363 0.4256 0.3457
vn -0.4082 0.3506 0.8429
vn -0.4168 0.0747 0.9059
vn -0.4178 -0.0331 0.9080
vn -0.9431 0.0391 0.3302
vn -0.9656 -0.1525 0.2106
vn -0.9593 -0.0282 0.2811
vn -0.4074 -0.2241 0.8853
vn -0.9373 -0.2718 0.2183
vn -0.3877 -0.3735 0.8427
vn -0.9241 -0.3488 0.1563
vn -0.3599 -0.5086 0.7822
vn -0.8979 -0.3739 0.2322
vn -0.3531 -0.5351 0.7674
vn -0.8859 -0.4189 0.1992
vn -0.3346 -0.5995 0.7271
vn -0.8873 -0.4508 0.0977
vn -0.2927 -0.7138 0.6362
vn -0.7945 -0.5864 0.1579
vn -0.3003 -0.6956 0.6526
vn -0.3452 -0.5637 0.7503
vn -0.7372 -0.4220 0.5277
vn -0.6838 -0.6782 0.2693
vn -0.3547 -0.5290 0.7710
vn -0.9671 -0.1830 0.1767
vn -0.6550 -0.4709 0.5910
vn -0.3776 -0.4289 0.8206
vn -0.6382 -0.3330 0.6941
vn -0.3961 -0.3196 0.8608
vn -0.5566 -0.1422 0.8185
vn -0.4178 -0.0314 0.9080
vn -0.6957 0.0552 0.7162
vn -0.6918 -0.0259 0.7216
vn -0.4150 0.1188 0.9020
vn -0.7786 0.0392 0.6263
vn -0.7763 0.0993 0.6225
vn -0.7766 0.4173 0.4720
vn -0.7720 0.6201 0.1395
vn -0.3754 0.4400 0.8158
vn -0.8542 0.4995 0.1444
vn -0.3649 0.4879 0.7930
vn -0.8101 0.4192 0.4099
vn -0.8628 0.4238 0.2755
vn -0.3335 0.6027 0.7249
vn -0.9552 0.1540 0.2527
vn -0.3359 0.5953 0.7299
vn -0.4616 0.5841 0.6677
vn -0.6297 0.4246 0.6505
vn -0.4124 0.1631 0.8963
vn -0.8142 0.1505 0.5607
vn -0.9551 -0.2419 0.1709
vn -0.4023 -0.2714 0.8744
vn -0.6707 -0.7376 -0.0785
vn -0.8002 -0.5049 -0.3237
vn -0.5218 -0.8526 -0.0263
vn -0.9863 -0.1642 0.0125
vn -0.6731 -0.7065 0.2186
vn -0.7391 0.4692 0.4832
vn -0.9888 0.0958 -0.1147
vn -0.8811 -0.3808 0.2804
vn -0.8051 -0.5126 0.2983
vn -0.3391 -0.9407 0.0127
vn -0.7933 -0.5973 0.1180
vn -0.8890 -0.3216 -0.3261
vn -0.7376 0.4249 0.5248
vn -0.1961 -0.9779 -0.0721
vn -0.2660 0.9476 0.1770
vn -0.6170 0.7150 0.3287
vn -0.9852 -0.0799 -0.1514
vn -0.6499 0.6930 0.3119
vn -0.6348 0.5690 0.5228
vn -0.7859 0.6117 0.0904
vn -0.8782 0.4449 0.1757
vn -0.9044 0.3841 0.1860
vn -0.8537 0.5206 -0.0115
vn -0.8794 0.4106 -0.2410
vn -0.3079 -0.6763 0.6692
vn -0.9079 -0.4142 -0.0648
vn -0.9322 -0.3396 0.1254
vn -0.9320 -0.0394 0.3602
vn -0.9757 -0.1471 0.1626
vn -0.9551 0.0767 0.2862
vn -0.9854 0.1663 -0.0357
vn -0.7578 -0.6478 0.0782
vn -0.9223 -0.3096 0.2314
vn -0.7767 0.5684 0.2712
vn -0.9399 -0.2299 0.2525
vn -0.3901 0.4549 0.8005
vn -0.8263 0.2040 0.5251
vn -0.8838 -0.1374 0.4472
vn -0.7624 0.6275 0.1577
vn -0.7895 0.0970 0.6061
vn -0.5371 -0.6117 0.5808
vn -0.7906 -0.5782 0.2017
vn -0.9651 0.2124 0.1529
vn -0.8401 -0.3805 -0.3866
vn -0.8536 0.4359 -0.2852
vn -0.9056 -0.0787 -0.4167
vn -0.3886 0.9039 -0.1788
vn -0.8136 0.4450 -0.3743
vn -0.7363 -0.5858 -0.3388
vn -0.6147 0.7887 0.0079
vn -0.9701 -0.1294 0.2052
vn -0.7929 0.5878 0.1609
vn -0.5432 0.7526 0.3722
vn -0.9624 0.1742 -0.2084
vn -0.8524 -0.2278 -0.4707
vn -0.7752 -0.3436 -0.5301
vn -0.9300 0.2780 0.2406
vn -0.0248 0.8044 0.5936
vn -0.5413 0.8265 -0.1544
vn -0.6455 0.6994 -0.3067
vn -0.5579 0.7859 -0.2667
vn -0.8466 -0.2574 -0.4658
vn -0.7626 0.4660 -0.4486
vn -0.8183 -0.4420 -0.3674
vn -0.7872 0.4917 -0.3723
vn -0.9977 0.0665 -0.0163
vn -0.9035 -0.1135 -0.4134
vn -0.9084 -0.0235 -0.4175
vn -0.9085 -0.0122 -0.4178
vn -0.9066 0.0561 -0.4183
vn -0.9077 -0.0499 -0.4166
vn -0.9073 -0.0606 -0.4162
vn -0.9083 -0.0310 -0.4173
vn -0.9083 0.0105 -0.4181
vn -0.9032 -0.1167 -0.4132
vn -0.9081 -0.0372 -0.4171
vn -0.7882 0.4554 -0.4139
vn -0.7938 0.4787 -0.3751
vn -0.8756 0.1996 -0.4399
vn -0.9084 -0.0184 -0.4176
vn -0.8621 -0.3235 -0.3900
vn -0.8049 -0.2965 0.5141
vn -0.7885 0.5801 0.2045
vn -0.9945 0.0934 -0.0482
vn -0.6762 0.6613 -0.3247
vn -0.9039 -0.1092 -0.4136
vn -0.8930 -0.1924 -0.4069
vn -0.5246 0.8113 -0.2581
vn -0.5157 0.8182 -0.2541
vn -0.5363 0.8019 -0.2633
vn -0.7468 0.6440 0.1658
vn -0.6995 0.6314 -0.3348
vn -0.5671 0.7758 -0.2769
vn -0.6686 -0.6953 0.2636
vn -0.9257 0.3294 -0.1862
vn -0.2396 -0.8766 0.4172
vn -0.9723 -0.2336 -0.0067
vn -0.9168 0.3246 -0.2326
vn -0.9891 -0.0661 -0.1314
vn -0.3419 -0.9295 -0.1382
vn -0.9786 0.0474 -0.2003
vn -0.6257 -0.7308 -0.2729
vn -0.9051 0.0778 -0.4180
vn -0.8954 0.1605 -0.4153
vn -0.9062 0.0620 -0.4182
vn 0.1220 -0.9080 0.4009
vn -0.8136 0.4670 -0.3465
vn -0.9165 0.3128 -0.2495
vn -0.9212 -0.3071 -0.2390
vn -0.7517 -0.6593 0.0163
vn -0.7591 0.6022 -0.2473
vn -0.9224 -0.0565 -0.3821
vn -0.9875 0.1260 -0.0947
vn -0.8799 0.2403 -0.4098
vn -0.7369 -0.5917 -0.3269
vn -0.6850 -0.6765 0.2704
vn -0.0014 -0.9997 0.0240
vn 0.0462 -0.9418 0.3330
vn 0.0287 -0.7326 0.6800
vn -0.0576 -0.4499 0.8912
vn -0.0772 -0.0406 0.9962
vn -0.0787 0.3147 0.9459
vn 0.1517 0.7150 0.6824
vn 0.1860 0.6930 0.6965
vn -0.1341 0.7209 0.6799
vn -0.1886 0.5090 0.8398
vn -0.3641 0.4909 0.7915
vn -0.3746 0.3506 0.8583
vn 0.2815 0.4256 0.8600
vn 0.3628 0.0391 0.9311
vn 0.4683 -0.1525 0.8703
vn 0.4440 -0.2718 0.8538
vn 0.4825 -0.3488 0.8035
vn 0.4078 -0.3739 0.8330
vn 0.4251 -0.4189 0.8024
vn 0.5031 -0.4508 0.7374
vn 0.3970 -0.5864 0.7061
vn 0.2404 -0.6782 0.6945
vn 0.0788 -0.4220 0.9032
vn -0.0227 -0.4709 0.8819
vn 0.4950 -0.1830 0.8494
vn -0.1120 -0.3330 0.9363
vn -0.2595 -0.1422 0.9552
vn -0.0914 0.0552 0.9943
vn 0.0309 0.0392 0.9988
vn 0.0323 0.0993 0.9945
vn 0.3963 0.6201 0.6771
vn 0.1468 0.4173 0.8968
vn 0.4461 0.4995 0.7426
vn 0.2993 0.5684 0.7664
vn 0.2157 0.4192 0.8819
vn 0.4295 0.1540 0.8898
vn -0.0843 0.4246 0.9014
vn -0.2067 0.5841 0.7849
vn 0.1038 0.1505 0.9831
vn 0.4916 -0.2419 0.8366
vn 0.4959 -0.7376 0.4583
vn 0.7664 -0.5049 0.3971
vn 0.8260 -0.3216 0.4630
vn 0.6322 -0.1642 0.7572
vn 0.7304 0.0958 0.6763
vn 0.2719 -0.7065 0.6534
vn 0.1139 0.4692 0.8757
vn 0.2972 -0.5127 0.8055
vn 0.3603 -0.3808 0.8516
vn 0.2110 -0.9407 0.2658
vn 0.4265 -0.5973 0.6792
vn 0.4223 0.2780 0.8628
vn 0.0813 0.4249 0.9016
vn 0.1823 -0.9779 0.1020
vn 0.0387 0.9476 0.3172
vn 0.7559 -0.0799 0.6497
vn 0.4426 0.6117 0.6557
vn 0.0159 0.5690 0.8222
vn 0.5641 0.5206 0.6409
vn 0.4378 0.4449 0.7813
vn 0.4471 0.3841 0.8078
vn 0.7552 0.4106 0.5110
vn 0.6399 -0.4142 0.6473
vn 0.5112 -0.3396 0.7895
vn 0.5113 -0.1471 0.8467
vn 0.3328 -0.0394 0.9422
vn 0.4040 0.0767 0.9115
vn 0.4336 -0.6478 0.6264
vn 0.7888 0.0474 0.6128
vn 0.6682 0.1663 0.7252
vn -0.0980 -0.0259 0.9948
vn 0.4197 -0.2299 0.8780
vn 0.1388 0.2040 0.9691
vn -0.3542 0.4549 0.8171
vn 0.2353 -0.1374 0.9622
vn 0.3762 0.6275 0.6816
vn 0.0534 0.0970 0.9939
vn -0.0917 -0.6117 0.7858
vn 0.3611 -0.5782 0.7316
vn 0.5117 0.2125 0.8325
vn 0.8401 -0.3805 0.3866
vn 0.9056 -0.0787 0.4167
vn 0.7719 0.4359 0.4628
vn 0.3886 0.9039 0.1788
vn 0.7363 -0.5858 0.3388
vn 0.3939 0.7887 0.4720
vn 0.4753 -0.1294 0.8703
vn 0.3936 0.5878 0.7068
vn 0.7844 0.1742 0.5953
vn 0.9069 -0.3436 0.2438
vn 0.0707 0.7526 0.6547
vn -0.4346 0.8044 0.4050
vn 0.4694 0.8265 0.3106
vn 0.6529 0.6994 0.2907
vn 0.9046 -0.2574 0.3399
vn 0.8369 0.4660 0.2873
vn 0.8114 -0.4420 0.3824
vn 0.6615 0.0665 0.7470
vn 0.7949 0.4917 0.3556
vn 0.4106 -0.0282 0.9114
vn 0.9080 -0.0235 0.4183
vn 0.9075 0.0561 0.4164
vn 0.6836 0.0934 0.7239
vn 0.9069 -0.0499 0.4183
vn 0.9063 -0.0606 0.4182
vn 0.9078 -0.0310 0.4183
vn 0.9085 0.0105 0.4178
vn 0.9013 -0.1167 0.4171
vn 0.9075 -0.0372 0.4183
vn 0.8272 0.4554 0.3293
vn 0.9037 0.1996 0.3788
vn 0.9017 -0.1135 0.4172
vn 0.9082 -0.0184 0.4182
vn 0.8571 -0.3235 0.4010
vn 0.1332 -0.2965 0.9457
vn 0.3577 0.5801 0.7319
vn 0.6865 0.6613 0.3023
vn 0.3599 0.6440 0.6750
vn 0.8900 -0.1924 0.4134
vn 0.5285 0.8182 0.2263
vn 0.5488 0.8019 0.2361
vn 0.9022 -0.1092 0.4173
vn 0.5373 0.8113 0.2305
vn 0.7093 0.6314 0.3134
vn 0.2348 -0.6953 0.6793
vn 0.7436 0.3294 0.5819
vn 0.3521 0.4238 0.8345
vn 0.6376 -0.2336 0.7341
vn 0.7731 0.3246 0.5450
vn 0.7433 -0.0661 0.6657
vn 0.3274 -0.9295 0.1698
vn 0.4242 -0.3096 0.8510
vn 0.6143 -0.7308 0.2976
vn 0.9063 0.0778 0.4154
vn 0.5792 0.7758 0.2505
vn -0.3838 -0.9080 0.1681
vn 0.7924 0.4670 0.3925
vn 0.7857 0.3128 0.5337
vn 0.1882 -0.0948 0.9776
vn 0.4766 -0.6593 0.5814
vn 0.8903 -0.0565 0.4519
vn 0.7144 0.1260 0.6883
vn 0.7277 -0.5917 0.3470
vn 0.2403 -0.6765 0.6961
vn -0.8648 -0.0948 0.4931
vn 0.3595 -0.8526 0.3792
vn 0.8135 0.4450 0.3743
vn 0.9120 -0.2278 0.3411
vn 0.5655 0.7859 0.2502
vn 0.9083 -0.0122 0.4182
vn 0.8013 0.4787 0.3588
vn 0.8979 0.1605 0.4098
vn -0.1610 -0.8766 0.4534
vn 0.9072 0.0620 0.4161
vn 0.7808 -0.3071 0.5441
vn 0.6816 0.6022 0.4156
vn 0.8837 0.2403 0.4017
vn -0.9703 0.1183 0.2110
vn -0.7329 0.6522 0.1937
vn -0.9671 0.1314 0.2178
vn -0.8197 -0.4428 0.3633
vn -0.6726 -0.7249 0.1489
vn -0.6026 0.7781 0.1772
vn -0.5821 0.7510 0.3117
vn -0.8006 -0.4146 0.4327
vn -0.7230 0.1272 0.6790
vn -0.7882 -0.6088 0.0896
vn -0.4740 0.7409 0.4758
vn -0.9353 -0.2763 -0.2210
vn -0.8123 0.0950 0.5754
vn -0.9558 -0.0517 -0.2893
vn -0.7955 0.5891 0.1419
vn -0.6722 -0.6735 -0.3074
vn -0.8134 -0.5546 0.1754
vn -0.6395 0.7631 0.0930
vn -0.6316 0.3620 0.6856
vn -0.8323 -0.5293 -0.1646
vn -0.8434 -0.5081 0.1746
vn -0.6349 0.2434 0.7332
vn -0.7712 -0.6306 0.0870
vn -0.2377 0.4329 0.8695
vn -0.3367 0.1035 0.9359
vn -0.8674 0.4954 -0.0473
vn -0.7987 -0.4990 0.3364
vn -0.6437 0.7455 0.1730
vn -0.5550 0.6702 -0.4928
vn -0.5624 -0.2749 0.7798
vn -0.9172 0.3462 0.1970
vn -0.7256 0.2631 0.6359
vn -0.4308 0.3748 0.8209
vn -0.6258 0.0367 0.7791
vn -0.9435 0.1592 -0.2906
vn -0.4793 -0.7254 0.4941
vn -0.8759 -0.3753 0.3033
vn -0.7216 -0.0616 0.6895
vn -0.1456 0.3425 0.9282
vn -0.5439 0.4116 0.7313
vn -0.4606 0.0786 0.8841
vn -0.9210 0.1045 -0.3753
vn -0.4419 -0.2665 0.8566
vn -0.7828 0.5477 -0.2952
vn -0.9239 -0.0421 -0.3802
vn -0.5642 -0.5267 0.6358
vn -0.5732 0.7484 0.3337
vn -0.6372 0.7546 0.1567
vn -0.7165 -0.6577 0.2327
vn -0.9749 -0.2165 -0.0524
vn -0.7604 -0.5975 -0.2545
vn -0.6754 -0.7221 0.1496
vn -0.8513 -0.3141 -0.4203
vn -0.7033 -0.4891 -0.5159
vn -0.7487 0.6514 0.1230
vn -0.9702 0.1314 0.2034
vn -0.8983 -0.4394 0.0058
vn -0.9089 -0.4113 -0.0687
vn -0.6628 0.7473 -0.0476
vn -0.6204 0.7790 0.0915
vn -0.9236 0.2223 -0.3122
vn -0.7254 -0.6609 0.1923
vn -0.9531 -0.0038 -0.3025
vn -0.7520 -0.2835 0.5950
vn -0.6374 0.7176 -0.2806
vn -0.9755 0.1001 -0.1959
vn -0.7222 -0.0057 0.6916
vn -0.5161 -0.7437 0.4250
vn -0.7859 -0.5074 0.3532
vn -0.7591 -0.4123 0.5038
vn -0.9152 0.1764 -0.3623
vn -0.5786 0.8057 0.1266
vn -0.6487 -0.5841 0.4878
vn -0.8384 0.5382 -0.0861
vn -0.6392 0.3916 -0.6619
vn -0.6245 0.5019 0.5984
vn -0.6568 0.7466 0.1062
vn -0.9548 -0.0252 -0.2960
vn -0.9237 0.2463 -0.2936
vn -0.9062 0.3602 0.2216
vn -0.7388 0.3314 -0.5868
vn -0.7755 -0.3599 -0.5187
vn -0.3904 -0.7805 -0.4883
vn -0.7385 -0.4028 0.5407
vn -0.8869 0.0469 -0.4596
vn -0.7278 -0.0433 0.6844
vn -0.7868 -0.4884 0.3774
vn -0.3770 0.3193 -0.8694
vn -0.6905 -0.0289 0.7227
vn -0.7455 0.4551 -0.4869
vn -0.7602 0.0323 -0.6489
vn -0.7151 -0.0640 0.6961
vn -0.8000 -0.4894 -0.3470
vn -0.7277 -0.1997 -0.6562
vn -0.6053 0.7952 -0.0362
vn -0.7687 -0.6075 0.2002
vn -0.5785 -0.5955 0.5574
vn -0.8520 -0.4921 0.1787
vn -0.8351 -0.2277 0.5008
vn -0.5907 -0.3207 0.7404
vn -0.4142 -0.4912 0.7662
vn -0.0957 0.6994 -0.7082
vn 0.0231 -0.8874 0.4605
vn -0.6701 -0.5709 0.4743
vn -0.2250 -0.7011 -0.6766
vn -0.9310 -0.3551 -0.0850
vn -0.0595 -0.9872 0.1478
vn -0.0332 -0.9671 0.2522
vn 0.0308 0.6255 0.7796
vn -0.6369 0.6144 0.4657
vn -0.0287 -0.9626 0.2694
vn -0.2351 -0.0938 -0.9674
vn 0.0917 0.9957 -0.0134
vn -0.3969 -0.5193 0.7569
vn 0.0835 -0.7456 0.6611
vn 0.2237 -0.0416 0.9738
vn -0.5219 0.0454 0.8518
vn -0.1152 -0.9893 -0.0896
vn 0.1715 0.9852 0.0040
vn 0.0902 0.9957 -0.0199
vn 0.1365 -0.5649 0.8138
vn -0.0815 0.7513 -0.6549
vn 0.1403 0.9685 0.2056
vn -0.1466 -0.9608 -0.2355
vn 0.2367 0.5892 0.7725
vn -0.1504 -0.9554 -0.2540
vn 0.1754 -0.3836 0.9067
vn -0.2295 -0.0214 -0.9731
vn -0.2293 -0.0191 -0.9732
vn -0.2042 -0.8160 -0.5407
vn 0.0419 -0.8499 0.5253
vn -0.2292 -0.0171 -0.9732
vn -0.1987 -0.8380 -0.5082
vn -0.0932 -0.9956 0.0072
vn -0.1936 -0.8559 -0.4795
vn -0.1935 0.2779 -0.9409
vn -0.1869 -0.8773 -0.4421
vn -0.1527 0.4956 -0.8550
vn -0.8134 0.0510 -0.5794
vn -0.2218 0.0603 -0.9732
vn 0.2179 -0.0964 0.9712
vn -0.1950 0.2682 -0.9434
vn 0.2324 0.0572 0.9709
vn -0.0623 -0.9887 0.1363
vn -0.0908 -0.9957 0.0173
vn -0.0610 -0.9880 0.1418
vn 0.2280 0.6781 0.6987
vn 0.1042 0.9937 0.0406
vn 0.0421 0.9752 -0.2173
vn 0.1080 0.9924 -0.0589
vn -0.1283 0.5971 -0.7919
vn 0.1403 0.9686 0.2053
vn -0.6842 -0.7042 -0.1897
vn -0.2448 -0.3797 -0.8921
vn -0.2856 0.6747 0.6806
vn 0.2440 0.4391 0.8647
vn -0.0853 -0.9955 0.0408
vn -0.1951 -0.8510 -0.4875
vn 0.1511 -0.5027 0.8512
vn 0.2375 0.1313 0.9625
vn -0.0041 -0.9321 0.3622
vn -0.2280 -0.6372 -0.7362
vn 0.2410 0.5221 0.8181
vn -0.1878 0.3134 -0.9309
vn 0.0893 0.9957 -0.0236
vn -0.5750 0.8081 0.1279
vn 0.2431 0.2543 0.9361
vn -0.1487 0.5135 -0.8451
vn 0.2355 0.0993 0.9668
vn -0.0103 0.9098 -0.4149
vn 0.0779 0.9944 -0.0719
vn -0.1158 -0.9890 -0.0923
vn -0.2208 0.0699 -0.9728
vn 0.0604 0.9877 -0.1441
vn -0.0930 0.7176 -0.6902
vn 0.0746 0.9935 -0.0856
vn 0.1202 0.9864 0.1121
vn -0.1282 0.4696 -0.8735
vn -0.5795 0.5330 -0.6165
vn -0.2001 0.0894 -0.9757
vn -0.0583 0.7422 -0.6676
vn 0.0374 0.9711 -0.2359
vn -0.2417 -0.5073 -0.8272
vn -0.1631 0.4468 -0.8796
vn -0.2354 -0.3443 -0.9089
vn -0.1639 -0.9328 -0.3211
vn -0.2074 -0.7988 -0.5647
vn 0.1195 -0.6297 0.7676
vn 0.1042 0.9937 0.0407
vn 0.1534 -0.4926 0.8567
vn -0.0806 -0.9949 0.0607
vn -0.4388 -0.2568 0.8611
vn 0.2417 0.5080 0.8267
vn 0.2443 0.3090 0.9191
vn 0.1767 -0.3770 0.9092
vn 0.1686 0.9233 0.3451
vn 0.0668 -0.7910 0.6082
vn 0.2196 0.7376 0.6385
vn 0.1425 -0.5399 0.8296
vn 0.0700 -0.7828 0.6183
vn 0.2416 0.5104 0.8253
vn -0.5892 0.3776 0.7143
vn 0.2134 0.7726 0.5980
vn -0.0914 -0.9957 0.0150
vn 0.1165 -0.6404 0.7592
vn 0.2378 0.1363 0.9617
vn 0.1633 -0.4460 0.8800
vn 0.1999 -0.2357 0.9510
vn 0.0454 -0.8422 0.5372
vn -0.6650 -0.7444 -0.0607
vn 0.1298 -0.5910 0.7961
vn -0.0887 -0.9957 0.0263
vn -0.1410 -0.9677 -0.2089
vn -0.2417 -0.5085 -0.8264
vn -0.2040 -0.8169 -0.5396
vn -0.2061 -0.8076 -0.5525
vn -0.7786 -0.1773 -0.6020
vn -0.2435 -0.2708 -0.9313
vn -0.5402 -0.2227 -0.8115
vn 0.2167 -0.1066 0.9704
vn -0.8566 -0.5122 0.0625
vn -0.2176 -0.7496 -0.6251
vn -0.2230 -0.7152 -0.6624
vn -0.2371 -0.1239 -0.9636
vn 0.2138 -0.1312 0.9680
vn -0.2112 -0.7839 -0.5839
vn -0.2400 -0.5406 -0.8063
vn 0.0628 -0.8013 0.5949
vn 0.0242 -0.8855 0.4641
vn -0.2328 -0.6338 -0.7376
vn 0.0949 -0.7117 0.6960
vn -0.0000 0.1871 0.9823
vn -0.2912 -0.2090 0.9336
vn -0.2414 0.5312 0.8121
vn 0.2242 0.3769 0.8987
vn -0.1220 -0.5336 0.8369
vn -0.5061 -0.0050 0.8624
vn -0.4648 -0.6075 0.6441
vn 0.2685 0.5792 0.7697
vn 0.0002 0.8629 0.5054
vn -0.0233 0.8345 0.5506
vn -0.4835 0.7233 0.4930
vn -0.3681 0.7102 0.6002
vn -0.0296 0.7415 0.6703
vn 0.1842 -0.1860 0.9651
vn -0.5024 0.5963 0.6261
vn -0.2269 0.0988 0.9689
vn 0.0145 -0.0540 0.9984
vn 0.0594 0.7823 0.6200
vn 0.2944 0.6717 0.6799
vn -0.7638 0.5885 0.2650
vn -0.3414 -0.6319 0.6958
vn -0.5374 0.7661 0.3526
vn -0.3559 0.6371 0.6836
vn -0.3883 -0.5013 0.7733
vn -0.6285 -0.4207 0.6543
vn -0.0303 0.8946 0.4459
vn -0.5746 -0.4811 0.6621
vn 0.4662 0.6254 0.6257
vn 0.1291 0.5838 0.8015
vn -0.3928 0.2888 0.8731
vn 0.5589 -0.1845 0.8084
vn -0.1911 -0.6395 0.7446
vn 0.2840 -0.5909 0.7551
vn -0.5987 -0.2687 0.7546
vn -0.4189 -0.5333 0.7349
vn 0.5175 0.4111 0.7505
vn -0.3506 0.3592 0.8649
vn 0.4818 -0.0039 0.8762
vn -0.7715 0.2554 0.5827
vn 0.2083 -0.4181 0.8842
vn -0.5427 0.0554 0.8381
vn -0.0552 0.7332 0.6778
vn -0.3747 -0.5553 0.7424
vn -0.0135 0.8000 0.5999
vn -0.2626 -0.5632 0.7835
vn -0.1762 0.6517 0.7377
vn -0.7107 0.5714 0.4103
vn -0.5896 -0.2880 0.7546
vn -0.2339 -0.4955 0.8365
vn -0.5313 0.4606 0.7111
vn 0.2610 0.1520 0.9533
vn 0.1801 -0.5670 0.8038
vn 0.0012 0.8084 0.5886
vn -0.1484 0.8642 0.4807
vn 0.0088 0.6430 0.7658
vn -0.3035 0.4546 0.8374
vn 0.1065 0.1415 0.9842
vn 0.3232 0.2757 0.9053
vn -0.2986 -0.1971 0.9338
vn 0.5358 -0.1204 0.8357
vn -0.5297 0.4512 0.7182
vn -0.2361 0.7187 0.6540
vn -0.0040 -0.3161 0.9487
vn -0.6765 -0.0532 0.7346
vn -0.5223 -0.4613 0.7172
vn 0.0010 0.6806 0.7326
vn -0.1647 0.7309 0.6623
vn 0.0490 0.6941 0.7182
vn -0.0068 0.8474 0.5309
vn -0.0958 -0.5567 0.8251
vn -0.3724 0.8326 0.4100
vn -0.2863 0.6365 0.7162
vn 0.0210 0.5013 0.8650
vn -0.4365 0.1709 0.8833
vn 0.3977 0.2246 0.8896
vn -0.1613 -0.4632 0.8715
vn -0.6137 -0.0116 0.7894
vn -0.6163 -0.4379 0.6545
vn -0.6610 0.2529 0.7065
vn -0.8403 -0.1549 0.5195
vn 0.3474 -0.0086 0.9377
vn -0.3993 -0.1797 0.8990
vn -0.5887 0.4728 0.6556
vn 0.4597 -0.0904 0.8834
vn 0.6723 0.1610 0.7226
vn -0.7373 0.1291 0.6631
vn 0.3829 -0.2558 0.8877
vn -0.5844 -0.1847 0.7901
vn -0.3722 0.5389 0.7557
vn -0.2231 -0.6615 0.7160
vn -0.0602 -0.6362 0.7692
vn -0.4341 0.4413 0.7853
vn 0.0733 0.7309 0.6786
vn -0.6643 -0.1389 0.7344
vn 0.3261 0.6739 0.6630
vn -0.3240 -0.5191 0.7909
vn 0.3898 0.5093 0.7673
vn -0.0988 -0.5714 0.8147
vn 0.2309 -0.1794 0.9563
vn -0.4743 -0.5366 0.6979
vn -0.5573 0.0581 0.8283
vn -0.3645 0.7492 0.5530
vn 0.3652 0.1479 0.9191
vn 0.1996 -0.3563 0.9128
vn -0.5433 -0.5609 0.6247
vn 0.0599 0.6341 0.7709
vn 0.2595 0.7576 0.5989
vn 0.1611 0.6531 0.7400
vn -0.3729 -0.5078 0.7766
vn 0.0067 -0.3257 0.9455
vn -0.4060 -0.1196 0.9060
vn 0.5071 0.1130 0.8545
vn -0.6689 0.4175 0.6150
vn -0.7170 0.4660 0.5185
vn -0.6055 -0.3859 0.6960
vn -0.8472 -0.3038 0.4359
vn 0.5468 0.3553 0.7581
vn -0.6369 0.3400 0.6919
vn 0.0964 0.1454 0.9847
vn -0.7841 0.1741 0.5957
vn -0.0404 0.8048 0.5921
vn -0.8532 0.0967 0.5126
vn 0.1817 -0.5176 0.8361
vn -0.1755 -0.2056 0.9628
vn 0.1635 0.7579 0.6315
vn -0.2115 0.8319 0.5131
vn -0.1534 0.7839 0.6016
vn -0.7746 -0.0031 0.6324
vn -0.1452 -0.6376 0.7565
vn -0.4802 -0.4741 0.7380
vn -0.6607 -0.4094 0.6292
vn 0.1507 -0.8175 0.5559
vn 0.6071 0.2170 0.7644
vn 0.2966 0.6310 0.7168
vn 0.9314 0.0289 -0.3629
vn -0.4359 0.2381 0.8679
vn 0.3258 0.7203 0.6124
vn -0.3902 0.7629 0.5155
vn -0.1154 0.5737 0.8109
vn 0.3258 -0.1594 0.9319
vn -0.4636 -0.6037 0.6485
vn 0.0350 -0.6188 0.7847
vn -0.2902 -0.3644 0.8849
vn -0.7964 -0.1636 0.5822
vn -0.6614 -0.4380 0.6088
vn -0.6366 -0.3443 0.6901
vn 0.3559 0.6099 0.7081
vn -0.3956 -0.4356 0.8085
vn -0.4840 -0.5511 0.6797
vn 0.3512 0.6544 0.6696
vn 0.4948 0.2612 0.8288
vn -0.0532 -0.5880 0.8071
vn 0.2278 0.2667 0.9365
vn 0.8108 -0.2549 0.5269
vn 0.1930 0.8744 0.4452
vn 0.4815 -0.2547 0.8387
vn -0.7785 0.1999 0.5950
vn -0.5390 -0.4796 0.6925
vn 0.1709 -0.3952 0.9026
vn 0.7887 -0.4855 -0.3772
vn -0.3601 0.7320 0.5784
vn -0.0332 0.7404 0.6713
vn 0.1906 0.7659 0.6141
vn -0.0015 -0.6344 0.7730
vn -0.0653 0.5984 0.7986
vn -0.2051 0.8422 0.4986
vn -0.0639 -0.5588 0.8269
vn -0.0060 0.8303 0.5573
vn 0.0929 -0.6961 0.7120
vn -0.0832 -0.4988 0.8627
vn -0.1423 0.7242 0.6748
vn -0.0859 0.7376 0.6697
vn 0.4002 -0.5373 0.7424
vn -0.2276 -0.6904 0.6867
vn -0.2118 -0.6678 0.7135
vn -0.4478 0.8583 -0.2504
vn 0.1385 -0.9794 0.1471
vn 0.5012 -0.4842 0.7172
vn 0.0938 -0.7190 0.6887
vn -0.8620 0.3741 -0.3420
vn 0.7495 -0.6381 0.1764
vn 0.2503 -0.3960 0.8835
vn -0.2080 -0.9719 0.1106
vn 0.1422 -0.9788 0.1472
vn -0.0080 -0.5205 0.8538
vn -0.0659 -0.9886 0.1354
vn 0.3874 -0.7314 0.5612
vn 0.3126 -0.9314 0.1864
vn 0.1902 -0.9665 0.1723
vn 0.8716 -0.4464 0.2026
vn 0.4680 -0.1881 0.8635
vn 0.7526 0.6582 0.0211
vn -0.2340 -0.9665 0.1057
vn -0.3087 -0.6945 0.6499
vn -0.4126 -0.9083 0.0691
vn -0.0247 -0.9896 0.1420
vn -0.1351 -0.6821 0.7187
vn 0.2268 -0.9578 0.1768
vn -0.1773 -0.6771 0.7142
vn -0.4583 -0.8869 0.0588
vn -0.1647 -0.9792 0.1185
vn 0.1036 -0.9815 0.1609
vn -0.0980 -0.4794 0.8721
vn -0.2903 -0.9522 0.0948
vn -0.6150 -0.7883 0.0197
vn -0.6987 -0.7154 -0.0042
vn -0.7912 -0.6105 -0.0342
vn -0.9006 -0.4276 -0.0783
vn -0.8878 0.4144 -0.2004
vn -0.5725 -0.8193 0.0309
vn -0.5758 0.7910 -0.2069
vn -0.5292 0.6762 0.5125
vn -0.5244 -0.8504 0.0430
vn -0.1269 -0.9840 0.1251
vn -0.2964 0.9371 -0.1846
vn 0.3072 -0.9333 0.1858
vn 0.5951 0.8033 -0.0250
vn 0.8573 -0.4647 0.2215
vn 0.5611 0.8270 -0.0339
vn 0.2198 0.9708 -0.0957
vn 0.5851 0.8105 -0.0277
vn 0.6206 -0.7559 0.2088
vn 0.5213 0.8522 -0.0438
vn -0.9389 -0.3297 -0.0987
vn 0.6573 -0.7238 0.2098
vn 0.5535 -0.3719 0.7452
vn 0.0340 -0.9625 0.2693
vn 0.1140 -0.9801 0.1624
vn 0.6016 -0.7712 0.2081
vn 0.4653 -0.5886 0.6611
vn -0.9878 -0.0477 -0.1480
vn -0.8272 0.1366 0.5450
vn -0.5528 -0.8325 0.0360
vn -0.6551 -0.7555 0.0086
vn -0.7561 -0.6540 -0.0223
vn -0.8214 0.0895 0.5633
vn -0.9873 0.0006 -0.1586
vn -0.9869 0.0282 -0.1590
vn -0.9996 -0.0039 -0.0284
vn -0.8088 -0.0793 0.5827
vn -0.7267 0.6540 -0.2104
vn -0.7044 0.6692 -0.2365
vn -0.6341 0.6051 0.4814
vn -0.9109 -0.4046 -0.0812
vn 0.1644 0.9792 -0.1185
vn -0.0019 0.9940 -0.1097
vn 0.2225 0.9689 -0.1079
vn 0.4643 -0.8628 0.2000
vn 0.5450 0.8376 -0.0379
vn -0.8749 -0.4796 -0.0666
vn 0.6265 0.7793 -0.0166
vn 0.8799 0.4702 0.0688
vn 0.7230 0.6908 0.0116
vn 0.9874 0.0611 0.1459
vn 0.0504 0.9893 -0.1366
vn 0.1459 0.9818 -0.1218
vn 0.9835 -0.0108 0.1804
vn 0.8791 0.1528 0.4514
vn 0.9807 0.0577 0.1870
vn -0.4651 0.8623 -0.2001
vn 0.6141 -0.7612 0.2086
vn 0.2113 0.9712 -0.1100
vn -0.5281 -0.8481 0.0421
vn 0.6657 0.7462 -0.0055
vn -0.1233 -0.9844 0.1258
vn 0.9533 0.2822 0.1080
vn 0.1113 -0.9805 0.1620
vn 0.8990 -0.3904 0.1986
vn -0.5714 -0.8201 0.0312
vn 0.4377 -0.8771 0.1980
vn -0.9576 0.2224 -0.1831
vn -0.4537 -0.8892 0.0599
vn -0.5667 -0.3480 0.7468
vn 0.1158 -0.6384 0.7609
vn 0.2504 -0.9514 0.1795
vn 0.0572 -0.5913 0.8044
vn -0.9725 -0.1973 -0.1235
vn -0.8397 0.5025 -0.2058
vn 0.0650 -0.9857 0.1555
vn -0.9775 -0.1669 -0.1288
vn -0.7565 0.1593 0.6343
vn 0.4411 -0.8727 0.2095
vn 0.1184 -0.3843 0.9156
vn -0.6940 -0.7200 -0.0028
vn 0.4478 -0.1125 0.8870
vn -0.2331 -0.9667 0.1059
vn 0.9682 -0.1860 0.1672
vn -0.5458 -0.8371 0.0377
vn 0.8580 0.5113 0.0496
vn 0.4812 0.8750 -0.0535
vn -0.7536 0.6229 -0.2101
vn 0.9881 0.0080 0.1539
vn -0.9880 -0.0050 -0.1543
vn 0.7431 -0.6353 0.2103
vn -0.7279 0.6526 -0.2104
vn -0.6549 0.5904 0.4717
vn 0.2757 -0.9499 0.1473
vn -0.0005 -0.3955 0.9185
vn 0.9480 0.3005 0.1045
vn 0.2629 0.9596 -0.1002
vn 0.8776 -0.4348 0.2018
vn -0.9219 0.3352 -0.1941
vn 0.0225 0.9896 -0.1423
vn -0.1410 0.9762 -0.1646
vn -0.8701 -0.4886 -0.0645
vn -0.7011 -0.7131 -0.0049
vn -0.7723 0.5997 -0.2096
vn -0.9813 -0.1383 -0.1336
vn -0.7393 0.6397 -0.2103
vn -0.3251 0.9269 -0.1876
vn -0.8019 -0.5963 -0.0379
vn 0.1693 0.9785 -0.1177
vn 0.7172 0.6968 0.0099
vn 0.1015 0.9864 -0.1295
vn -0.0750 0.9848 -0.1569
vn 0.2203 0.9694 -0.1083
vn -0.3514 0.9167 -0.1903
vn -0.3404 0.9211 -0.1892
vn -0.9876 0.0100 -0.1565
vn 0.4799 0.8756 -0.0538
vn 0.2503 0.5674 0.7845
vn 0.9381 0.3322 0.0982
vn -0.3309 -0.9397 0.0866
vn 0.9514 -0.2457 0.1855
vn 0.2081 -0.9624 0.1745
vn 0.9850 0.1014 0.1396
vn -0.7262 -0.6873 -0.0126
vn 0.9778 -0.1207 0.1712
vn 0.2554 0.0348 0.9662
vn 0.8122 -0.5451 0.2078
vn 0.4627 -0.2557 0.8488
vn -0.9631 -0.2431 -0.1153
vn 0.4015 -0.8949 0.1949
vn 0.7545 -0.6218 0.2101
vn -0.9881 -0.0308 -0.1505
vn 0.2410 -0.9540 0.1784
vn 0.0075 -0.4829 0.8756
vn 0.9529 -0.2402 0.1850
vn 0.4862 0.8723 -0.0523
vn -0.1942 -0.9744 0.1132
vn -0.9289 0.3165 -0.1924
vn 0.8719 -0.4457 0.2025
vn -0.2731 -0.9570 0.0982
vn -0.4298 0.8811 -0.1973
vn 0.5374 0.8424 -0.0398
vn -0.6876 -0.7261 -0.0009
vn 0.6014 0.7986 -0.0234
vn -0.8500 0.4852 -0.2049
vn 0.9873 0.0632 0.1456
vn -0.1628 -0.9795 0.1188
vn -0.0228 -0.6503 0.7593
vn 0.0504 0.9427 -0.3298
vn 0.6237 0.7814 -0.0173
vn 0.1454 -0.9753 0.1666
vn 0.0307 0.9869 -0.1585
vn -0.0698 -0.7309 0.6789
vn 0.5473 0.8362 -0.0354
vn -0.0129 -0.9895 0.1438
vn -0.2010 -0.5698 0.7968
vn -0.8557 -0.5142 -0.0585
vn -0.8889 0.4121 -0.2002
vn -0.4768 -0.8773 0.0545
vn -0.9850 -0.1012 -0.1397
vn -0.8555 0.0083 0.5177
vn -0.3141 0.9309 -0.1865
vn -0.9176 -0.3880 -0.0868
vn -0.2081 0.9624 -0.1745
vn -0.2206 0.7434 0.6315
vn 0.4889 -0.8487 0.2018
vn 0.0401 0.9894 -0.1396
vn 0.9028 -0.3817 0.1979
vn -0.1554 0.9735 -0.1679
vn 0.4882 -0.8491 0.2018
vn -0.2757 0.9438 -0.1824
vn -0.0911 -0.9872 0.1312
vn 0.5907 0.8065 -0.0262
vn 0.1731 0.5590 0.8109
vn -0.6085 -0.7932 0.0214
vn 0.9839 0.0996 0.1481
vn 0.2934 0.2811 0.9137
vn -0.5644 -0.8248 0.0330
vn 0.3534 -0.3634 0.8620
vn -0.0439 -0.9893 0.1389
vn 0.5409 -0.8328 0.1176
vn 0.0910 -0.3888 0.9168
vn -0.8026 -0.1698 0.5719
vn -0.2117 -0.9711 0.1099
vn -0.0687 -0.4725 0.8787
vn -0.9168 -0.3900 -0.0864
vn -0.1022 -0.9896 0.1015
vn -0.2668 -0.6685 0.6942
vn -0.2669 0.9524 -0.1471
vn -0.3654 -0.9284 0.0668
vn 0.2414 0.5312 0.8121
vn 0.1319 -0.5265 0.8399
vn -0.2242 0.3769 0.8987
vn 0.5061 -0.0050 0.8624
vn 0.4648 -0.6075 0.6441
vn 0.8555 0.0083 0.5177
vn -0.2679 0.5791 0.7699
vn 0.3681 0.7102 0.6002
vn 0.0169 0.7375 0.6751
vn 0.5100 0.6032 0.6133
vn -0.1884 -0.1812 0.9652
vn 0.2271 0.0965 0.9691
vn 0.2935 -0.2071 0.9333
vn -0.0145 -0.0540 0.9984
vn -0.0594 0.7823 0.6200
vn 0.3990 0.8021 0.4444
vn 0.3374 -0.6227 0.7060
vn 0.7581 0.5916 0.2742
vn 0.5363 0.5899 0.6036
vn 0.3608 -0.4410 0.8218
vn 0.1431 0.9004 0.4109
vn 0.6207 -0.3514 0.7010
vn -0.4457 0.6184 0.6472
vn 0.5802 -0.4733 0.6629
vn 0.3928 0.2888 0.8731
vn 0.1911 -0.6395 0.7446
vn -0.5589 -0.1845 0.8084
vn -0.2840 -0.5909 0.7551
vn -0.2944 0.6717 0.6799
vn 0.5987 -0.2687 0.7546
vn 0.4965 -0.4854 0.7197
vn 0.3506 0.3592 0.8649
vn -0.5175 0.4111 0.7505
vn -0.4818 -0.0039 0.8762
vn 0.7715 0.2554 0.5827
vn 0.5427 0.0554 0.8381
vn -0.2083 -0.4181 0.8842
vn 0.6163 -0.4379 0.6545
vn 0.0825 0.7299 0.6786
vn 0.4039 -0.5805 0.7070
vn 0.0070 0.7673 0.6412
vn 0.2530 -0.5639 0.7861
vn 0.7107 0.5714 0.4103
vn 0.5896 -0.2880 0.7546
vn 0.7565 0.1593 0.6343
vn 0.5313 0.4606 0.7111
vn 0.2339 -0.4955 0.8365
vn -0.2610 0.1520 0.9533
vn -0.1801 -0.5670 0.8038
vn -0.0088 0.6430 0.7658
vn 0.3035 0.4546 0.8374
vn -0.3232 0.2757 0.9053
vn 0.2986 -0.1971 0.9338
vn -0.5358 -0.1204 0.8357
vn 0.5297 0.4512 0.7182
vn -0.5442 -0.3759 0.7500
vn 0.6765 -0.0532 0.7346
vn 0.5223 -0.4613 0.7172
vn 0.2361 0.7187 0.6540
vn -0.0490 0.6941 0.7182
vn 0.1647 0.7309 0.6623
vn 0.0068 0.8474 0.5309
vn 0.0958 -0.5567 0.8251
vn -0.1065 0.1415 0.9842
vn 0.5667 -0.3480 0.7468
vn 0.2863 0.6365 0.7162
vn -0.0210 0.5013 0.8650
vn 0.4365 0.1709 0.8833
vn -0.3977 0.2246 0.8896
vn -0.2503 0.5674 0.7845
vn 0.6137 -0.0116 0.7894
vn 0.6610 0.2529 0.7065
vn -0.3475 -0.0086 0.9377
vn 0.3993 -0.1797 0.8990
vn 0.5887 0.4728 0.6556
vn -0.0733 0.7309 0.6786
vn -0.6723 0.1610 0.7226
vn -0.4597 -0.0904 0.8834
vn 0.7373 0.1291 0.6631
vn -0.2554 0.0348 0.9662
vn 0.5846 -0.1858 0.7898
vn -0.3829 -0.2567 0.8874
vn 0.3722 0.5389 0.7557
vn 0.2231 -0.6615 0.7160
vn -0.0599 0.6341 0.7709
vn 0.5292 0.6762 0.5125
vn 0.4341 0.4413 0.7853
vn -0.3261 0.6739 0.6630
vn 0.6643 -0.1389 0.7344
vn 0.3240 -0.5191 0.7909
vn -0.3898 0.5093 0.7673
vn 0.0988 -0.5714 0.8147
vn -0.2309 -0.1794 0.9563
vn 0.4743 -0.5366 0.6979
vn 0.0835 -0.4994 0.8623
vn 0.5573 0.0581 0.8283
vn -0.1996 -0.3563 0.9128
vn -0.3652 0.1479 0.9191
vn 0.3645 0.7492 0.5530
vn 0.5433 -0.5609 0.6247
vn -0.2595 0.7576 0.5989
vn -0.1611 0.6531 0.7400
vn 0.3729 -0.5078 0.7766
vn -0.0067 -0.3257 0.9455
vn -0.4974 0.1497 0.8545
vn 0.6689 0.4175 0.6150
vn 0.7170 0.4660 0.5185
vn 0.6055 -0.3859 0.6960
vn 0.8472 -0.3038 0.4359
vn -0.5295 0.2929 0.7962
vn 0.6369 0.3400 0.6919
vn 0.7841 0.1741 0.5957
vn -0.0964 0.1454 0.9847
vn 0.0404 0.8048 0.5921
vn -0.1817 -0.5176 0.8361
vn 0.8532 0.0967 0.5126
vn 0.1755 -0.2056 0.9628
vn 0.2115 0.8319 0.5131
vn 0.1534 0.7839 0.6016
vn -0.1635 0.7579 0.6315
vn 0.7746 -0.0031 0.6324
vn -0.6071 0.2169 0.7644
vn 0.4359 0.2381 0.8679
vn 0.4802 -0.4741 0.7380
vn 0.1452 -0.6376 0.7565
vn 0.6607 -0.4094 0.6292
vn -0.2966 0.6310 0.7168
vn -0.9314 0.0289 -0.3629
vn -0.3258 0.7203 0.6124
vn -0.3258 -0.1594 0.9319
vn 0.1154 0.5737 0.8109
vn 0.3902 0.7629 0.5155
vn 0.4636 -0.6037 0.6485
vn 0.2902 -0.3644 0.8849
vn 0.7964 -0.1636 0.5822
vn -0.3559 0.6099 0.7081
vn 0.6366 -0.3443 0.6901
vn 0.3956 -0.4356 0.8085
vn 0.0532 -0.5880 0.8071
vn -0.5420 0.2009 0.8160
vn -0.3512 0.6544 0.6696
vn -0.2514 0.2607 0.9321
vn -0.8108 -0.2549 0.5269
vn -0.4888 -0.2623 0.8320
vn 0.7722 0.1775 0.6101
vn -0.1941 -0.4250 0.8841
vn -0.7043 -0.4586 -0.5419
vn 0.3601 0.7320 0.5784
vn -0.0572 -0.5913 0.8044
vn 0.2206 0.7434 0.6315
vn -0.1906 0.7659 0.6141
vn 0.0332 0.7404 0.6713
vn -0.0163 -0.6372 0.7705
vn 0.1329 0.6145 0.7777
vn -0.1443 -0.3608 0.9214
vn 0.7724 0.0877 0.6290
vn -0.4669 -0.2735 0.8410
vn 0.0060 0.8303 0.5573
vn 0.1424 0.7242 0.6747
vn 0.0639 -0.5588 0.8269
vn 0.1773 -0.6771 0.7142
vn 0.0856 0.7367 0.6708
vn 0.2010 -0.5710 0.7960
vn 0.2118 -0.6678 0.7135
vn 0.2276 -0.6904 0.6867
vn 0.4541 0.8740 -0.1727
vn -0.5012 -0.4842 0.7172
vn -0.1385 -0.9794 0.1471
vn -0.0938 -0.7190 0.6887
vn 0.9506 0.2655 -0.1609
vn -0.2503 -0.3960 0.8835
vn -0.7495 -0.6381 0.1764
vn 0.1986 -0.9689 0.1474
vn 0.0659 -0.9886 0.1354
vn -0.1422 -0.9788 0.1472
vn -0.4888 -0.8581 0.1572
vn 0.0080 -0.5205 0.8538
vn -0.3126 -0.9314 0.1864
vn -0.3874 -0.7314 0.5612
vn -0.0929 -0.6961 0.7120
vn -0.8507 -0.4842 0.2049
vn -0.1902 -0.9665 0.1723
vn -0.4716 -0.8587 0.2006
vn -0.8716 -0.4464 0.2026
vn -0.4680 -0.1881 0.8635
vn -0.7720 0.6356 0.0054
vn 0.2340 -0.9665 0.1057
vn -0.0350 -0.6188 0.7847
vn -0.2268 -0.9578 0.1768
vn 0.4374 -0.8951 0.0871
vn 0.3681 -0.9161 0.1587
vn 0.3087 -0.6945 0.6499
vn 0.0247 -0.9896 0.1420
vn 0.4583 -0.8869 0.0588
vn 0.1351 -0.6821 0.7187
vn 0.1445 -0.9820 0.1221
vn 0.1647 -0.9792 0.1185
vn -0.1036 -0.9815 0.1609
vn 0.0980 -0.4794 0.8721
vn 0.2903 -0.9522 0.0948
vn -0.1140 -0.9801 0.1624
vn 0.6614 -0.4380 0.6088
vn 0.6987 -0.7154 -0.0042
vn 0.6150 -0.7883 0.0197
vn 0.9006 -0.4276 -0.0783
vn 0.7912 -0.6105 -0.0342
vn 0.7089 -0.7052 -0.0073
vn 0.8878 0.4144 -0.2004
vn 0.5725 -0.8193 0.0309
vn 0.4840 -0.5511 0.6797
vn 0.5758 0.7910 -0.2069
vn 0.5244 -0.8504 0.0430
vn 0.1269 -0.9840 0.1251
vn 0.2964 0.9371 -0.1846
vn -0.3072 -0.9333 0.1858
vn -0.5951 0.8033 -0.0250
vn -0.8625 -0.4632 0.2036
vn -0.5611 0.8270 -0.0338
vn -0.2240 0.9686 -0.1076
vn -0.5851 0.8105 -0.0277
vn -0.1930 0.8744 0.4452
vn -0.5213 0.8522 -0.0438
vn -0.6206 -0.7559 0.2088
vn -0.9844 0.1086 0.1385
vn -0.9357 -0.2967 0.1906
vn 0.9389 -0.3297 -0.0987
vn 0.8403 -0.1549 0.5195
vn -0.6573 -0.7238 0.2098
vn -0.8049 -0.5557 0.2082
vn -0.6016 -0.7713 0.2081
vn -0.4653 -0.5886 0.6611
vn 0.9878 -0.0477 -0.1480
vn 0.8815 -0.4671 -0.0695
vn 0.5528 -0.8325 0.0360
vn 0.5375 -0.4912 0.6854
vn 0.8272 0.1366 0.5450
vn 0.6551 -0.7555 0.0086
vn 0.9880 0.0100 -0.1541
vn 0.7561 -0.6540 -0.0223
vn 0.9915 -0.0253 -0.1280
vn 0.9869 0.0282 -0.1590
vn 0.9879 -0.0534 -0.1455
vn 0.8103 -0.0297 0.5852
vn 0.7267 0.6540 -0.2104
vn 0.6948 0.6763 -0.2448
vn 0.6265 0.6143 0.4797
vn 0.9044 -0.4185 -0.0829
vn -0.1645 0.9792 -0.1185
vn 0.1762 0.6517 0.7377
vn -0.2225 0.9689 -0.1079
vn -0.4643 -0.8628 0.2000
vn -0.5450 0.8376 -0.0379
vn 0.8749 -0.4796 -0.0666
vn -0.6265 0.7793 -0.0166
vn -0.8799 0.4702 0.0688
vn 0.4725 0.8582 -0.2006
vn -0.7230 0.6908 0.0116
vn -0.9874 0.0611 0.1459
vn -0.9834 0.1193 0.1367
vn -0.0590 0.9887 -0.1381
vn 0.6233 0.7523 -0.2132
vn -0.1459 0.9818 -0.1218
vn -0.9869 0.0727 0.1441
vn -0.9866 -0.0324 0.1596
vn 0.4835 0.7233 0.4930
vn 0.0233 0.8345 0.5506
vn -0.5103 0.1809 0.8407
vn 0.4651 0.8623 -0.2001
vn -0.6141 -0.7612 0.2086
vn -0.9792 0.1554 0.1308
vn -0.2113 0.9712 -0.1100
vn 0.3872 0.9014 -0.1936
vn 0.5281 -0.8481 0.0421
vn 0.4439 -0.8939 0.0621
vn -0.6657 0.7462 -0.0055
vn 0.1233 -0.9844 0.1258
vn -0.9533 0.2822 0.1080
vn -0.1113 -0.9805 0.1620
vn -0.8990 -0.3904 0.1986
vn 0.0602 -0.6362 0.7692
vn 0.5714 -0.8201 0.0312
vn -0.4377 -0.8771 0.1980
vn 0.9576 0.2224 -0.1831
vn 0.4537 -0.8892 0.0599
vn 0.0245 -0.9896 0.1420
vn -0.1158 -0.6384 0.7609
vn -0.2504 -0.9514 0.1795
vn -0.2458 -0.9526 0.1790
vn 0.9725 -0.1973 -0.1235
vn 0.8397 0.5025 -0.2058
vn -0.0650 -0.9857 0.1555
vn 0.9775 -0.1669 -0.1288
vn -0.4521 -0.8717 0.1889
vn 0.6940 -0.7200 -0.0028
vn -0.9703 -0.1841 0.1567
vn 0.2331 -0.9667 0.1059
vn -0.8626 0.5033 0.0512
vn 0.5458 -0.8371 0.0377
vn -0.9881 0.0080 0.1539
vn -0.4812 0.8750 -0.0535
vn -0.0936 0.9870 -0.1308
vn 0.7536 0.6229 -0.2101
vn 0.5356 0.8193 -0.2048
vn 0.9880 -0.0050 -0.1543
vn -0.7431 -0.6353 0.2103
vn 0.7279 0.6526 -0.2104
vn 0.6549 0.5904 0.4717
vn -0.2636 -0.9520 0.1557
vn 0.1513 0.9742 -0.1673
vn -0.9480 0.3005 0.1045
vn -0.0225 0.9896 -0.1423
vn -0.2629 0.9596 -0.1002
vn 0.1655 0.9716 -0.1692
vn -0.8776 -0.4348 0.2018
vn 0.9219 0.3352 -0.1941
vn 0.1484 0.8642 0.4807
vn 0.1195 0.9765 -0.1791
vn 0.7518 -0.6591 -0.0208
vn -0.0398 0.9894 -0.1396
vn 0.8701 -0.4886 -0.0645
vn 0.7011 -0.7131 -0.0049
vn 0.7723 0.5997 -0.2096
vn 0.9813 -0.1383 -0.1336
vn 0.7393 0.6397 -0.2103
vn 0.3251 0.9269 -0.1876
vn 0.8051 0.5554 -0.2082
vn 0.8019 -0.5963 -0.0379
vn 0.4060 -0.1196 0.9060
vn -0.1693 0.9785 -0.1177
vn -0.7172 0.6968 0.0099
vn -0.1015 0.9864 -0.1295
vn 0.0750 0.9848 -0.1569
vn -0.2203 0.9694 -0.1083
vn 0.3724 0.8326 0.4100
vn 0.3514 0.9167 -0.1903
vn 0.3404 0.9211 -0.1892
vn 0.9876 0.0100 -0.1565
vn -0.4799 0.8756 -0.0538
vn 0.3093 0.9326 -0.1860
vn 0.3309 -0.9397 0.0866
vn -0.9381 0.3322 0.0982
vn -0.2081 -0.9624 0.1745
vn -0.9514 -0.2457 0.1855
vn -0.1507 -0.8175 0.5559
vn -0.2217 -0.9591 0.1762
vn -0.9850 0.1014 0.1396
vn 0.7262 -0.6873 -0.0126
vn -0.9778 -0.1207 0.1712
vn 0.9631 -0.2431 -0.1153
vn -0.8122 -0.5451 0.2078
vn 0.2769 -0.9559 0.0975
vn -0.4627 -0.2557 0.8488
vn -0.4015 -0.8949 0.1949
vn -0.4006 -0.5378 0.7418
vn -0.7545 -0.6218 0.2101
vn 0.1613 -0.4632 0.8715
vn 0.9881 -0.0308 -0.1505
vn 0.0300 -0.9895 0.1411
vn -0.2410 -0.9540 0.1784
vn -0.6044 -0.7690 0.2082
vn -0.9529 -0.2402 0.1850
vn -0.0084 -0.4838 0.8752
vn -0.4862 0.8723 -0.0523
vn 0.1942 -0.9744 0.1132
vn 0.9289 0.3165 -0.1924
vn -0.8719 -0.4457 0.2025
vn 0.2731 -0.9570 0.0982
vn 0.4298 0.8811 -0.1973
vn -0.5374 0.8424 -0.0398
vn -0.2942 0.9511 -0.0940
vn 0.6876 -0.7261 -0.0009
vn -0.6014 0.7986 -0.0234
vn 0.8500 0.4852 -0.2049
vn -0.9873 0.0632 0.1456
vn 0.0378 -0.9901 0.1353
vn 0.1878 -0.9755 0.1143
vn -0.0504 0.9427 -0.3298
vn -0.0308 0.9869 -0.1584
vn -0.6237 0.7814 -0.0173
vn -0.1454 -0.9753 0.1666
vn -0.0235 0.9924 -0.1207
vn -0.1291 0.5838 0.8015
vn 0.0698 -0.7309 0.6789
vn -0.5445 0.8381 -0.0335
vn 0.0073 0.9895 -0.1445
vn 0.0129 -0.9895 0.1438
vn -0.0107 -0.9890 0.1475
vn 0.8557 -0.5142 -0.0585
vn 0.8889 0.4121 -0.2002
vn 0.4768 -0.8773 0.0545
vn 0.9850 -0.1012 -0.1397
vn 0.3141 0.9309 -0.1865
vn 0.9176 -0.3880 -0.0868
vn 0.2081 0.9624 -0.1745
vn 0.3254 0.9268 -0.1877
vn -0.4889 -0.8487 0.2018
vn -0.0401 0.9894 -0.1395
vn -0.9028 -0.3817 0.1979
vn -0.4882 -0.8491 0.2018
vn 0.1554 0.9735 -0.1679
vn -0.2749 0.9565 -0.0979
vn 0.0911 -0.9872 0.1312
vn 0.2051 0.8422 0.4986
vn 0.2757 0.9438 -0.1824
vn 0.6085 -0.7932 0.0214
vn -0.5907 0.8065 -0.0262
vn 0.5644 -0.8248 0.0330
vn -0.3350 0.0442 -0.9412
vn -0.9839 0.0996 0.1481
vn 0.0439 -0.9893 0.1389
vn -0.3622 -0.3585 0.8604
vn -0.3449 0.2598 0.9020
vn 0.2117 -0.9711 0.1099
vn -0.5409 -0.8328 0.1176
vn -0.7978 -0.5729 0.1878
vn 0.8026 -0.1698 0.5719
vn 0.9168 -0.3900 -0.0864
vn 0.0687 -0.4725 0.8787
vn -0.0910 -0.3888 0.9168
vn 0.7422 0.6364 -0.2103
vn 0.2668 -0.6685 0.6942
vn 0.1022 -0.9896 0.1015
vn 0.2667 0.9519 -0.1509
vn 0.3654 -0.9284 0.0668
vn 0.4888 -0.8581 0.1572
vn 0.4716 -0.8587 0.2006
vn 0.8507 -0.4842 0.2049
vn 0.5608 0.8272 -0.0339
vn -0.3512 -0.9327 0.0824
vn -0.1445 -0.9819 0.1221
vn -0.7089 -0.7052 -0.0073
vn 0.9844 0.1086 0.1385
vn 0.9357 -0.2967 0.1906
vn -0.8814 -0.4671 -0.0695
vn 0.8216 -0.5311 0.2072
vn -0.9782 -0.0319 -0.2051
vn -0.6275 0.7509 -0.2057
vn 0.0231 0.9923 -0.1215
vn -0.4725 0.8582 -0.2006
vn 0.9834 0.1193 0.1367
vn 0.9792 0.1554 0.1307
vn -0.3872 0.9014 -0.1936
vn -0.4439 -0.8939 0.0621
vn -0.0245 -0.9896 0.1420
vn 0.2458 -0.9526 0.1790
vn 0.0936 0.9870 -0.1308
vn -0.5356 0.8193 -0.2048
vn 0.0252 -0.9921 0.1226
vn -0.1513 0.9742 -0.1673
vn -0.1655 0.9716 -0.1692
vn -0.7517 -0.6591 -0.0208
vn -0.8051 0.5554 -0.2082
vn -0.3093 0.9326 -0.1860
vn 0.2217 -0.9591 0.1762
vn -0.2769 -0.9559 0.0975
vn 0.6044 -0.7690 0.2082
vn -0.0300 -0.9895 0.1411
vn 0.2942 0.9511 -0.0940
vn 0.0107 -0.9890 0.1475
vn -0.3254 0.9268 -0.1877
vn 0.2749 0.9565 -0.0979
vn 0.7978 -0.5729 0.1878
vn -0.7422 0.6364 -0.2103
vn -0.5804 0.8010 -0.1470
vn -0.0119 -0.0000 -0.9999
vn 0.0033 0.1612 -0.9869
vn 0.0033 -0.0000 -1.0000
vn -0.8844 0.1599 0.4384
vn -0.9968 -0.0000 0.0795
vn -0.8951 -0.0000 0.4459
vn -0.7969 0.1619 0.5820
vn -0.9869 -0.0000 0.1614
vn -0.8080 -0.0000 0.5892
vn -0.0539 -0.0000 0.9985
vn 0.0817 0.1619 0.9834
vn 0.0827 -0.0000 0.9966
vn -0.9487 0.1608 -0.2722
vn -0.7572 -0.0000 -0.6532
vn -0.9613 -0.0000 -0.2757
vn -0.9559 -0.0000 -0.2936
vn -0.8747 0.1620 -0.4569
vn -0.8864 -0.0000 -0.4630
vn -0.2817 -0.0000 -0.9595
vn -0.0117 0.1608 -0.9869
vn -0.1215 0.1699 0.9780
vn -0.2293 -0.0000 0.9734
vn -0.1242 -0.0000 0.9923
vn -0.4212 -0.0000 0.9070
vn -0.6109 0.1605 0.7753
vn -0.6190 -0.0000 0.7854
vn 0.1759 -0.0000 0.9844
vn 0.0882 0.1611 0.9830
vn 0.0896 -0.0000 0.9960
vn -0.7477 0.1665 -0.6428
vn -0.9738 0.1617 0.1599
vn -0.0027 0.5728 -0.8197
vn 0.0011 0.9437 -0.3307
vn -0.0011 0.9437 -0.3307
vn -0.9447 0.1629 0.2845
vn -0.8791 -0.0000 0.4766
vn -0.9576 -0.0000 0.2883
vn -0.1691 0.1596 0.9726
vn -0.1704 -0.0000 0.9854
vn -0.2476 0.1616 0.9553
vn -0.2507 -0.0000 0.9681
vn -0.5788 0.1619 0.7993
vn -0.6994 -0.0000 0.7147
vn -0.5873 -0.0000 0.8094
vn -0.1850 -0.0000 0.9827
vn -0.0534 0.1636 0.9851
vn -0.7316 0.1621 0.6622
vn -0.6687 -0.0000 0.7435
vn -0.7414 -0.0000 0.6711
vn -0.9864 0.1629 -0.0200
vn -0.9910 -0.0000 0.1341
vn -0.9998 -0.0000 -0.0202
vn -0.6218 0.5689 -0.5382
vn 0.0676 0.5763 0.8145
vn -0.8172 0.5607 0.1333
vn -0.8165 0.5737 0.0646
vn -0.9827 0.1675 0.0787
vn -0.8060 0.5818 0.1089
vn -0.9775 0.1641 0.1323
vn -0.5451 0.5798 0.6056
vn -0.6597 0.1633 0.7336
vn -0.1511 0.5762 0.8032
vn -0.0438 0.5825 0.8117
vn -0.2330 0.5618 -0.7938
vn -0.0097 0.5709 -0.8209
vn -0.5751 0.5634 0.5931
vn -0.6908 0.1608 0.7050
vn -0.1864 0.5691 0.8009
vn -0.2052 0.5749 0.7921
vn -0.1424 0.5630 0.8141
vn -0.7793 0.5808 0.2352
vn -0.8670 0.1656 0.4700
vn -0.9434 0.1609 -0.2899
vn -0.2781 0.1616 -0.9469
vn 0.1737 0.1623 0.9713
vn 0.0757 0.5665 0.8206
vn -0.3459 0.5704 0.7450
vn -0.5104 0.5656 0.6478
vn -0.0975 0.5873 0.8035
vn -0.2255 0.1610 0.9609
vn -0.7888 0.5643 -0.2438
vn -0.7255 0.5740 -0.3798
vn -0.8140 0.5806 -0.0172
vn -0.3133 0.9487 0.0423
vn -0.6061 0.5766 0.5478
vn -0.2137 0.9478 0.2368
vn -0.0599 0.9462 0.3180
vn -0.0164 0.9500 0.3118
vn -0.1037 0.9292 -0.3547
vn -0.0040 0.9423 -0.3347
vn -0.4792 0.5765 0.6618
vn -0.2461 0.9330 0.2625
vn -0.0771 0.9400 0.3324
vn -0.0815 0.9454 0.3157
vn -0.0610 0.9347 0.3501
vn -0.3004 0.9495 0.0911
vn -0.7111 0.5881 0.3852
vn 0.0027 0.5728 -0.8197
vn -0.3697 0.9273 0.0583
vn 0.0023 0.7064 -0.7078
vn -0.0024 0.6763 -0.7366
vn -0.0023 0.7064 -0.7078
vn -0.2759 0.9291 -0.2464
vn 0.1436 0.5775 0.8037
vn 0.0350 0.9362 0.3497
vn -0.1472 0.9371 0.3163
vn -0.2171 0.9366 0.2752
vn -0.0387 0.9445 0.3261
vn -0.3413 0.9338 -0.1069
vn -0.2934 0.9434 -0.1543
vn -0.7933 0.5645 -0.2281
vn 0.0265 0.9464 0.3220
vn -0.6668 0.5654 0.4856
vn -0.7414 0.5628 0.3655
vn -0.3562 0.9340 0.0269
vn -0.1140 0.7424 0.6602
vn -0.6945 0.6884 0.2092
vn -0.2687 0.9522 0.1453
vn -0.0082 0.7113 -0.7029
vn -0.6193 0.7793 0.0954
vn -0.1801 0.7686 -0.6139
vn -0.4643 0.7773 -0.4245
vn 0.0563 0.9470 0.3164
vn 0.0696 0.7360 0.6734
vn -0.2856 0.7332 0.6172
vn -0.4192 0.7354 0.5324
vn -0.0697 0.7206 0.6898
vn -0.0087 0.6717 -0.7408
vn -0.6337 0.7463 -0.2035
vn -0.6221 0.7097 -0.3306
vn -0.3417 0.9346 -0.0986
vn 0.0593 0.6977 0.7139
vn -0.2908 0.9337 0.2088
vn -0.3218 0.9333 0.1597
vn -0.6581 0.7515 0.0458
vn -0.3146 0.9492 -0.0074
vn -0.7167 0.6908 0.0957
vn -0.2396 0.9465 0.2161
vn -0.4834 0.6943 0.5332
vn -0.1324 0.6984 0.7034
vn -0.0386 0.6867 0.7259
vn -0.1901 0.9468 0.2596
vn -0.4505 0.7464 0.4898
vn -0.1516 0.7211 0.6761
vn -0.1788 0.7008 0.6905
vn -0.5784 0.6210 -0.5290
vn 0.1258 0.6959 0.7071
vn 0.0783 0.6504 0.7555
vn -0.4697 0.6507 0.5966
vn -0.0751 0.6651 0.7430
vn 0.0024 0.6763 -0.7366
vn -0.0014 0.9064 -0.4225
vn -0.6529 0.6733 -0.3470
vn -0.7360 0.6419 -0.2152
vn -0.6387 0.7464 -0.1868
vn 0.0603 0.6848 0.7262
vn -0.6255 0.6425 0.4428
vn -0.5432 0.7463 0.3846
vn -0.6926 0.6354 0.3416
vn -0.5878 0.7551 0.2903
vn -0.2194 0.6266 -0.7478
vn -0.7206 0.6932 -0.0153
vn -0.7240 0.6896 -0.0153
vn -0.5416 0.6852 0.4870
vn -0.5329 0.6974 0.4792
vn -0.0382 0.6965 0.7166
vn -0.4267 0.6866 0.5887
vn -0.4217 0.6959 0.5813
vn -0.1835 0.6817 0.7083
vn -0.1301 0.6451 0.7530
vn -0.6889 0.6945 0.2076
vn -0.6437 0.6817 0.3477
vn 0.0028 0.5312 -0.8472
vn -0.0028 0.5312 -0.8472
vn -0.7759 0.6194 0.1197
vn -0.3705 0.9197 -0.1299
vn -0.3682 0.9082 -0.1989
vn -0.3521 0.9297 -0.1082
vn 0.0355 0.9032 0.4277
vn -0.3502 0.9354 0.0492
vn -0.2900 0.9469 0.1387
vn -0.7675 0.6389 0.0534
vn -0.4293 0.9014 0.0569
vn -0.7153 0.6923 0.0955
vn -0.2899 0.9027 0.3180
vn -0.4871 0.6886 0.5373
vn -0.0792 0.9035 0.4212
vn -0.0231 0.8996 0.4362
vn -0.1033 0.9304 -0.3517
vn -0.0048 0.9081 -0.4187
vn -0.2532 0.9205 0.2978
vn -0.5189 0.6419 0.5646
vn -0.0853 0.9127 0.3996
vn -0.1073 0.9043 0.4132
vn -0.0604 0.9190 0.3895
vn -0.4169 0.9002 0.1260
vn -0.6265 0.7022 0.3384
vn -0.7297 0.6423 -0.2345
vn -0.2568 0.9277 -0.2709
vn 0.1273 0.6867 0.7157
vn 0.0490 0.9163 0.3975
vn -0.3180 0.6529 0.6874
vn -0.2519 0.9141 0.3177
vn -0.0306 0.9183 0.3947
vn -0.1633 0.6631 0.7305
vn -0.4340 0.9008 -0.0096
vn -0.8408 0.5297 0.1113
vn -0.3198 0.9033 0.2859
vn -0.5722 0.5301 0.6257
vn -0.1569 0.5293 0.8338
vn -0.0442 0.5276 0.8484
vn -0.2329 0.5595 -0.7954
vn -0.0097 0.5326 -0.8463
vn -0.2520 0.9022 0.3501
vn -0.5670 0.5480 0.6149
vn -0.1737 0.5380 0.8248
vn -0.2126 0.5296 0.8212
vn -0.1025 0.5434 0.8332
vn -0.8136 0.5269 0.2459
vn -0.3860 0.8988 0.2079
vn 0.0014 0.9064 -0.4225
vn -0.8212 0.5645 0.0838
vn -0.5250 0.5494 -0.6500
vn 0.0753 0.9026 0.4238
vn 0.1124 0.5415 0.8331
vn -0.1856 0.8997 0.3950
vn -0.5450 0.5210 0.6569
vn 0.0031 0.3275 -0.9449
vn -0.0031 0.3275 -0.9449
vn -0.7859 0.5438 -0.2942
vn -0.7425 0.5342 -0.4041
vn -0.7720 0.5799 -0.2603
vn 0.0701 0.5289 0.8458
vn -0.3337 0.9165 0.2205
vn -0.7411 0.5682 0.3577
vn -0.3899 0.9204 0.0290
vn -0.1927 0.3290 0.9244
vn -0.2366 0.3275 0.9148
vn -0.1107 0.3290 0.9378
vn -0.9044 0.3277 0.2733
vn -0.7468 0.5299 0.4019
vn -0.0108 0.3275 -0.9448
vn -0.9368 0.3419 0.0740
vn -0.2644 0.3367 -0.9037
vn -0.5628 0.3375 -0.7546
vn 0.1479 0.5288 0.8357
vn 0.1299 0.3315 0.9345
vn -0.3448 0.5175 0.7831
vn -0.6078 0.3329 0.7209
vn -0.0570 0.5572 0.8284
vn -0.0033 0.1612 -0.9869
vn -0.8798 0.3324 -0.3399
vn -0.8288 0.3292 -0.4525
vn -0.8778 0.3586 -0.3175
vn 0.0780 0.3275 0.9416
vn -0.8031 0.3344 0.4932
vn -0.7133 0.5315 0.4568
vn -0.8487 0.3425 0.4031
vn -0.8221 0.5529 0.1356
vn -0.8494 0.5275 -0.0193
vn -0.9356 0.3306 0.1238
vn -0.6331 0.5290 0.5651
vn -0.6376 0.3296 0.6963
vn -0.1748 0.3279 0.9284
vn -0.0488 0.3293 0.9430
vn -0.4990 0.5281 0.6871
vn -0.6280 0.3332 0.7032
vn -0.0000 0.5737 0.8191
vn -0.0609 0.3468 0.9360
vn -0.0000 0.9216 0.3881
vn -0.0000 0.6700 0.7423
vn -0.0000 0.7166 0.6975
vn -0.0000 0.9494 0.3140
vn -0.0000 0.6061 0.7954
vn -0.0000 0.1793 0.9838
vn -0.1349 0.6842 0.7168
vn -0.1825 0.1620 0.9698
vn 0.1643 0.3281 0.9302
vn -0.8216 0.5299 -0.2102
vn -0.8445 0.3327 -0.4197
vn -0.9129 0.3350 -0.2331
vn -0.4288 0.8966 -0.1103
vn -0.7569 0.5341 -0.3767
vn -0.6785 0.7122 -0.1800
vn -0.3809 0.9048 -0.1902
vn -0.6418 0.6980 -0.3175
vn -0.7147 0.6732 -0.1899
vn -0.2854 0.9553 -0.0770
vn -0.7758 0.5944 -0.2117
vn -0.2873 0.9473 -0.1419
vn -0.9506 0.1676 -0.2612
vn -0.7294 0.5811 -0.3611
vn -0.8966 -0.0000 -0.4429
vn -0.9642 -0.0000 -0.2652
vn -0.9445 0.3277 -0.0215
vn -0.7501 0.3282 0.5741
vn -0.6735 0.5300 0.5153
vn -0.3398 0.9039 0.2599
vn -0.5805 0.6839 0.4419
vn -0.5693 0.6986 0.4333
vn -0.2578 0.9463 0.1950
vn -0.6513 0.5767 0.4932
vn -0.7868 0.1621 0.5956
vn -0.7974 -0.0000 0.6035
vn -0.7051 0.3275 0.6290
vn -0.5564 0.3275 0.7637
vn -0.6530 0.6850 -0.3232
vn -0.8842 0.1643 -0.4373
vn -0.3690 0.3354 0.8668
vn -0.4154 0.1635 0.8948
vn 0.0119 -0.0000 -0.9999
vn -0.0033 -0.0000 -1.0000
vn 0.9968 -0.0000 0.0795
vn 0.8844 0.1599 0.4384
vn 0.8951 -0.0000 0.4459
vn 0.9869 -0.0000 0.1614
vn 0.7969 0.1619 0.5820
vn 0.8080 -0.0000 0.5892
vn -0.0817 0.1619 0.9834
vn 0.0539 -0.0000 0.9985
vn -0.0827 -0.0000 0.9966
vn 0.7572 -0.0000 -0.6532
vn 0.9487 0.1608 -0.2722
vn 0.9613 -0.0000 -0.2757
vn 0.8747 0.1620 -0.4569
vn 0.9559 -0.0000 -0.2936
vn 0.8864 -0.0000 -0.4630
vn 0.2817 -0.0000 -0.9595
vn 0.0117 0.1608 -0.9869
vn 0.2781 0.1616 -0.9469
vn 0.2293 -0.0000 0.9734
vn 0.1215 0.1699 0.9780
vn 0.1242 -0.0000 0.9923
vn 0.6109 0.1605 0.7753
vn 0.4212 -0.0000 0.9070
vn 0.6190 -0.0000 0.7854
vn -0.0882 0.1611 0.9830
vn -0.1759 -0.0000 0.9844
vn -0.0896 -0.0000 0.9960
vn 0.7477 0.1665 -0.6428
vn 0.9738 0.1617 0.1599
vn 0.8791 -0.0000 0.4766
vn 0.9447 0.1629 0.2845
vn 0.9576 -0.0000 0.2883
vn 0.1691 0.1596 0.9726
vn 0.1704 -0.0000 0.9854
vn 0.2476 0.1616 0.9553
vn 0.2507 -0.0000 0.9681
vn 0.6994 -0.0000 0.7147
vn 0.5788 0.1619 0.7993
vn 0.5873 -0.0000 0.8094
vn 0.0534 0.1636 0.9851
vn 0.1850 -0.0000 0.9827
vn 0.6687 -0.0000 0.7435
vn 0.7316 0.1621 0.6622
vn 0.7414 -0.0000 0.6711
vn 0.9910 -0.0000 0.1341
vn 0.9864 0.1629 -0.0200
vn 0.9998 -0.0000 -0.0202
vn 0.6218 0.5689 -0.5382
vn 0.7933 0.5645 -0.2281
vn -0.0676 0.5763 0.8145
vn 0.8172 0.5607 0.1333
vn 0.6668 0.5654 0.4856
vn 0.8165 0.5737 0.0646
vn 0.7414 0.5628 0.3655
vn 0.8060 0.5818 0.1089
vn 0.8140 0.5806 -0.0172
vn 0.5451 0.5798 0.6056
vn 0.6061 0.5766 0.5478
vn 0.1511 0.5762 0.8032
vn 0.1825 0.1620 0.9698
vn 0.2330 0.5618 -0.7938
vn 0.5751 0.5634 0.5931
vn 0.4792 0.5765 0.6618
vn 0.1864 0.5691 0.8009
vn 0.2255 0.1610 0.9609
vn 0.1424 0.5630 0.8141
vn 0.8670 0.1656 0.4700
vn 0.7793 0.5808 0.2352
vn 0.9434 0.1609 -0.2899
vn -0.0757 0.5665 0.8206
vn -0.1737 0.1623 0.9713
vn 0.3459 0.5704 0.7450
vn 0.4154 0.1635 0.8948
vn 0.0975 0.5873 0.8035
vn 0.0097 0.5709 -0.8209
vn 0.7888 0.5643 -0.2438
vn 0.3133 0.9487 0.0423
vn 0.3146 0.9492 -0.0074
vn 0.2137 0.9478 0.2368
vn 0.2396 0.9465 0.2161
vn 0.0438 0.5825 0.8117
vn 0.0599 0.9462 0.3180
vn 0.1037 0.9292 -0.3547
vn 0.2461 0.9330 0.2625
vn 0.1901 0.9468 0.2596
vn 0.2052 0.5749 0.7921
vn 0.0771 0.9400 0.3324
vn 0.0610 0.9347 0.3501
vn 0.7111 0.5881 0.3852
vn 0.3004 0.9494 0.0911
vn 0.0040 0.9423 -0.3347
vn 0.3697 0.9273 0.0583
vn 0.2759 0.9291 -0.2464
vn -0.0350 0.9362 0.3497
vn -0.1436 0.5775 0.8037
vn 0.5104 0.5656 0.6478
vn 0.1472 0.9371 0.3163
vn 0.0387 0.9445 0.3261
vn 0.7255 0.5740 -0.3798
vn 0.3413 0.9338 -0.1069
vn 0.3417 0.9346 -0.0986
vn -0.0265 0.9464 0.3220
vn 0.2908 0.9337 0.2088
vn 0.3562 0.9340 0.0269
vn 0.3218 0.9333 0.1597
vn 0.1140 0.7424 0.6602
vn 0.2687 0.9522 0.1453
vn 0.6945 0.6884 0.2092
vn 0.0082 0.7113 -0.7029
vn 0.6193 0.7793 0.0954
vn 0.1801 0.7686 -0.6139
vn 0.4643 0.7773 -0.4245
vn -0.0696 0.7360 0.6734
vn -0.0563 0.9470 0.3164
vn 0.2171 0.9366 0.2752
vn 0.2856 0.7332 0.6172
vn 0.0697 0.7206 0.6898
vn 0.0087 0.6717 -0.7408
vn 0.2934 0.9434 -0.1543
vn 0.6337 0.7463 -0.2035
vn 0.6387 0.7464 -0.1868
vn -0.0593 0.6977 0.7139
vn 0.0164 0.9500 0.3118
vn 0.5432 0.7463 0.3846
vn 0.6581 0.7515 0.0458
vn 0.5878 0.7551 0.2903
vn 0.7167 0.6908 0.0957
vn 0.7240 0.6896 -0.0153
vn 0.4834 0.6943 0.5332
vn 0.5329 0.6974 0.4792
vn 0.1324 0.6984 0.7034
vn 0.4505 0.7464 0.4898
vn 0.4217 0.6959 0.5813
vn 0.0815 0.9454 0.3157
vn 0.1516 0.7211 0.6761
vn 0.5784 0.6210 -0.5290
vn -0.0782 0.6504 0.7555
vn -0.1258 0.6959 0.7071
vn 0.4697 0.6507 0.5966
vn 0.4192 0.7354 0.5324
vn 0.0751 0.6651 0.7430
vn 0.6529 0.6733 -0.3470
vn 0.6221 0.7097 -0.3306
vn 0.7360 0.6419 -0.2152
vn -0.0603 0.6848 0.7262
vn 0.0386 0.6867 0.7259
vn 0.6255 0.6425 0.4428
vn 0.6926 0.6354 0.3416
vn 0.2194 0.6266 -0.7478
vn 0.7206 0.6932 -0.0153
vn 0.5416 0.6852 0.4870
vn 0.0382 0.6965 0.7166
vn 0.4267 0.6866 0.5887
vn 0.1835 0.6817 0.7083
vn 0.1788 0.7008 0.6905
vn 0.1301 0.6451 0.7530
vn 0.6437 0.6817 0.3477
vn 0.6889 0.6945 0.2076
vn 0.7759 0.6194 0.1197
vn 0.3705 0.9197 -0.1299
vn 0.7297 0.6423 -0.2345
vn 0.3521 0.9297 -0.1082
vn -0.0355 0.9032 0.4277
vn 0.3502 0.9354 0.0492
vn 0.3337 0.9165 0.2205
vn 0.7675 0.6389 0.0534
vn 0.2900 0.9469 0.1387
vn 0.4293 0.9014 0.0569
vn 0.4340 0.9008 -0.0096
vn 0.2899 0.9027 0.3180
vn 0.3198 0.9033 0.2859
vn 0.0792 0.9035 0.4212
vn 0.1349 0.6842 0.7168
vn 0.1033 0.9304 -0.3517
vn 0.2532 0.9205 0.2978
vn 0.2520 0.9022 0.3501
vn 0.0853 0.9127 0.3996
vn 0.1633 0.6631 0.7305
vn 0.0604 0.9190 0.3895
vn 0.6265 0.7022 0.3384
vn 0.4169 0.9002 0.1260
vn 0.2568 0.9277 -0.2709
vn -0.0490 0.9163 0.3975
vn -0.1273 0.6867 0.7157
vn 0.2519 0.9141 0.3177
vn 0.3180 0.6529 0.6874
vn 0.0306 0.9183 0.3947
vn 0.0048 0.9081 -0.4187
vn 0.8408 0.5297 0.1113
vn 0.8494 0.5275 -0.0193
vn 0.5722 0.5301 0.6257
vn 0.6331 0.5290 0.5651
vn 0.0231 0.8996 0.4362
vn 0.1569 0.5293 0.8338
vn 0.2329 0.5595 -0.7954
vn 0.5670 0.5480 0.6149
vn 0.4990 0.5281 0.6871
vn 0.1073 0.9043 0.4132
vn 0.1737 0.5380 0.8248
vn 0.1025 0.5434 0.8332
vn 0.3860 0.8988 0.2079
vn 0.8136 0.5269 0.2459
vn 0.0097 0.5326 -0.8463
vn 0.8212 0.5645 0.0838
vn 0.5250 0.5494 -0.6500
vn -0.1124 0.5415 0.8331
vn -0.0753 0.9026 0.4238
vn 0.5450 0.5210 0.6569
vn 0.1856 0.8997 0.3950
vn 0.0570 0.5572 0.8284
vn 0.3682 0.9082 -0.1989
vn 0.7859 0.5438 -0.2942
vn 0.7720 0.5799 -0.2603
vn -0.0701 0.5289 0.8458
vn 0.7133 0.5315 0.4568
vn 0.3899 0.9204 0.0289
vn 0.7411 0.5682 0.3577
vn 0.2126 0.5296 0.8212
vn 0.1927 0.3290 0.9244
vn 0.1107 0.3290 0.9378
vn 0.7468 0.5299 0.4019
vn 0.9044 0.3277 0.2733
vn 0.0108 0.3275 -0.9448
vn 0.9368 0.3419 0.0740
vn 0.2644 0.3367 -0.9037
vn 0.5628 0.3375 -0.7546
vn -0.1299 0.3315 0.9345
vn -0.1479 0.5288 0.8357
vn 0.6078 0.3329 0.7209
vn 0.3448 0.5175 0.7831
vn 0.0609 0.3468 0.9360
vn 0.7425 0.5342 -0.4041
vn 0.8798 0.3324 -0.3399
vn 0.8778 0.3586 -0.3175
vn -0.0780 0.3275 0.9416
vn 0.0442 0.5276 0.8484
vn 0.8031 0.3344 0.4932
vn 0.8221 0.5529 0.1356
vn 0.8487 0.3425 0.4031
vn 0.9356 0.3306 0.1238
vn 0.9445 0.3277 -0.0215
vn 0.6376 0.3296 0.6963
vn 0.7051 0.3275 0.6290
vn 0.1748 0.3279 0.9284
vn 0.6280 0.3332 0.7032
vn 0.5564 0.3275 0.7637
vn -0.0000 0.3656 0.9308
vn 0.2366 0.3275 0.9148
vn -0.1643 0.3281 0.9302
vn 0.8216 0.5299 -0.2102
vn 0.8445 0.3327 -0.4197
vn 0.7569 0.5341 -0.3767
vn 0.4288 0.8966 -0.1103
vn 0.3809 0.9048 -0.1902
vn 0.6785 0.7122 -0.1800
vn 0.6530 0.6850 -0.3232
vn 0.6418 0.6980 -0.3175
vn 0.7147 0.6732 -0.1899
vn 0.2854 0.9553 -0.0770
vn 0.2873 0.9473 -0.1419
vn 0.7758 0.5944 -0.2117
vn 0.7294 0.5811 -0.3611
vn 0.9506 0.1676 -0.2612
vn 0.8842 0.1643 -0.4373
vn 0.8966 -0.0000 -0.4429
vn 0.9642 -0.0000 -0.2652
vn 0.9129 0.3350 -0.2331
vn 0.7153 0.6923 0.0955
vn 0.9775 0.1641 0.1323
vn 0.7501 0.3282 0.5741
vn 0.8303 0.3332 0.4467
vn 0.6735 0.5300 0.5153
vn 0.3398 0.9039 0.2599
vn 0.5693 0.6986 0.4333
vn 0.2578 0.9463 0.1950
vn 0.6513 0.5767 0.4932
vn 0.7974 -0.0000 0.6035
vn 0.5805 0.6839 0.4419
vn 0.7868 0.1621 0.5956
vn 0.4871 0.6886 0.5373
vn 0.6597 0.1633 0.7336
vn 0.8288 0.3292 -0.4525
vn 0.3690 0.3354 0.8668
vn 0.9253 0.3477 0.1515
vn 0.9827 0.1675 0.0787
vn 0.5189 0.6419 0.5646
vn 0.6908 0.1608 0.7050
vn -0.0000 1.0000 -0.0000
vn -0.8303 0.3332 0.4467
vn -0.9253 0.3477 0.1515
vn 0.0488 0.3293 0.9430
vn -0.3679 0.1996 0.9082
vn -0.9267 0.0391 0.3739
vn -0.8566 0.4256 0.2918
vn -0.2111 -0.5782 -0.7881
vn 0.3181 -0.5917 -0.7408
vn -0.0253 -0.6593 -0.7514
vn -0.2424 -0.3096 -0.9194
vn 0.1341 -0.9295 -0.3436
vn 0.4072 0.0778 -0.9100
vn 0.0363 0.0934 -0.9950
vn -0.2139 0.5801 -0.7860
vn 0.2479 0.8182 -0.5187
vn -0.1487 0.6201 -0.7703
vn -0.4812 0.4173 -0.7709
vn 0.3264 0.6314 -0.7034
vn -0.9012 0.1631 -0.4017
vn -0.9024 0.4246 -0.0735
vn -0.9818 0.1505 0.1156
vn -0.3415 0.0391 -0.9391
vn 0.4067 -0.0184 -0.9134
vn 0.4294 0.1996 -0.8808
vn -0.2221 -0.1525 -0.9630
vn -0.2295 -0.2718 -0.9346
vn 0.4057 -0.0499 -0.9126
vn 0.3154 -0.3216 -0.8928
vn 0.4605 -0.2278 -0.8579
vn 0.5208 -0.3436 -0.7815
vn 0.2305 0.4106 -0.8822
vn 0.4395 0.4660 -0.7679
vn 0.4557 -0.2574 -0.8521
vn -0.2168 -0.1294 -0.9676
vn -0.5335 0.4249 -0.7313
vn -0.1704 0.5878 -0.7909
vn -0.2637 -0.2299 -0.9368
vn -0.3713 -0.0394 -0.9277
vn -0.8251 -0.1422 -0.5468
vn 0.1396 -0.0799 -0.9870
vn -0.3361 0.7150 -0.6130
vn -0.1747 0.6441 -0.7448
vn -0.1742 -0.1471 -0.9737
vn -0.1801 0.9476 -0.2639
vn 0.2749 0.4359 -0.8570
vn 0.1029 0.0958 -0.9901
vn 0.3646 0.4450 -0.8180
vn 0.4058 -0.0787 -0.9105
vn -0.3079 -0.5126 -0.8015
vn -0.2517 0.2780 -0.9270
vn -0.1274 -0.5973 -0.7918
vn -0.9069 0.1188 -0.4042
vn -0.8202 0.4400 -0.3656
vn -0.2266 -0.7065 -0.6704
vn -0.0167 -0.9407 -0.3389
vn -0.1849 -0.9418 -0.2808
vn -0.7716 -0.5351 -0.3439
vn -0.7311 -0.5995 -0.3259
vn -0.2098 -0.4189 -0.8835
vn -0.7751 -0.5290 -0.3455
vn -0.8251 -0.4289 -0.3678
vn -0.5988 -0.4709 -0.6479
vn -0.6317 0.0993 -0.7688
vn -0.7957 0.4909 -0.3547
vn -0.8725 0.2958 -0.3889
vn -0.8477 0.3506 -0.3981
vn -0.7864 -0.5086 -0.3505
vn -0.2429 -0.3739 -0.8951
vn -0.6957 0.5090 -0.5068
vn -0.5493 0.7209 -0.4226
vn -0.3196 0.6930 -0.6462
vn -0.4045 0.0778 0.9112
vn -0.8458 -0.3096 0.4344
vn -0.9067 0.0767 0.4148
vn -0.7947 -0.4930 -0.3542
vn -0.6311 -0.4499 -0.6319
vn -0.4270 -0.7326 -0.5300
vn -0.3383 -0.5917 0.7318
vn -0.8263 0.2125 0.5216
vn -0.7273 -0.5782 0.3699
vn -0.6568 -0.0661 0.7512
vn -0.9674 0.2040 0.1504
vn -0.8846 0.1540 0.4401
vn -0.5357 0.3246 0.7795
vn -0.8302 0.4238 0.3621
vn -0.7627 0.5684 0.3085
vn -0.6034 0.0474 0.7960
vn -0.2436 0.7758 0.5821
vn -0.6723 0.6201 0.4044
vn -0.3291 -0.2574 0.9086
vn -0.5020 0.4106 0.7612
vn -0.6407 -0.0799 0.7637
vn -0.4074 -0.0184 0.9131
vn -0.9064 -0.0282 0.4215
vn -0.8628 0.3506 -0.3643
vn -0.7760 0.4449 0.4472
vn -0.8024 0.3841 0.4567
vn -0.8420 0.5090 -0.1785
vn -0.6341 0.5206 0.5717
vn -0.6942 0.6930 0.1943
vn -0.8219 0.5690 0.0257
vn -0.6814 0.7209 -0.1260
vn -0.9021 -0.4220 0.0896
vn -0.6916 -0.6782 0.2486
vn -0.6396 -0.4142 0.6475
vn -0.8821 -0.4709 -0.0121
vn -0.7834 -0.3396 0.5206
vn -0.9375 -0.3330 -0.1008
vn -0.8406 -0.1471 0.5214
vn -0.9381 -0.0394 0.3440
vn -0.9941 0.0993 0.0442
vn -0.9983 0.0392 0.0428
vn -0.7339 0.5953 -0.3271
vn -0.8213 0.4549 -0.3444
vn -0.7973 0.4879 -0.3554
vn -0.7874 0.5841 -0.1973
vn -0.9593 -0.1374 0.2468
vn -0.6771 0.6275 0.3844
vn -0.9931 0.0970 0.0652
vn -0.3765 -0.3805 0.8447
vn -0.6675 0.0958 0.7384
vn -0.7496 -0.1642 0.6412
vn -0.3299 -0.5858 0.7403
vn -0.8472 -0.3808 0.3705
vn -0.4531 -0.3216 0.8314
vn -0.5859 0.1742 0.7914
vn -0.8577 0.2780 0.4325
vn -0.6538 0.7526 0.0786
vn -0.8645 -0.1294 0.4856
vn -0.9005 0.4249 0.0921
vn -0.4102 0.8044 -0.4298
vn -0.7972 -0.4189 0.4346
vn -0.4075 -0.0372 0.9125
vn -0.7313 -0.4508 0.5118
vn -0.3167 0.9476 0.0425
vn -0.4673 0.7887 0.3995
vn -0.8743 0.4692 0.1243
vn -0.6764 -0.6953 0.2429
vn -0.1658 -0.9295 0.3294
vn -0.6212 -0.6478 0.4411
vn -0.4412 -0.0565 0.8956
vn -0.8307 -0.2419 0.5015
vn -0.5411 -0.8057 -0.2412
vn -0.6228 0.7315 -0.2776
vn -0.8655 -0.3196 -0.3858
vn -0.7017 -0.3330 -0.6299
vn -0.6397 -0.7138 -0.2851
vn 0.0044 0.0665 -0.9978
vn -0.1674 -0.5864 -0.7925
vn -0.6580 0.4246 -0.6219
vn -0.0998 0.6117 -0.7848
vn 0.1480 0.8265 -0.5431
vn -0.2976 0.0767 -0.9516
vn -0.8051 0.4549 -0.3805
vn -0.6731 0.5841 -0.4536
vn -0.6154 0.0970 -0.7822
vn 0.1969 0.1742 -0.9648
vn -0.0153 0.7887 -0.6146
vn 0.4073 0.0105 -0.9133
vn -0.1862 0.4449 -0.8760
vn -0.1968 0.3841 -0.9021
vn -0.2858 0.4238 -0.8595
vn 0.1751 0.3294 -0.9278
vn 0.2216 0.3246 -0.9195
vn -0.3557 0.4256 -0.8321
vn -0.2805 0.5684 -0.7734
vn 0.3367 0.4670 -0.8176
vn -0.7977 -0.3488 0.4920
vn -0.4074 -0.0310 0.9127
vn -0.8281 -0.3739 0.4177
vn -0.1645 0.2125 -0.9632
vn 0.3993 0.2403 -0.8848
vn -0.0873 -0.6478 -0.7568
vn 0.2654 -0.7308 -0.6289
vn -0.4578 -0.1374 -0.8784
vn -0.2786 -0.6765 -0.6817
vn -0.2716 -0.6953 -0.6655
vn -0.5236 -0.2965 -0.7987
vn -0.1882 -0.1830 -0.9649
vn 0.0540 -0.4142 -0.9086
vn -0.1083 -0.4508 -0.8861
vn 0.4023 -0.1167 -0.9080
vn -0.2774 -0.6782 -0.6805
vn 0.3629 0.4917 -0.7916
vn -0.2909 -0.3808 -0.8777
vn -0.5938 0.8044 -0.0177
vn 0.1741 0.9039 -0.3907
vn -0.1365 -0.3396 -0.9306
vn 0.1886 0.0474 -0.9809
vn 0.0705 -0.7376 -0.6716
vn 0.3142 -0.5049 -0.8040
vn -0.1546 0.4995 -0.8524
vn -0.7544 -0.5637 -0.3362
vn -0.9129 -0.0331 -0.4069
vn -0.2925 -0.0282 -0.9558
vn -0.8436 0.3833 -0.3760
vn -0.6830 0.3147 -0.6591
vn -0.7151 -0.0406 -0.6978
vn -0.1727 -0.9080 -0.3817
vn -0.7868 -0.6117 -0.0823
vn -0.5729 0.3294 0.7505
vn -0.8792 0.4192 0.2262
vn -0.8434 -0.1830 0.5051
vn -0.4028 -0.1924 0.8949
vn -0.7275 0.5801 0.3664
vn -0.2241 0.8113 0.5400
vn -0.9440 -0.2965 0.1445
vn -0.6796 -0.7326 0.0368
vn -0.8019 -0.5127 0.3068
vn -0.1674 -0.3488 -0.9221
vn 0.4064 -0.0310 -0.9132
vn 0.2701 0.7757 -0.5703
vn 0.4074 0.0620 -0.9112
vn 0.2568 0.8019 -0.5394
vn -0.7391 0.0665 0.6703
vn -0.3461 0.4917 0.7991
vn -0.7289 0.6027 -0.3249
vn -0.7372 0.4995 0.4549
vn -0.9583 -0.1422 -0.2481
vn -0.9129 -0.0314 -0.4069
vn -0.4063 -0.1167 0.9062
vn -0.7013 -0.5864 0.4054
vn -0.3194 0.4554 0.8310
vn -0.8484 -0.2718 0.4541
vn -0.4074 -0.0606 0.9112
vn -0.3907 -0.3235 0.8618
vn -0.8730 -0.2299 0.4302
vn -0.9108 0.0747 -0.4060
vn -0.8918 -0.4499 -0.0469
vn -0.9110 -0.0715 -0.4061
vn -0.0240 -0.9997 -0.0011
vn -0.1939 -0.9772 -0.0864
vn -0.0283 -0.9995 -0.0126
vn 0.0239 0.1663 -0.9858
vn 0.4046 0.1605 -0.9003
vn -0.4196 0.4192 -0.8051
vn 0.4025 -0.1135 -0.9083
vn 0.4074 0.0561 -0.9115
vn 0.4045 0.4554 -0.7931
vn 0.4062 -0.0372 -0.9130
vn 0.3576 -0.4420 -0.8226
vn -0.4920 0.4692 -0.7333
vn -0.1668 0.6275 -0.7605
vn -0.7245 0.0552 -0.6871
vn 0.0013 0.5206 -0.8538
vn -0.5304 0.5690 -0.6285
vn -0.3324 -0.9418 0.0502
vn -0.6501 -0.7065 0.2797
vn -0.8473 -0.3735 -0.3776
vn -0.5704 0.1505 -0.8074
vn -0.6562 -0.6956 -0.2925
vn -0.5365 -0.4220 -0.7308
vn -0.6356 0.0392 -0.7710
vn 0.3797 -0.3235 -0.8667
vn 0.2518 0.8113 -0.5277
vn 0.0829 0.1260 -0.9886
vn -0.8901 -0.2241 -0.3967
vn 0.3962 -0.1924 -0.8978
vn 0.3656 0.4787 -0.7982
vn 0.2989 0.6994 -0.6492
vn 0.4066 -0.0235 -0.9133
vn 0.3765 -0.3805 -0.8447
vn -0.0242 -0.1642 -0.9861
vn -0.5872 -0.6117 -0.5301
vn -0.0998 -0.9779 0.1836
vn -0.4523 -0.7376 0.5014
vn -0.2633 -0.9407 0.2141
vn -0.6741 -0.5973 0.4346
vn -0.9468 0.3147 -0.0673
vn -0.3994 -0.9080 0.1268
vn -0.5349 0.2040 -0.8199
vn -0.0169 -0.9997 -0.0171
vn -0.6609 0.6902 -0.2946
vn -0.8647 -0.1525 0.4786
vn 0.2382 0.6022 -0.7620
vn -0.4069 0.0105 0.9134
vn -0.1823 -0.2419 -0.9530
vn 0.3711 -0.0565 -0.9269
vn 0.4053 -0.0606 -0.9122
vn 0.4069 -0.0122 -0.9134
vn 0.2600 0.7859 -0.5610
vn -0.7299 -0.0259 -0.6831
vn -0.3787 0.7526 -0.5388
vn 0.0698 -0.9779 -0.1969
vn -0.6729 -0.6763 -0.2999
vn -0.5515 0.7971 -0.2458
vn -0.5757 -0.6593 0.4836
vn -0.6932 -0.6765 0.2486
vn -0.6798 0.1260 0.7225
vn -0.3830 0.4670 0.7970
vn -0.7264 -0.2336 0.6463
vn -0.7171 0.1663 0.6768
vn -0.2773 0.4660 0.8402
vn -0.3050 0.8265 0.4731
vn -0.6707 0.6440 0.3680
vn -0.2295 0.8019 0.5516
vn -0.6503 0.6117 0.4504
vn -0.6806 0.7150 0.1599
vn -0.9953 0.0552 -0.0795
vn -0.9959 -0.0259 -0.0861
vn -0.4535 0.4359 0.7774
vn -0.1741 0.9039 0.3907
vn -0.2330 -0.3436 0.9098
vn -0.3879 -0.5049 0.7711
vn -0.7021 0.5878 0.4020
vn -0.2829 0.6994 0.6563
vn -0.4065 -0.1092 0.9071
vn -0.2903 -0.7308 0.6178
vn -0.8791 -0.2714 -0.3918
vn -0.5034 -0.0948 -0.8589
vn 0.1196 -0.0661 -0.9906
vn -0.3727 -0.4420 0.8159
vn 0.2385 0.3128 -0.9194
vn 0.2280 -0.3071 -0.9240
vn -0.0049 -0.2336 -0.9723
vn -0.4059 -0.0787 0.9105
vn 0.3166 0.6613 -0.6800
vn 0.3300 -0.5858 -0.7403
vn 0.0201 -0.8526 -0.5221
vn -0.2641 0.1540 -0.9521
vn -0.5243 0.3128 0.7920
vn -0.9752 -0.0948 0.1998
vn -0.3049 0.6314 0.7130
vn -0.8950 0.4173 0.1575
vn -0.7157 0.0934 0.6922
vn -0.2200 0.8182 0.5311
vn 0.4028 -0.1092 -0.9087
vn -0.4074 -0.0235 0.9130
vn -0.4055 0.0561 0.9124
vn -0.4074 -0.0499 0.9119
vn -0.4064 -0.1135 0.9066
vn -0.2941 0.6613 0.6901
vn -0.9970 -0.0406 -0.0653
vn -0.4201 -0.8766 -0.2346
vn 0.8843 -0.0222 -0.4663
vn 0.7923 0.0736 -0.6057
vn 0.0941 0.1615 0.9824
vn -0.9766 -0.1213 0.1774
vn -0.9025 -0.3947 0.1726
vn -0.6854 0.0475 0.7266
vn 0.8977 0.0553 0.4371
vn 0.8933 0.2001 0.4025
vn 0.1067 0.1104 0.9881
vn -0.8523 0.4882 0.1876
vn -0.8518 0.4981 0.1625
vn -0.7415 0.6347 -0.2176
vn -0.9067 0.0263 -0.4210
vn -0.9671 -0.1672 0.1917
vn -0.9031 -0.3836 -0.1928
vn -0.8736 -0.3482 0.3399
vn -0.8794 0.1642 0.4470
vn -0.7948 -0.1108 0.5966
vn -0.9896 -0.1420 -0.0243
vn -0.0170 0.0068 0.9998
vn -0.0643 0.1332 0.9890
vn -0.7283 0.4006 0.5559
vn 0.0382 -0.4390 0.8977
vn 0.1211 -0.4574 0.8810
vn -0.7584 0.1380 0.6370
vn 0.2856 0.0743 0.9555
vn 0.2839 -0.1038 0.9532
vn -0.6962 -0.1446 0.7031
vn 0.3559 0.0970 0.9295
vn -0.7546 0.0972 0.6490
vn -0.6938 0.2938 0.6575
vn -0.9856 -0.0011 0.1690
vn -0.7864 -0.0946 0.6104
vn -0.6769 -0.2901 0.6765
vn -0.7152 -0.2829 0.6392
vn -0.5799 -0.2808 0.7648
vn -0.6108 -0.2422 0.7538
vn -0.8010 -0.4276 0.4190
vn -0.0561 0.1199 0.9912
vn 0.9413 0.0650 0.3311
vn -0.0124 0.1660 0.9860
vn -0.7745 -0.6303 0.0535
vn -0.8411 -0.5024 -0.2003
vn -0.6408 -0.5318 0.5537
vn -0.4639 -0.2726 0.8429
vn -0.4669 -0.2615 0.8448
vn -0.6312 0.3790 0.6767
vn -0.6933 0.6276 0.3542
vn -0.1768 0.6276 -0.7582
vn -0.5168 0.7204 -0.4625
vn -0.5776 0.6261 -0.5238
vn 0.0095 -0.5318 -0.8468
vn 0.1347 -0.0621 -0.9889
vn -0.7295 -0.0612 -0.6813
vn -0.8917 0.1827 -0.4140
vn -0.8301 0.3834 -0.4049
vn -0.5781 0.3728 -0.7258
vn -0.4505 -0.3947 -0.8008
vn -0.8426 -0.3702 -0.3912
vn -0.4947 -0.1213 -0.8605
vn 0.1520 0.0333 -0.9878
vn 0.9359 -0.0814 0.3426
vn 0.0268 -0.2829 -0.9588
vn -0.5135 -0.4829 -0.7093
vn -0.4571 -0.6252 -0.6326
vn -0.8529 -0.0067 -0.5220
vn -0.6006 0.1315 -0.7886
vn -0.0571 -0.1109 -0.9922
vn -0.6572 -0.1420 -0.7402
vn -0.0041 0.4164 -0.9092
vn -0.6560 0.3826 -0.6507
vn 0.6564 -0.3022 -0.6912
vn -0.1553 0.0955 -0.9832
vn -0.0651 0.1964 -0.9784
vn 0.8235 -0.2738 -0.4968
vn 0.4782 -0.2191 -0.8505
vn 0.2860 0.3325 -0.8987
vn 0.7134 0.1261 -0.6893
vn 0.1525 -0.0569 -0.9867
vn 0.1761 -0.2514 -0.9517
vn 0.1266 0.0070 -0.9919
vn -0.1202 0.5890 -0.7992
vn -0.6868 0.7204 -0.0963
vn -0.7729 0.6261 -0.1032
vn 0.0862 0.2579 -0.9623
vn 0.0847 0.3048 -0.9486
vn 0.8982 0.1250 -0.4214
vn 0.2274 -0.2641 0.9373
vn 0.6716 -0.2221 -0.7069
vn -0.9085 0.2207 -0.3549
vn -0.8574 0.2207 -0.4650
vn -0.6925 -0.0273 0.7209
vn -0.4603 0.3345 0.8223
vn -0.5184 0.1754 0.8370
vn -0.9912 -0.0612 -0.1176
vn -0.8973 0.1722 0.4065
vn 0.1334 0.1012 0.9859
vn 0.0894 -0.2762 0.9569
vn -0.7347 0.6264 0.2606
vn -0.6878 0.6134 0.3882
vn -0.9420 0.3233 0.0900
vn 0.8429 -0.3806 0.3804
vn 0.8942 -0.2708 0.3563
vn 0.9123 -0.1856 0.3651
vn -0.6958 -0.5024 -0.5133
vn 0.1112 -0.4025 -0.9087
vn -0.0303 -0.1150 -0.9929
vn 0.9160 0.3389 0.2148
vn 0.1403 -0.3680 -0.9192
vn 0.0277 -0.4252 -0.9047
vn -0.0655 -0.4698 -0.8803
vn -0.7545 -0.6531 -0.0651
vn -0.7147 -0.4698 0.5181
vn 0.0484 -0.3110 -0.9492
vn -0.1968 -0.4276 -0.8823
vn -0.3041 -0.3482 -0.8867
vn 0.0285 0.2642 0.9640
vn 0.7517 0.1980 -0.6291
vn 0.7708 0.1590 -0.6169
vn 0.7481 -0.0292 -0.6630
vn 0.7310 -0.1232 -0.6712
vn 0.0863 -0.1418 -0.9861
vn -0.2812 -0.5860 -0.7600
vn -0.0718 -0.7311 -0.6784
vn 0.1275 -0.3505 -0.9278
vn 0.7541 0.0953 -0.6498
vn 0.7925 0.0674 -0.6061
vn 0.1554 0.2226 -0.9624
vn 0.1380 0.1040 -0.9850
vn -0.2261 0.1642 -0.9602
vn -0.7230 0.2698 -0.6360
vn -0.6300 -0.7194 -0.2925
vn -0.4067 0.4882 -0.7722
vn -0.6705 0.5865 -0.4545
vn -0.6447 0.6347 -0.4260
vn -0.2200 0.1542 -0.9632
vn 0.8576 -0.1757 -0.4834
vn 0.8832 0.0793 -0.4623
vn 0.4531 0.1194 -0.8834
vn -0.7658 -0.0331 0.6423
vn -0.9887 -0.0273 0.1474
vn -0.7103 -0.1941 0.6766
vn -0.6178 -0.0292 0.7858
vn -0.5639 -0.7467 0.3529
vn 0.3303 0.0703 0.9413
vn -0.6847 0.2319 0.6910
vn 0.2122 0.2129 0.9538
vn -0.9373 -0.1761 -0.3008
vn -0.8153 0.3756 0.4407
vn -0.7782 -0.6252 0.0590
vn -0.4255 0.4981 -0.7556
vn -0.5069 -0.0011 -0.8620
vn 0.1450 0.1315 -0.9806
vn -0.8261 0.4129 -0.3836
vn -0.9900 0.1315 0.0501
vn -0.9492 -0.0067 -0.3146
vn -0.7781 -0.1150 0.6176
vn -0.6972 0.4164 0.5836
vn -0.9204 0.3826 -0.0812
vn -0.0251 0.1817 0.9830
vn -0.6311 -0.3567 0.6889
vn -0.7745 0.0284 0.6320
vn -0.6732 -0.4252 0.6050
vn 0.8874 0.2265 0.4015
vn 0.9139 0.0084 -0.4059
vn 0.2351 0.2418 -0.9414
vn -0.6786 -0.6635 -0.3151
vn -0.5366 -0.6531 -0.5343
vn -0.6496 -0.5367 -0.5385
vn -0.4590 -0.6303 -0.6262
vn -0.7102 -0.2204 -0.6686
vn 0.6900 0.0851 -0.7188
vn 0.7381 -0.3686 -0.5651
vn -0.9691 -0.2204 -0.1111
vn -0.8306 -0.5367 -0.1487
vn -0.7301 -0.3836 -0.5655
vn -0.8732 -0.4829 0.0655
vn -0.8450 0.3834 -0.3728
vn -0.0402 -0.2801 0.9591
vn -0.7620 -0.5860 0.2756
vn -0.9524 0.2698 -0.1419
vn -0.8264 0.0755 0.5580
vn -0.8354 0.2296 0.4994
vn -0.2080 -0.6293 -0.7488
vn 0.9144 -0.1620 -0.3709
vn 0.1496 0.2700 0.9512
vn 0.5263 -0.2367 -0.8167
vn -0.1896 0.3755 -0.9072
vn -0.6407 0.7078 -0.2975
vn -0.5391 0.3233 -0.7777
vn -0.5254 -0.0273 -0.8504
vn 0.8170 0.1295 -0.5619
vn -0.9275 0.3728 0.0267
vn -0.6714 -0.2219 0.7071
vn -0.0698 -0.2726 -0.9596
vn -0.4776 -0.1672 -0.8625
vn -0.1973 -0.0059 -0.9803
vn -0.1145 -0.1554 -0.9812
vn 0.3022 -0.1874 0.9346
vn -0.7566 0.0658 -0.6505
vn -0.6224 -0.4025 0.6713
vn 0.8323 0.5195 0.1932
vn -0.4752 0.8517 -0.2206
vn 0.8844 -0.1359 -0.4464
vn -0.7063 -0.6293 0.3243
vn -0.3351 -0.9292 -0.1556
vn 0.9427 0.0026 -0.3337
vn -0.7798 0.5865 -0.2189
vn 0.2828 0.0113 0.9591
vn 0.4749 0.2038 -0.8561
vn -0.2750 0.6264 -0.7294
vn -0.8347 -0.1761 -0.5219
vn -0.9852 0.0658 -0.1582
vn 0.7264 -0.2336 0.6464
vn 0.8846 0.1540 0.4401
vn 0.6568 -0.0661 0.7512
vn -0.7481 -0.0292 -0.6630
vn -0.7310 -0.1232 -0.6712
vn 0.1145 -0.1554 -0.9812
vn 0.6798 0.1260 0.7225
vn 0.6771 0.6275 0.3844
vn 0.4075 0.6022 0.6865
vn 0.8725 0.2958 -0.3889
vn 0.8628 0.3506 -0.3643
vn 0.7957 0.4909 -0.3547
vn 0.1973 -0.0059 -0.9803
vn -0.1380 0.1040 -0.9850
vn -0.1525 -0.0569 -0.9867
vn 0.0571 -0.1108 -0.9922
vn 0.4571 -0.6252 -0.6326
vn -0.0277 -0.4252 -0.9047
vn 0.0655 -0.4698 -0.8803
vn -0.9144 -0.1620 -0.3709
vn -0.3303 0.0703 0.9413
vn -0.8982 0.1250 -0.4214
vn 0.3679 0.1996 0.9082
vn 0.9267 0.0391 0.3739
vn 0.4074 -0.0184 0.9131
vn 0.7977 -0.3488 0.4920
vn 0.4074 -0.0310 0.9127
vn 0.4074 -0.0606 0.9112
vn 0.8434 -0.1830 0.5051
vn 0.4028 -0.1924 0.8948
vn 0.2241 0.8113 0.5400
vn 0.8523 0.4882 0.1876
vn 0.7798 0.5865 -0.2189
vn 0.7415 0.6347 -0.2176
vn 0.9492 -0.0067 -0.3146
vn 0.8347 -0.1761 -0.5219
vn 0.8529 -0.0067 -0.5220
vn 0.4947 -0.1213 -0.8605
vn -0.1520 0.0333 -0.9878
vn 0.5391 0.3233 -0.7777
vn 0.5515 0.7971 -0.2458
vn 0.8743 0.4692 0.1243
vn 0.6609 0.6902 -0.2946
vn 0.9129 -0.0314 -0.4069
vn 0.9953 0.0552 -0.0795
vn 0.9959 -0.0259 -0.0861
vn 0.0651 0.1964 -0.9784
vn -0.0862 0.2579 -0.9623
vn 0.4067 0.4882 -0.7722
vn 0.7781 -0.1150 0.6176
vn 0.6224 -0.4025 0.6713
vn 0.7745 -0.6303 0.0535
vn 0.7103 -0.1941 0.6766
vn 0.9856 -0.0011 0.1690
vn 0.7620 -0.5860 0.2756
vn 0.9420 0.3233 0.0900
vn 0.6407 0.7078 -0.2975
vn 0.7347 0.6264 0.2606
vn -0.6716 -0.2221 -0.7069
vn 0.1553 0.0955 -0.9832
vn -0.9413 0.0650 0.3311
vn -0.7134 0.1261 -0.6893
vn -0.8170 0.1295 -0.5619
vn -0.3559 0.0970 0.9295
vn -0.8843 -0.0222 -0.4663
vn -0.9427 0.0026 -0.3337
vn 0.7627 0.5684 0.3085
vn 0.3830 0.4670 0.7970
vn 0.7372 0.4995 0.4549
vn 0.8354 0.2296 0.4994
vn 0.8794 0.1642 0.4470
vn 0.8264 0.0755 0.5580
vn -0.7541 0.0953 -0.6498
vn 0.0698 -0.2726 -0.9596
vn -0.0484 -0.3110 -0.9492
vn 0.6311 -0.3567 0.6889
vn 0.7147 -0.4698 0.5181
vn 0.5799 -0.2808 0.7648
vn -0.2839 -0.1038 0.9532
vn 0.7658 -0.0331 0.6423
vn -0.2274 -0.2641 0.9373
vn 0.6933 0.6276 0.3542
vn 0.6868 0.7204 -0.0963
vn 0.7729 0.6261 -0.1032
vn 0.9204 0.3826 -0.0812
vn 0.6560 0.3826 -0.6507
vn -0.6564 -0.3022 -0.6912
vn 0.7745 0.0284 0.6320
vn 0.9900 0.1315 0.0501
vn 0.9275 0.3728 0.0267
vn 0.0240 -0.9997 -0.0011
vn 0.2633 -0.9407 0.2141
vn 0.0998 -0.9779 0.1836
vn 0.6108 -0.2422 0.7538
vn 0.8010 -0.4276 0.4190
vn 0.8736 -0.3482 0.3399
vn -0.2828 0.0113 0.9591
vn 0.6178 -0.0292 0.7858
vn -0.0941 0.1615 0.9824
vn 0.7716 -0.5351 -0.3439
vn 0.7972 -0.4189 0.4346
vn 0.8281 -0.3739 0.4178
vn 0.5020 0.4106 0.7612
vn 0.6942 0.6930 0.1943
vn 0.3050 0.8265 0.4731
vn 0.9381 -0.0394 0.3440
vn 0.9375 -0.3330 -0.1008
vn 0.9583 -0.1422 -0.2481
vn 0.4412 -0.0565 0.8956
vn 0.8307 -0.2419 0.5015
vn 0.5348 -0.3071 0.7872
vn 0.8019 -0.5127 0.3068
vn 0.9005 0.4249 0.0921
vn 0.8645 -0.1294 0.4856
vn 0.7544 -0.5637 -0.3362
vn 0.6916 -0.6782 0.2486
vn 0.6397 -0.7138 -0.2851
vn 0.6723 0.6201 0.4044
vn 0.8458 -0.3096 0.4344
vn 0.9941 0.0993 0.0442
vn 0.7874 0.5841 -0.1974
vn 0.9593 -0.1374 0.2468
vn 0.9931 0.0970 0.0652
vn 0.8202 0.4400 -0.3656
vn 0.8950 0.4173 0.1575
vn 0.9069 0.1188 -0.4042
vn -0.1403 -0.3680 -0.9192
vn -0.7517 0.1980 -0.6291
vn -0.7708 0.1590 -0.6169
vn 0.8306 -0.5367 -0.1487
vn 0.6496 -0.5367 -0.5385
vn 0.7301 -0.3836 -0.5655
vn 0.4535 0.4359 0.7774
vn 0.1741 0.9039 0.3907
vn 0.3646 0.4450 0.8180
vn 0.3041 -0.3482 -0.8867
vn -0.3022 -0.1874 0.9346
vn 0.9085 0.2207 -0.3549
vn -0.2856 0.0743 0.9555
vn 0.6714 -0.2219 0.7071
vn 0.6962 -0.1446 0.7031
vn 0.4102 0.8044 -0.4298
vn 0.7021 0.5877 0.4020
vn 0.4075 -0.0372 0.9125
vn 0.4069 0.0105 0.9134
vn -0.0863 -0.1418 -0.9861
vn -0.1266 0.0070 -0.9919
vn 0.0718 -0.7311 -0.6784
vn 0.0251 0.1817 0.9830
vn -0.8323 0.5195 0.1932
vn -0.9160 0.3389 0.2148
vn 0.0124 0.1660 0.9860
vn -0.8576 -0.1757 -0.4834
vn -0.5263 -0.2367 -0.8167
vn -0.4531 0.1194 -0.8834
vn 0.4752 0.8517 -0.2206
vn 0.6847 0.2319 0.6910
vn -0.8832 0.0793 -0.4623
vn -0.8874 0.2265 0.4015
vn 0.9671 -0.1672 0.1917
vn -0.8429 -0.3806 0.3804
vn 0.0170 0.0068 0.9998
vn -0.9123 -0.1856 0.3651
vn 0.5254 -0.0273 -0.8504
vn 0.6006 0.1315 -0.7886
vn 0.8917 0.1827 -0.4140
vn 0.8450 0.3834 -0.3728
vn 0.7283 0.4006 0.5559
vn 0.8153 0.3756 0.4407
vn 0.4059 -0.0787 0.9105
vn 0.6786 -0.6635 -0.3151
vn 0.2812 -0.5860 -0.7600
vn -0.2122 0.2129 0.9538
vn 0.3907 -0.3235 0.8618
vn 0.7171 0.1663 0.6768
vn 0.3991 0.1605 0.9028
vn 0.9064 -0.0282 0.4215
vn 0.4074 -0.0235 0.9130
vn 0.4073 -0.0122 0.9132
vn 0.8472 -0.3808 0.3705
vn 0.6796 -0.7326 0.0368
vn 0.8918 -0.4499 -0.0469
vn 0.9025 -0.3947 0.1726
vn 0.7063 -0.6293 0.3243
vn 0.6300 -0.7194 -0.2925
vn 0.6675 0.0958 0.7384
vn 0.3167 0.9476 0.0425
vn -0.8942 -0.2708 0.3563
vn -0.8235 -0.2738 -0.4968
vn 0.4673 0.7887 0.3995
vn 0.6407 -0.0799 0.7637
vn 0.3291 -0.2574 0.9086
vn 0.6741 -0.5973 0.4346
vn 0.4523 -0.7376 0.5014
vn 0.9021 -0.4220 0.0896
vn 0.7751 -0.5290 -0.3455
vn 0.9440 -0.2965 0.1445
vn 0.6854 0.0475 0.7266
vn 0.5639 -0.7467 0.3529
vn 0.6704 0.5865 -0.4545
vn 0.4531 -0.3216 0.8314
vn 0.5859 0.1742 0.7914
vn 0.3302 -0.2278 0.9160
vn 0.7013 -0.5864 0.4054
vn 0.4064 -0.1135 0.9066
vn 0.4063 -0.1167 0.9062
vn -0.8844 -0.1359 -0.4464
vn -0.2860 0.3325 -0.8987
vn 0.5069 -0.0011 -0.8620
vn -0.1450 0.1315 -0.9806
vn -0.7923 0.0736 -0.6057
vn 0.1202 0.5890 -0.7992
vn 0.9674 0.2040 0.1504
vn 0.1727 -0.9080 -0.3818
vn 0.3383 -0.5917 0.7318
vn 0.8263 0.2125 0.5216
vn 0.3911 0.2403 0.8884
vn 0.8261 0.4129 -0.3836
vn 0.6925 -0.0273 0.7209
vn 0.6408 -0.5318 0.5537
vn 0.4639 -0.2726 0.8429
vn -0.2351 0.2418 -0.9414
vn 0.1896 0.3755 -0.9072
vn 0.1768 0.6276 -0.7582
vn -0.1211 -0.4574 0.8810
vn -0.0847 0.3048 -0.9486
vn 0.9468 0.3147 -0.0673
vn 0.8473 -0.3735 -0.3776
vn 0.8484 -0.2718 0.4541
vn 0.3351 -0.9292 -0.1556
vn 0.7546 0.0972 0.6490
vn 0.7391 0.0665 0.6703
vn 0.6769 -0.2901 0.6765
vn -0.9359 -0.0814 0.3426
vn 0.0643 0.1332 0.9890
vn 0.4255 0.4981 -0.7556
vn 0.6447 0.6347 -0.4260
vn 0.4669 -0.2615 0.8448
vn 0.7339 0.5953 -0.3271
vn 0.8213 0.4549 -0.3444
vn 0.8574 0.2207 -0.4650
vn -0.1067 0.1104 0.9881
vn -0.0894 -0.2762 0.9569
vn 0.7584 0.1380 0.6370
vn 0.9129 -0.0331 -0.4069
vn 0.3461 0.4917 0.7991
vn 0.1968 -0.4276 -0.8823
vn 0.2773 0.4660 0.8402
vn 0.6764 -0.6953 0.2429
vn 0.6932 -0.6765 0.2486
vn 0.6312 0.3790 0.6767
vn 0.2261 0.1642 -0.9602
vn 0.6572 -0.1420 -0.7402
vn 0.2750 0.6264 -0.7294
vn 0.3879 -0.5049 0.7711
vn 0.3749 -0.8526 0.3640
vn 0.5781 0.3728 -0.7258
vn 0.4776 -0.1672 -0.8625
vn -0.1554 0.2226 -0.9624
vn 0.5184 0.1754 0.8370
vn -0.1334 0.1012 0.9859
vn 0.7230 0.2698 -0.6360
vn 0.5776 0.6261 -0.5238
vn -0.1347 -0.0621 -0.9889
vn 0.9524 0.2698 -0.1419
vn -0.0382 -0.4390 0.8977
vn 0.7545 -0.6531 -0.0651
vn 0.7782 -0.6252 0.0591
vn 0.6972 0.4164 0.5836
vn 0.2080 -0.6293 -0.7488
vn 0.9970 -0.0406 -0.0653
vn 0.8436 0.3833 -0.3760
vn 0.6396 -0.4142 0.6475
vn 0.4055 0.0561 0.9124
vn 0.3727 -0.4420 0.8159
vn 0.6814 0.7209 -0.1260
vn 0.6228 0.7315 -0.2776
vn 0.9887 -0.0273 0.1474
vn 0.9373 -0.1761 -0.3008
vn 0.6938 0.2938 0.6575
vn -0.0285 0.2642 0.9640
vn 0.2434 0.7859 0.5684
vn -0.4782 -0.2191 -0.8505
vn -0.1275 -0.3505 -0.9278
vn 0.7760 0.4449 0.4471
vn 0.3194 0.4554 0.8310
vn 0.8024 0.3841 0.4567
vn 0.7275 0.5801 0.3664
vn 0.7157 0.0934 0.6922
vn -0.6900 0.0851 -0.7188
vn 0.9691 -0.2204 -0.1111
vn 0.7102 -0.2204 -0.6686
vn 0.3299 -0.5858 0.7403
vn 0.7496 -0.1642 0.6412
vn 0.3765 -0.3805 0.8447
vn -0.7381 -0.3686 -0.5651
vn 0.4074 -0.0499 0.9119
vn 0.8301 0.3834 -0.4049
vn 0.8577 0.2780 0.4325
vn 0.6538 0.7526 0.0786
vn 0.4603 0.3345 0.8223
vn 0.8973 0.1722 0.4065
vn -0.0095 -0.5318 -0.8468
vn -0.1112 -0.4025 -0.9087
vn 0.5366 -0.6531 -0.5343
vn -0.7925 0.0674 -0.6061
vn 0.8426 -0.3702 -0.3912
vn 0.0402 -0.2801 0.9591
vn 0.3324 -0.9418 0.0502
vn 0.6501 -0.7065 0.2797
vn 0.4590 -0.6303 -0.6262
vn -0.9139 0.0084 -0.4059
vn 0.0303 -0.1150 -0.9929
vn 0.9852 0.0658 -0.1582
vn 0.7295 -0.0612 -0.6813
vn 0.9912 -0.0612 -0.1176
vn 0.7152 -0.2829 0.6392
vn 0.6732 -0.4252 0.6050
vn 0.8411 -0.5024 -0.2003
vn -0.8933 0.2001 0.4025
vn 0.8518 0.4981 0.1625
vn 0.5757 -0.6593 0.4836
vn 0.9896 -0.1420 -0.0243
vn 0.9066 0.0767 0.4148
vn 0.7864 -0.0946 0.6104
vn 0.0561 0.1199 0.9912
vn 0.8647 -0.1525 0.4786
vn 0.7973 0.4879 -0.3554
vn 0.8302 0.4238 0.3621
vn 0.3049 0.6314 0.7130
vn 0.6806 0.7150 0.1599
vn 0.1658 -0.9295 0.3294
vn 0.6212 -0.6478 0.4411
vn 0.2903 -0.7308 0.6178
vn 0.7864 -0.5086 -0.3505
vn 0.2829 0.6994 0.6563
vn 0.6341 0.5206 0.5717
vn 0.3492 0.4787 0.8055
vn -0.1761 -0.2514 -0.9517
vn -0.0268 -0.2829 -0.9588
vn 0.2200 0.8182 0.5311
vn 0.2200 0.1542 -0.9632
vn -0.4749 0.2038 -0.8561
vn 0.7273 -0.5782 0.3699
vn 0.0041 0.4164 -0.9092
vn 0.6729 -0.6763 -0.2999
vn 0.7313 -0.4508 0.5118
vn 0.6034 0.0474 0.7960
vn 0.4053 0.0620 0.9121
vn 0.5357 0.3246 0.7795
vn 0.5729 0.3294 0.7505
vn 0.8730 -0.2299 0.4302
vn 0.7948 -0.1108 0.5966
vn 0.5168 0.7204 -0.4625
vn 0.2436 0.7758 0.5821
vn 0.8732 -0.4829 0.0655
vn 0.5135 -0.4829 -0.7093
vn 0.7566 0.0658 -0.6505
vn 0.8791 -0.2714 -0.3918
vn 0.9752 -0.0948 0.1998
vn 0.8406 -0.1471 0.5214
vn 0.7834 -0.3396 0.5206
vn 0.6503 0.6117 0.4504
vn 0.9110 -0.0715 -0.4061
vn 0.8655 -0.3196 -0.3858
vn 0.8792 0.4192 0.2262
vn 0.2330 -0.3436 0.9098
vn 0.8420 0.5090 -0.1785
vn 0.8219 0.5690 0.0257
vn 0.9031 -0.3836 -0.1928
vn 0.5411 -0.8057 -0.2412
vn 0.2941 0.6613 0.6901
vn 0.4065 -0.1092 0.9071
vn 0.4045 0.0778 0.9112
vn 0.6958 -0.5024 -0.5133
vn 0.7868 -0.6117 -0.0823
vn 0.4553 -0.8766 -0.1555
vn 0.4505 -0.3947 -0.8008
vn 0.9067 0.0263 -0.4210
vn 0.7947 -0.4930 -0.3542
vn 0.9766 -0.1213 0.1774
vn 0.6707 0.6441 0.3680
vn 0.2295 0.8019 0.5516
vn 0.5243 0.3128 0.7920
vn -0.1496 0.2700 0.9512
vn 0.6878 0.6134 0.3882
vn 0.9012 0.1631 -0.4017
vn 0.9024 0.4246 -0.0735
vn 0.8251 -0.4289 -0.3678
vn 0.8821 -0.4709 -0.0122
vn 0.8901 -0.2241 -0.3967
vn 0.7311 -0.5995 -0.3258
vn 0.8566 0.4256 0.2918
vn 0.9108 0.0747 -0.4060
vn -0.3749 -0.8526 0.3640
vn -0.3646 0.4450 0.8180
vn -0.3302 -0.2278 0.9160
vn -0.2434 0.7859 0.5684
vn -0.4073 -0.0122 0.9132
vn -0.3492 0.4787 0.8055
vn -0.3991 0.1605 0.9028
vn -0.4553 -0.8766 -0.1555
vn -0.4053 0.0620 0.9121
vn -0.5348 -0.3071 0.7872
vn -0.4075 0.6022 0.6865
vn -0.3911 0.2403 0.8884
vn 0.2925 -0.0282 -0.9558
vn 0.3415 0.0391 -0.9391
vn -0.4067 -0.0184 -0.9134
vn 0.3713 -0.0394 -0.9277
vn -0.2568 0.8019 -0.5394
vn -0.3797 -0.3235 -0.8667
vn 0.5349 0.2040 -0.8199
vn 0.5872 -0.6117 -0.5301
vn 0.8051 0.4549 -0.3805
vn 0.2424 -0.3096 -0.9194
vn 0.2976 0.0767 -0.9516
vn -0.4072 0.0778 -0.9100
vn 0.4201 -0.8766 -0.2346
vn 0.2716 -0.6953 -0.6655
vn 0.2517 0.2780 -0.9270
vn -0.1969 0.1742 -0.9648
vn 0.3787 0.7526 -0.5388
vn 0.1668 0.6275 -0.7605
vn -0.2382 0.6022 -0.7620
vn 0.0253 -0.6593 -0.7514
vn 0.7289 0.6027 -0.3249
vn 0.2641 0.1540 -0.9521
vn 0.2139 0.5801 -0.7860
vn -0.2518 0.8113 -0.5276
vn 0.1882 -0.1830 -0.9649
vn 0.2295 -0.2718 -0.9346
vn 0.6830 0.3147 -0.6591
vn 0.4920 0.4692 -0.7333
vn 0.7151 -0.0406 -0.6978
vn 0.0242 -0.1642 -0.9861
vn 0.3557 0.4256 -0.8321
vn 0.1742 -0.1471 -0.9737
vn -0.3166 0.6613 -0.6800
vn 0.1747 0.6441 -0.7448
vn 0.6154 0.0970 -0.7822
vn 0.1823 -0.2419 -0.9530
vn -0.2280 -0.3071 -0.9240
vn -0.2385 0.3128 -0.9194
vn 0.1487 0.6201 -0.7703
vn -0.2701 0.7758 -0.5703
vn -0.3264 0.6314 -0.7034
vn 0.7299 -0.0259 -0.6831
vn 0.7245 0.0552 -0.6871
vn -0.8977 0.0553 0.4371
vn -0.4294 0.1996 -0.8808
vn 0.6317 0.0993 -0.7688
vn 0.6356 0.0392 -0.7710
vn 0.1083 -0.4508 -0.8861
vn -0.4062 -0.0372 -0.9130
vn -0.4023 -0.1167 -0.9080
vn 0.4196 0.4192 -0.8051
vn -0.1751 0.3294 -0.9278
vn 0.0049 -0.2336 -0.9723
vn -0.1029 0.0958 -0.9901
vn 0.5493 0.7209 -0.4226
vn -0.1196 -0.0661 -0.9906
vn 0.1274 -0.5973 -0.7918
vn 0.2266 -0.7065 -0.6704
vn 0.0167 -0.9407 -0.3389
vn -0.1396 -0.0799 -0.9870
vn 0.3361 0.7150 -0.6130
vn 0.2098 -0.4189 -0.8835
vn -0.4028 -0.1092 -0.9087
vn 0.1673 -0.3488 -0.9221
vn 0.2429 -0.3739 -0.8951
vn -0.2305 0.4106 -0.8822
vn -0.4557 -0.2574 -0.8521
vn 0.1674 -0.5864 -0.7925
vn 0.2909 -0.3808 -0.8777
vn -0.3300 -0.5858 -0.7403
vn 0.6957 0.5090 -0.5068
vn -0.1480 0.8265 -0.5431
vn 0.3196 0.6930 -0.6462
vn -0.3765 -0.3805 -0.8447
vn -0.0705 -0.7376 -0.6716
vn -0.3154 -0.3216 -0.8928
vn 0.6562 -0.6956 -0.2925
vn 0.4812 0.4173 -0.7709
vn 0.6311 -0.4499 -0.6319
vn -0.0013 0.5206 -0.8538
vn -0.2989 0.6994 -0.6492
vn -0.3656 0.4787 -0.7982
vn -0.1886 0.0474 -0.9809
vn -0.2654 -0.7308 -0.6289
vn -0.4074 0.0620 -0.9112
vn 0.7017 -0.3330 -0.6299
vn 0.1365 -0.3396 -0.9306
vn 0.2774 -0.6782 -0.6805
vn -0.3576 -0.4420 -0.8226
vn -0.0540 -0.4142 -0.9086
vn -0.3711 -0.0565 -0.9269
vn 0.6731 0.5841 -0.4536
vn 0.1801 0.9476 -0.2639
vn 0.0153 0.7887 -0.6146
vn -0.4045 0.4554 -0.7931
vn 0.1968 0.3841 -0.9021
vn 0.1546 0.4995 -0.8524
vn -0.3367 0.4670 -0.8177
vn 0.5704 0.1505 -0.8074
vn 0.9818 0.1505 0.1156
vn 0.4270 -0.7326 -0.5300
vn 0.1849 -0.9418 -0.2808
vn 0.5304 0.5690 -0.6285
vn 0.2805 0.5684 -0.7734
vn -0.2749 0.4359 -0.8570
vn -0.1741 0.9039 -0.3907
vn -0.0044 0.0665 -0.9978
vn -0.3629 0.4917 -0.7916
vn 0.6580 0.4246 -0.6219
vn 0.4578 -0.1374 -0.8784
vn -0.4074 0.0561 -0.9115
vn 0.0283 -0.9995 -0.0126
vn 0.1939 -0.9772 -0.0864
vn 0.2858 0.4238 -0.8595
vn -0.2216 0.3246 -0.9195
vn 0.5988 -0.4709 -0.6479
vn 0.0169 -0.9997 -0.0171
vn 0.1644 0.2125 -0.9632
vn 0.9983 0.0392 0.0428
vn 0.0873 -0.6478 -0.7568
vn -0.1341 -0.9295 -0.3436
vn 0.3994 -0.9080 0.1268
vn -0.3142 -0.5049 -0.8040
vn -0.5208 -0.3436 -0.7815
vn -0.4025 -0.1135 -0.9083
vn 0.8251 -0.1422 -0.5468
vn 0.5335 0.4249 -0.7313
vn 0.3079 -0.5126 -0.8015
vn 0.5236 -0.2965 -0.7987
vn -0.0363 0.0934 -0.9950
vn 0.2168 -0.1294 -0.9676
vn -0.2479 0.8182 -0.5187
vn -0.0239 0.1663 -0.9858
vn -0.4046 0.1605 -0.9003
vn 0.8477 0.3506 -0.3981
vn 0.1862 0.4449 -0.8760
vn 0.2786 -0.6765 -0.6817
vn -0.4395 0.4660 -0.7679
vn -0.2600 0.7859 -0.5610
vn -0.4053 -0.0606 -0.9122
vn -0.0829 0.1260 -0.9886
vn 0.0998 0.6117 -0.7848
vn 0.5365 -0.4220 -0.7308
vn -0.3646 0.4450 -0.8180
vn 0.2637 -0.2299 -0.9368
vn -0.4605 -0.2278 -0.8579
vn -0.4064 -0.0310 -0.9132
vn -0.4058 -0.0787 -0.9105
vn -0.4069 -0.0122 -0.9134
vn -0.4066 -0.0235 -0.9133
vn -0.0201 -0.8526 -0.5221
vn 0.2221 -0.1525 -0.9630
vn -0.3993 0.2403 -0.8848
vn -0.4057 -0.0499 -0.9126
vn -0.0698 -0.9779 -0.1969
vn 0.1704 0.5878 -0.7909
vn -0.3962 -0.1924 -0.8978
vn 0.5034 -0.0948 -0.8589
vn 0.2111 -0.5782 -0.7881
vn -0.4073 0.0105 -0.9133
vn -0.3181 -0.5917 -0.7408
vn 0.5938 0.8044 -0.0177
vn 0.7033 -0.4891 -0.5159
vn 0.0914 -0.9957 0.0150
vn 0.2328 -0.6338 -0.7376
vn 0.5732 0.7484 0.3337
vn 0.0957 0.6994 -0.7082
vn -0.1080 0.9924 -0.0589
vn 0.9236 0.2223 -0.3122
vn 0.7254 -0.6609 0.1923
vn 0.6374 0.7176 -0.2806
vn 0.7786 -0.1773 -0.6020
vn 0.2417 -0.5085 -0.8264
vn 0.9749 -0.2165 -0.0524
vn 0.7604 -0.5975 -0.2545
vn 0.2176 -0.7496 -0.6251
vn 0.8566 -0.5122 0.0625
vn 0.7591 -0.4123 0.5038
vn -0.0231 -0.8874 0.4605
vn 0.6701 -0.5709 0.4743
vn 0.3969 -0.5193 0.7569
vn 0.0287 -0.9626 0.2694
vn 0.4793 -0.7254 0.4941
vn 0.5786 0.8057 0.1266
vn 0.0815 0.7513 -0.6549
vn 0.9152 0.1764 -0.3623
vn 0.9210 0.1045 -0.3753
vn 0.2292 -0.0171 -0.9732
vn 0.2293 -0.0191 -0.9732
vn 0.6722 -0.6735 -0.3074
vn 0.1936 -0.8559 -0.4795
vn 0.7987 -0.4990 0.3364
vn 0.7955 0.5891 0.1419
vn -0.2179 -0.0964 0.9712
vn -0.0917 0.9957 -0.0134
vn 0.8520 -0.4922 0.1787
vn 0.8351 -0.2277 0.5008
vn 0.4388 -0.2568 0.8611
vn 0.7222 -0.0057 0.6916
vn -0.2368 0.5892 0.7725
vn 0.6246 0.5019 0.5984
vn 0.2400 -0.5406 -0.8063
vn 0.2112 -0.7839 -0.5839
vn 0.7151 -0.0640 0.6961
vn -0.0308 0.6255 0.7796
vn -0.2167 -0.1066 0.9704
vn 0.7859 -0.5074 0.3532
vn 0.0332 -0.9671 0.2522
vn 0.9089 -0.4113 -0.0687
vn 0.7388 0.3314 -0.5868
vn 0.9237 0.2463 -0.2936
vn 0.6392 0.3916 -0.6619
vn 0.8134 0.0510 -0.5794
vn 0.2856 0.6747 0.6806
vn -0.1511 -0.5027 0.8512
vn -0.2440 0.4391 0.8647
vn 0.6628 0.7473 -0.0476
vn -0.1042 0.9937 0.0406
vn -0.0604 0.9877 -0.1441
vn 0.9239 -0.0421 -0.3802
vn 0.7828 0.5477 -0.2952
vn 0.4308 0.3748 0.8209
vn 0.9435 0.1592 -0.2906
vn 0.7165 -0.6577 0.2327
vn -0.0454 -0.8422 0.5372
vn 0.5642 -0.5267 0.6358
vn 0.5439 0.4116 0.7313
vn -0.2378 0.1363 0.9617
vn -0.2134 0.7726 0.5980
vn 0.5785 -0.5955 0.5574
vn -0.0668 -0.7910 0.6082
vn -0.0700 -0.7828 0.6183
vn -0.1534 -0.4926 0.8567
vn -0.1767 -0.3770 0.9092
vn 0.7882 -0.6088 0.0896
vn -0.1195 -0.6297 0.7676
vn 0.7216 -0.0616 0.6895
vn 0.5550 0.6702 -0.4928
vn 0.2417 -0.5073 -0.8272
vn 0.9353 -0.2763 -0.2210
vn 0.6316 0.3620 0.6856
vn -0.2355 0.0993 0.9668
vn -0.2280 0.6781 0.6987
vn 0.6395 0.7631 0.0930
vn 0.8674 0.4954 -0.0473
vn 0.8434 -0.5081 0.1746
vn 0.6349 0.2434 0.7332
vn 0.2377 0.4329 0.8695
vn 0.6754 -0.7221 0.1496
vn 0.8513 -0.3141 -0.4203
vn 0.9172 0.3462 0.1970
vn 0.6026 0.7781 0.1772
vn 0.6437 0.7455 0.1730
vn 0.8323 -0.5293 -0.1646
vn 0.6726 -0.7249 0.1489
vn 0.8983 -0.4394 0.0058
vn 0.1152 -0.9893 -0.0896
vn 0.2042 -0.8160 -0.5407
vn 0.1504 -0.9554 -0.2540
vn 0.8134 -0.5546 0.1754
vn 0.0595 -0.9872 0.1478
vn 0.9062 0.3602 0.2216
vn -0.2324 0.0572 0.9709
vn 0.1950 0.2682 -0.9434
vn 0.2218 0.0603 -0.9732
vn 0.1527 0.4956 -0.8550
vn 0.8123 0.0950 0.5754
vn -0.1754 -0.3836 0.9067
vn 0.9558 -0.0517 -0.2893
vn -0.0835 -0.7456 0.6611
vn 0.5219 0.0454 0.8518
vn -0.2237 -0.0416 0.9738
vn 0.9548 -0.0252 -0.2960
vn 0.7487 0.6514 0.1230
vn 0.9702 0.1314 0.2034
vn 0.9703 0.1183 0.2110
vn 0.3367 0.1035 0.9359
vn 0.6373 0.7546 0.1567
vn 0.5402 -0.2227 -0.8115
vn 0.7755 -0.3599 -0.5187
vn 0.2040 -0.8169 -0.5396
vn 0.6905 -0.0289 0.7227
vn 0.7385 -0.4028 0.5407
vn 0.7278 -0.0433 0.6844
vn -0.1999 -0.2357 0.9510
vn 0.4142 -0.4912 0.7662
vn -0.1165 -0.6404 0.7592
vn 0.7230 0.1272 0.6790
vn 0.5892 0.3776 0.7143
vn -0.2416 0.5104 0.8253
vn -0.0374 0.9711 -0.2359
vn 0.2280 -0.6372 -0.7362
vn 0.0041 -0.9321 0.3622
vn 0.5161 -0.7437 0.4250
vn 0.0932 -0.9956 0.0072
vn 0.7520 -0.2835 0.5950
vn -0.1403 0.9685 0.2056
vn 0.2208 0.0699 -0.9728
vn 0.1158 -0.9890 -0.0923
vn -0.1403 0.9686 0.2053
vn 0.6568 0.7466 0.1062
vn 0.6204 0.7790 0.0915
vn 0.2351 -0.0938 -0.9674
vn -0.0902 0.9957 -0.0199
vn 0.5821 0.7510 0.3117
vn -0.1202 0.9864 0.1121
vn -0.0746 0.9935 -0.0856
vn 0.0610 -0.9880 0.1418
vn 0.8000 -0.4894 -0.3470
vn 0.7687 -0.6075 0.2002
vn 0.6053 0.7952 -0.0362
vn 0.8197 -0.4428 0.3633
vn 0.9531 -0.0038 -0.3025
vn 0.7455 0.4551 -0.4869
vn 0.1869 -0.8773 -0.4421
vn 0.7868 -0.4884 0.3774
vn 0.8869 0.0469 -0.4596
vn 0.5624 -0.2749 0.7798
vn -0.0419 -0.8499 0.5253
vn 0.3904 -0.7805 -0.4883
vn 0.6842 -0.7042 -0.1897
vn 0.1935 0.2779 -0.9409
vn 0.9755 0.1001 -0.1959
vn 0.0908 -0.9957 0.0173
vn 0.6258 0.0367 0.7791
vn 0.6487 -0.5841 0.4878
vn 0.8384 0.5382 -0.0861
vn 0.5907 -0.3207 0.7404
vn 0.9671 0.1314 0.2178
vn 0.7277 -0.1997 -0.6562
vn 0.7602 0.0323 -0.6489
vn 0.1456 0.3425 0.9282
vn 0.7256 0.2631 0.6359
vn 0.8006 -0.4146 0.4327
vn 0.6650 -0.7444 -0.0607
vn 0.7329 0.6522 0.1937
vn 0.5750 0.8081 0.1279
vn 0.4606 0.0786 0.8841
vn -0.2138 -0.1312 0.9680
vn 0.2435 -0.2708 -0.9313
vn 0.0887 -0.9957 0.0263
vn 0.4419 -0.2665 0.8566
vn -0.1633 -0.4460 0.8800
vn 0.0806 -0.9949 0.0607
vn -0.1042 0.9937 0.0407
vn -0.0893 0.9957 -0.0236
vn 0.2354 -0.3443 -0.9089
vn -0.1298 -0.5910 0.7961
vn 0.0583 0.7422 -0.6676
vn 0.2001 0.0894 -0.9757
vn -0.2431 0.2543 0.9361
vn -0.1686 0.9233 0.3451
vn -0.2443 0.3090 0.9191
vn 0.3770 0.3193 -0.8694
vn 0.1878 0.3134 -0.9309
vn 0.1639 -0.9328 -0.3211
vn 0.2074 -0.7988 -0.5647
vn 0.0853 -0.9955 0.0408
vn -0.2375 0.1313 0.9625
vn 0.4740 0.7409 0.4758
vn 0.0930 0.7176 -0.6902
vn -0.0421 0.9752 -0.2173
vn 0.0623 -0.9887 0.1363
vn -0.0779 0.9944 -0.0719
vn 0.1987 -0.8380 -0.5082
vn 0.2230 -0.7152 -0.6624
vn -0.0242 -0.8855 0.4641
vn -0.0628 -0.8013 0.5949
vn -0.0949 -0.7117 0.6960
vn 0.1410 -0.9677 -0.2089
vn 0.2061 -0.8076 -0.5525
vn 0.2371 -0.1239 -0.9636
vn 0.8759 -0.3753 0.3033
vn -0.1365 -0.5649 0.8138
vn 0.2295 -0.0214 -0.9731
vn -0.1715 0.9852 0.0040
vn 0.2250 -0.7011 -0.6766
vn 0.9310 -0.3551 -0.0850
vn 0.6369 0.6144 0.4657
vn -0.2196 0.7376 0.6385
vn -0.2417 0.5080 0.8267
vn 0.0103 0.9098 -0.4149
vn 0.1487 0.5135 -0.8451
vn 0.1951 -0.8510 -0.4875
vn 0.1283 0.5971 -0.7919
vn -0.1425 -0.5399 0.8296
vn 0.1631 0.4468 -0.8796
vn 0.7712 -0.6306 0.0870
vn 0.1466 -0.9608 -0.2355
vn -0.2410 0.5221 0.8181
vn 0.2448 -0.3797 -0.8921
vn 0.1282 0.4696 -0.8735
vn 0.5795 0.5330 -0.6165
vn 0.3649 0.4879 0.7930
vn 0.7767 0.5684 0.2712
vn 0.8628 0.4238 0.2755
vn 0.3547 -0.5290 0.7710
vn 0.6550 -0.4709 0.5910
vn 0.3776 -0.4289 0.8206
vn -0.6143 -0.7308 0.2976
vn -0.4336 -0.6478 0.6264
vn -0.7888 0.0474 0.6128
vn -0.6836 0.0934 0.7239
vn -0.3577 0.5801 0.7319
vn -0.5285 0.8182 0.2263
vn -0.3963 0.6201 0.6771
vn -0.5792 0.7758 0.2505
vn 0.3599 -0.5086 0.7822
vn -0.4078 -0.3739 0.8330
vn -0.4825 -0.3488 0.8035
vn 0.2067 0.5841 0.7849
vn -0.3762 0.6275 0.6816
vn -0.2353 -0.1374 0.9622
vn 0.2524 0.7971 0.5485
vn -0.1517 0.7150 0.6824
vn -0.1139 0.4692 0.8757
vn -0.7559 -0.0799 0.6497
vn -0.4040 0.0767 0.9115
vn -0.0309 0.0392 0.9988
vn -0.0323 0.0993 0.9945
vn -0.4471 0.3841 0.8078
vn -0.5641 0.5206 0.6409
vn 0.1886 0.5090 0.8398
vn 0.8838 -0.1374 0.4472
vn 0.6850 -0.6765 0.2704
vn 0.9875 0.1260 -0.0947
vn 0.9786 0.0474 -0.2003
vn 0.7578 -0.6478 0.0782
vn 0.6257 -0.7308 -0.2729
vn 0.9651 0.2124 0.1529
vn 0.8800 0.2403 -0.4098
vn 0.9224 -0.0565 -0.3821
vn 0.9552 0.1540 0.2527
vn 0.8101 0.4192 0.4099
vn 0.9723 -0.2336 -0.0067
vn -0.2972 -0.5127 0.8055
vn -0.3603 -0.3808 0.8516
vn -0.0813 0.4249 0.9016
vn 0.7720 0.6201 0.1395
vn 0.5671 0.7758 -0.2769
vn 0.6995 0.6314 -0.3348
vn 0.9671 -0.1830 0.1767
vn 0.5246 0.8113 -0.2581
vn 0.8930 -0.1924 -0.4069
vn 0.5413 0.8265 -0.1544
vn 0.8794 0.4106 -0.2410
vn 0.7626 0.4660 -0.4486
vn 0.8859 -0.4189 0.1992
vn 0.9083 0.0105 -0.4181
vn 0.9081 -0.0372 -0.4171
vn -0.3970 -0.5864 0.7061
vn -0.9017 -0.1135 0.4172
vn -0.9013 -0.1167 0.4171
vn 0.3838 -0.9080 0.1682
vn 0.0917 -0.6117 0.7858
vn 0.1610 -0.8766 0.4534
vn 0.9945 0.0934 -0.0482
vn 0.9066 0.0561 -0.4183
vn 0.5157 0.8182 -0.2541
vn 0.3531 -0.5351 0.7674
vn 0.4178 -0.0314 0.9080
vn -0.4197 -0.2299 0.8780
vn 0.2595 -0.1422 0.9552
vn -0.6529 0.6994 0.2907
vn -0.8013 0.4787 0.3588
vn -0.4242 -0.3096 0.8510
vn 0.7906 -0.5782 0.2017
vn 0.6297 0.4246 0.6505
vn 0.7517 -0.6593 0.0163
vn 0.3419 -0.9295 -0.1382
vn -0.4959 -0.7376 0.4583
vn -0.7664 -0.5049 0.3971
vn -0.3595 -0.8526 0.3792
vn 0.8952 0.3325 -0.2967
vn 0.9385 0.2419 -0.2463
vn 0.7602 0.6276 0.1677
vn 0.3642 0.4909 0.7915
vn 0.3746 0.3506 0.8583
vn 0.7624 0.6275 0.1577
vn 0.7591 0.6022 -0.2473
vn -0.9337 0.0970 -0.3447
vn -0.9624 0.0113 -0.2713
vn 0.4557 -0.0222 -0.8899
vn 0.1045 0.7204 0.6856
vn 0.4686 0.7204 0.5112
vn 0.5307 0.6261 0.5713
vn 0.9399 -0.2299 0.2525
vn 0.6918 -0.0259 0.7216
vn 0.9223 -0.3096 0.2314
vn 0.7763 0.0993 0.6225
vn 0.9320 -0.0394 0.3602
vn 0.9757 -0.1471 0.1626
vn 0.7468 0.6440 0.1658
vn 0.3079 -0.6763 0.6692
vn 0.7945 -0.5864 0.1579
vn 0.3003 -0.6956 0.6526
vn 0.9593 -0.0282 0.2811
vn 0.9084 -0.0235 -0.4175
vn 0.9656 -0.1525 0.2106
vn 0.9084 -0.0184 -0.4176
vn 0.9085 -0.0122 -0.4178
vn 0.7885 0.5801 0.2045
vn 0.9891 -0.0661 -0.1314
vn 0.4178 -0.0331 0.9080
vn -0.4683 -0.1525 0.8703
vn -0.4106 -0.0282 0.9114
vn 0.0014 -0.9997 0.0240
vn 0.0887 -0.9772 0.1928
vn -0.0462 -0.9418 0.3330
vn 0.9485 -0.3110 -0.0597
vn 0.9604 -0.2726 0.0583
vn 0.8903 -0.3482 0.2935
vn -0.9643 0.2642 -0.0170
vn -0.9529 0.2700 -0.1382
vn 0.6077 0.1590 -0.7781
vn -0.4251 -0.4189 0.8024
vn 0.5151 0.5090 0.6896
vn 0.6348 0.5690 0.5228
vn 0.8537 0.5206 -0.0115
vn 0.7933 -0.5973 0.1180
vn 0.8890 -0.3216 -0.3261
vn 0.9300 0.2780 0.2406
vn -0.9400 -0.2641 -0.2162
vn -0.8981 -0.4390 -0.0275
vn 0.6833 -0.3022 -0.6646
vn 0.5521 0.1295 -0.8236
vn 0.6807 0.1261 -0.7216
vn 0.9848 -0.0569 -0.1643
vn 0.9262 -0.3505 -0.1386
vn 0.6408 0.0953 -0.7618
vn 0.7063 -0.0406 0.7067
vn 0.8811 -0.3808 0.2804
vn 0.9863 -0.1642 0.0125
vn 0.5432 0.7526 0.3722
vn 0.9701 -0.1294 0.2052
vn 0.9932 -0.1150 0.0185
vn 0.9092 0.4164 -0.0067
vn 0.6585 0.3826 0.6481
vn 0.9825 -0.1554 0.1028
vn 0.8681 -0.1672 0.4673
vn 0.9854 0.1663 -0.0357
vn 0.9051 0.0778 -0.4180
vn 0.9551 0.0767 0.2862
vn -0.0788 -0.4220 0.9032
vn -0.1332 -0.2965 0.9457
vn -0.2157 0.4192 0.8819
vn -0.3521 0.4238 0.8345
vn -0.2993 0.5684 0.7664
vn -0.5117 0.2125 0.8325
vn -0.8903 -0.0565 0.4519
vn -0.8837 0.2403 0.4017
vn -0.3328 -0.0394 0.9422
vn -0.8571 -0.3235 0.4010
vn -0.5489 0.8019 0.2361
vn -0.4916 -0.2419 0.8366
vn 0.4124 0.1631 0.8963
vn 0.4023 -0.2714 0.8744
vn 0.7895 0.0970 0.6060
vn 0.6686 -0.6953 0.2636
vn 0.5371 -0.6117 0.5808
vn 0.8263 0.2040 0.5251
vn -0.1220 -0.9080 0.4009
vn 0.3877 -0.3735 0.8427
vn 0.3335 0.6027 0.7249
vn -0.0159 0.5690 0.8222
vn 0.1120 -0.3330 0.9363
vn -0.5113 -0.1471 0.8467
vn -0.4753 -0.1294 0.8703
vn -0.3936 0.5877 0.7068
vn -0.4426 0.6117 0.6557
vn 0.4291 0.7209 0.5442
vn 0.6170 0.7150 0.3287
vn 0.6499 0.6930 0.3119
vn -0.8272 0.4554 0.3293
vn 0.3637 -0.4930 0.7904
vn 0.5351 -0.7326 0.4206
vn 0.6394 -0.4499 0.6235
vn 0.2660 0.9476 0.1770
vn 0.6147 0.7887 0.0079
vn 0.7391 0.4692 0.4832
vn 0.3961 -0.3196 0.8608
vn 0.5566 -0.1422 0.8185
vn -0.7143 0.1260 0.6884
vn 0.9431 0.0391 0.3302
vn -0.6615 0.0665 0.7470
vn -0.9082 -0.0184 0.4182
vn -0.3628 0.0391 0.9311
vn -0.2404 -0.6782 0.6945
vn -0.7949 0.4917 0.3556
vn -0.4440 -0.2718 0.8538
vn -0.9063 -0.0606 0.4182
vn -0.4265 -0.5973 0.6792
vn -0.2719 -0.7065 0.6534
vn -0.2110 -0.9407 0.2658
vn 0.7369 -0.5917 -0.3269
vn 0.0787 0.3147 0.9459
vn 0.3861 0.3833 0.8391
vn 0.3025 0.6902 0.6574
vn 0.6762 0.6613 -0.3247
vn 0.5363 0.8019 -0.2633
vn 0.8621 -0.3235 -0.3900
vn 0.3993 0.2958 0.8678
vn -0.2815 0.4256 0.8600
vn -0.7093 0.6314 0.3134
vn -0.0387 0.9476 0.3172
vn -0.3939 0.7887 0.4720
vn -0.3886 0.9039 0.1788
vn 0.3346 -0.5995 0.7271
vn -0.5031 -0.4508 0.7374
vn 0.4074 -0.2241 0.8853
vn -0.0287 -0.7326 0.6800
vn 0.0576 -0.4499 0.8912
vn 0.9035 -0.1135 -0.4134
vn 0.9977 0.0665 -0.0163
vn 0.8873 -0.4508 0.0977
vn 0.7872 0.4917 -0.3723
vn 0.6838 -0.6782 0.2693
vn 0.6731 -0.7065 0.2185
vn 0.2830 -0.9418 0.1815
vn 0.3391 -0.9407 0.0127
vn -0.7719 0.4359 0.4628
vn 0.2476 -0.8057 0.5381
vn -0.3599 0.6441 0.6750
vn -0.6865 0.6613 0.3023
vn 0.8466 -0.2574 -0.4658
vn 0.9584 -0.2829 -0.0382
vn 0.9043 -0.4252 -0.0385
vn 0.6380 -0.6252 0.4495
vn 0.2850 0.7315 0.6194
vn 0.1341 0.7209 0.6799
vn -0.7277 -0.5917 0.3470
vn -0.9072 0.0620 0.4161
vn -0.4766 -0.6593 0.5814
vn -0.3611 -0.5782 0.7316
vn 0.6455 0.6994 -0.3067
vn 0.7859 0.6117 0.0904
vn 0.3260 -0.0067 0.9454
vn 0.3120 -0.1761 0.9336
vn 0.5318 -0.1761 0.8284
vn 0.7363 -0.5858 -0.3388
vn 0.8401 -0.3805 -0.3866
vn 0.2264 0.6347 0.7388
vn 0.2282 0.5865 0.7772
vn 0.4625 0.5865 0.6650
vn -0.9075 -0.0372 0.4183
vn -0.9085 0.0105 0.4178
vn -0.4223 0.2780 0.8628
vn -0.0707 0.7526 0.6547
vn -0.7844 0.1742 0.5953
vn -0.9037 0.1996 0.3788
vn -0.1388 0.2040 0.9691
vn 0.4150 0.1188 0.9020
vn -0.1468 0.4173 0.8968
vn -0.3274 -0.9295 0.1698
vn -0.4378 0.4449 0.7813
vn -0.9069 -0.3436 0.2438
vn -0.8260 -0.3216 0.4630
vn -0.4694 0.8265 0.3106
vn -0.1823 -0.9779 0.1020
vn 0.0843 0.4246 0.9014
vn 0.3359 0.5953 0.7299
vn -0.1038 0.1505 0.9831
vn 0.4168 0.0747 0.9059
vn 0.9062 0.0620 -0.4182
vn 0.8542 0.4995 0.1444
vn 0.8136 0.4670 -0.3465
vn 0.7766 0.4173 0.4720
vn -0.9069 -0.0499 0.4183
vn -0.9080 -0.0235 0.4183
vn 0.9257 0.3294 -0.1862
vn -0.9120 -0.2278 0.3411
vn -0.8114 -0.4420 0.3824
vn 0.9852 -0.0799 -0.1514
vn 0.0227 -0.4709 0.8819
vn -0.5112 -0.3396 0.7895
vn -0.4461 0.4995 0.7426
vn -0.7924 0.4670 0.3925
vn -0.6376 -0.2336 0.7341
vn -0.4295 0.1540 0.8898
vn -0.7433 -0.0661 0.6657
vn -0.6816 0.6022 0.4156
vn -0.0534 0.0970 0.9939
vn -0.2348 -0.6953 0.6793
vn -0.4950 -0.1830 0.8494
vn -0.8900 -0.1924 0.4134
vn 0.0980 -0.0259 0.9948
vn -0.8135 0.4450 0.3743
vn -0.9083 -0.0122 0.4182
vn 0.6382 -0.3330 0.6941
vn 0.4082 0.3506 0.8429
vn -0.6399 -0.4142 0.6473
vn -0.9078 -0.0310 0.4183
vn -0.7304 0.0958 0.6763
vn -0.6322 -0.1642 0.7572
vn 0.9551 -0.2419 0.1709
vn 0.8142 0.1505 0.5607
vn 0.8954 0.1605 -0.4153
vn 0.8051 -0.5126 0.2983
vn 0.3754 0.4400 0.8158
vn 0.7105 0.0851 -0.6985
vn 0.9496 -0.2514 -0.1875
vn 0.0173 -0.9997 0.0167
vn 0.1961 -0.9779 -0.0721
vn 0.4169 -0.0715 0.9061
vn -0.6682 0.1663 0.7252
vn -0.9063 0.0778 0.4154
vn 0.0772 -0.0406 0.9962
vn -0.9022 -0.1092 0.4173
vn 0.3542 0.4549 0.8171
vn 0.7938 0.4787 -0.3751
vn 0.7882 0.4554 -0.4139
vn 0.9031 -0.1167 -0.4132
vn -0.9046 -0.2574 0.3399
vn -0.7552 0.4106 0.5110
vn -0.8369 0.4660 0.2873
vn 0.7372 -0.4220 0.5277
vn 0.8049 -0.2965 0.5141
vn 0.2927 -0.7138 0.6362
vn 0.9624 0.1742 -0.2084
vn 0.3452 -0.5637 0.7503
vn 0.0914 0.0552 0.9943
vn 0.6672 0.3147 0.6751
vn -0.9056 -0.0787 0.4167
vn -0.1860 0.6930 0.6965
vn 0.2396 -0.8766 0.4172
vn 0.8183 -0.4420 -0.3674
vn 0.5966 0.0674 -0.7997
vn -0.3760 -0.1856 -0.9079
vn -0.3538 -0.0814 -0.9318
vn 0.9175 -0.3680 -0.1512
vn 0.9212 -0.3071 -0.2390
vn 0.1533 0.2698 0.9507
vn 0.1125 0.6261 0.7716
vn 0.9322 -0.3396 0.1254
vn 0.2036 -0.3836 0.9008
vn 0.5742 -0.3836 0.7233
vn 0.1227 -0.2204 0.9677
vn 0.6770 -0.2204 0.7022
vn -0.8979 0.1605 0.4098
vn 0.8680 -0.0011 0.4966
vn 0.9788 0.1315 -0.1567
vn 0.9850 -0.1418 -0.0981
vn -0.9562 0.2129 -0.2007
vn -0.9588 0.0743 -0.2741
vn 0.6540 -0.0292 -0.7559
vn 0.9476 0.3048 -0.0960
vn 0.4106 0.1250 -0.9032
vn 0.3224 0.0026 -0.9466
vn 0.6316 -0.6303 0.4515
vn 0.9073 -0.4025 -0.1221
vn 0.6624 -0.1232 -0.7390
vn 0.6988 -0.2221 -0.6800
vn 0.9826 -0.0059 0.1856
vn 0.0361 -0.1420 0.9892
vn 0.7480 -0.1420 0.6483
vn 0.7154 -0.4829 0.5050
vn 0.9373 -0.2718 0.2183
vn 0.8756 0.1996 -0.4399
vn 0.9903 0.0070 -0.1385
vn 0.6793 -0.7311 0.0637
vn 0.8846 -0.4276 0.1862
vn 0.6200 0.1980 -0.7592
vn -0.2032 0.5195 -0.8300
vn -0.7808 -0.3071 0.5441
vn -0.9075 0.0561 0.4164
vn 0.9077 -0.0499 -0.4166
vn 0.9073 -0.0606 -0.4162
vn 0.8363 0.4256 0.3457
vn 0.9165 0.3128 -0.2495
vn 0.4346 0.8044 0.4050
vn 0.9079 -0.4142 -0.0648
vn 0.8979 -0.3739 0.2322
vn 0.9241 -0.3488 0.1563
vn 0.9888 0.0958 -0.1147
vn 0.8536 0.4359 -0.2852
vn 0.9083 -0.0310 -0.4173
vn -0.7731 0.3246 0.5450
vn -0.7436 0.3294 0.5819
vn -0.5655 0.7859 0.2502
vn 0.9791 0.1964 0.0534
vn 0.9612 0.2579 -0.0977
vn 0.7770 0.4882 0.3975
vn 0.9168 0.3246 -0.2326
vn 0.9044 0.3841 0.1860
vn 0.9928 -0.1108 0.0453
vn 0.1586 -0.5367 0.8287
vn 0.5462 -0.5367 0.6431
vn 0.9056 -0.0787 -0.4167
vn 0.8648 -0.0948 0.4931
vn -0.9834 0.1615 -0.0824
vn 0.9039 -0.1092 -0.4136
vn -0.5373 0.8113 0.2305
vn -0.8401 -0.3805 0.3866
vn 0.0130 -0.9995 0.0281
vn -0.2403 -0.6765 0.6961
vn 0.6957 0.0552 0.7162
vn -0.1882 -0.0948 0.9776
vn -0.7363 -0.5858 0.3388
vn 0.0741 -0.6531 0.7537
vn 0.5407 -0.6531 0.5302
vn 0.9094 0.3755 0.1788
vn 0.9628 0.1642 0.2146
vn 0.6446 0.2698 0.7154
vn 0.6707 -0.7376 -0.0785
vn 0.8002 -0.5049 -0.3237
vn 0.7376 0.4249 0.5248
vn 0.4870 -0.2738 -0.8294
vn 0.4358 -0.1359 -0.8897
vn -0.7857 0.3128 0.5337
vn 0.8782 0.4449 0.1757
vn 0.4616 0.5841 0.6677
vn 0.5579 0.7859 -0.2667
vn -0.1801 -0.1672 0.9693
vn -0.0551 -0.4829 0.8740
vn -0.8824 -0.4574 -0.1106
vn -0.6827 0.2319 0.6929
vn -0.9382 -0.1874 -0.2910
vn -0.6684 -0.2901 0.6849
vn -0.5969 -0.4252 0.6804
vn -0.6813 -0.3567 0.6392
vn 0.8061 -0.3947 0.4409
vn 0.4318 0.0263 0.9016
vn 0.4012 -0.3702 0.8378
vn -0.3904 -0.3806 -0.8383
vn 0.1700 0.0658 0.9832
vn 0.6899 -0.0612 0.7213
vn 0.1295 -0.0612 0.9897
vn 0.5563 -0.3686 -0.7448
vn 0.7327 0.3728 0.5694
vn 0.5962 0.0736 -0.7995
vn -0.4121 0.2265 -0.8826
vn -0.4131 0.2001 -0.8884
vn -0.9893 0.1104 -0.0949
vn 0.8447 -0.2191 -0.4883
vn -0.8391 -0.2615 0.4769
vn -0.9586 -0.2801 0.0517
vn -0.9579 -0.2762 -0.0779
vn -0.2664 -0.5860 0.7653
vn -0.1572 -0.0011 0.9876
vn 0.3657 0.2207 0.9042
vn -0.7126 -0.0273 0.7010
vn -0.8307 0.1754 0.5283
vn -0.8168 0.3345 0.4701
vn -0.1774 0.4882 0.8545
vn -0.0156 0.3728 0.9278
vn 0.3829 0.3834 0.8405
vn -0.3295 -0.3482 0.8776
vn -0.4094 -0.4276 0.8059
vn -0.6492 0.2938 0.7016
vn 0.7606 0.4981 0.4165
vn 0.4337 0.6347 0.6396
vn 0.8780 0.1194 -0.4636
vn 0.8504 0.2038 -0.4851
vn 0.3950 0.0084 -0.9187
vn -0.6082 -0.1150 0.7854
vn -0.6638 -0.4025 0.6303
vn -0.0442 -0.6303 0.7751
vn -0.1618 -0.3947 0.9044
vn -0.7183 0.0475 0.6941
vn -0.3159 -0.6293 0.7101
vn -0.6681 -0.1941 0.7183
vn -0.7784 -0.0292 0.6271
vn -0.0383 0.1315 0.9906
vn 0.4247 0.1827 0.8867
vn 0.9605 0.2226 -0.1668
vn 0.3232 -0.6635 0.6748
vn -0.5472 0.4006 0.7349
vn -0.4309 0.3756 0.8205
vn -0.4893 0.2296 0.8413
vn 0.5322 -0.0067 0.8466
vn 0.8566 -0.0273 0.5152
vn 0.7958 0.1315 0.5912
vn 0.4752 0.2207 0.8518
vn 0.7633 -0.5860 0.2721
vn 0.7786 0.0392 0.6263
vn 0.3934 0.4129 0.8215
vn 0.8664 -0.1213 0.4844
vn 0.8467 -0.5318 -0.0196
vn 0.5216 -0.5024 0.6896
vn 0.2263 0.8517 0.4726
vn -0.2518 0.6264 0.7377
vn 0.3051 0.7078 0.6371
vn -0.5460 -0.5318 0.6474
vn -0.7465 -0.2422 0.6198
vn -0.6990 -0.2219 0.6798
vn 0.9859 0.0333 -0.1638
vn 0.7841 0.3233 0.5298
vn -0.4364 0.1642 0.8846
vn -0.5481 0.0755 0.8330
vn -0.9827 0.1817 0.0369
vn -0.3670 -0.2708 -0.8899
vn -0.1356 -0.0273 0.9904
vn -0.9996 0.0068 0.0290
vn -0.9882 0.1332 0.0761
vn -0.8373 -0.2726 0.4739
vn 0.2103 -0.5024 0.8387
vn 0.3600 -0.1620 -0.9188
vn 0.8810 -0.4698 0.0550
vn -0.4478 0.0553 -0.8924
vn 0.4517 0.0793 -0.8886
vn -0.6948 -0.1446 0.7046
vn -0.9565 -0.1038 -0.2725
vn -0.1657 -0.1213 0.9787
vn -0.9451 0.0703 -0.3190
vn -0.3461 -0.7467 0.5680
vn 0.1596 -0.9292 0.3332
vn -0.6691 0.3790 0.6392
vn 0.3000 -0.7194 0.6265
vn -0.6306 -0.2829 0.7227
vn -0.0497 -0.6252 0.7789
vn -0.5752 0.4164 0.7041
vn -0.3459 0.6276 0.6974
vn 0.9832 0.1040 -0.1497
vn -0.3424 0.0650 -0.9373
vn -0.9858 0.1660 0.0242
vn -0.2257 0.3389 -0.9134
vn -0.1523 0.4981 0.8537
vn -0.5095 -0.4698 0.7209
vn -0.7578 -0.2808 0.5890
vn 0.0922 0.3826 0.9193
vn 0.3901 0.4549 0.8005
vn 0.9850 0.0955 0.1436
vn 0.9873 -0.0621 -0.1465
vn -0.3957 0.1722 0.9021
vn -0.6331 -0.0331 0.7734
vn 0.7929 0.5878 0.1609
vn 0.0248 0.8044 0.5936
vn -0.0788 0.3233 0.9430
vn 0.6595 0.0658 0.7488
vn -0.9905 0.1199 0.0680
vn -0.3799 0.6134 0.6924
vn -0.6009 -0.0946 0.7937
vn 0.8104 -0.2367 -0.5360
vn 0.7326 0.6264 0.2663
vn 0.8005 0.5890 0.1106
vn 0.7513 -0.6293 0.1991
vn 0.4731 -0.1757 -0.8633
vn 0.8136 0.4450 -0.3743
vn 0.3886 0.9039 -0.1788
vn -0.6227 0.0284 0.7819
vn -0.6279 0.1380 0.7660
vn 0.4148 0.3834 0.8252
vn -0.6399 0.0972 0.7623
vn -0.5871 -0.1108 0.8019
vn -0.9874 0.1012 -0.1216
vn 0.5218 -0.8526 -0.0263
vn 0.9658 0.1542 0.2085
vn 0.8524 -0.2278 -0.4707
vn 0.7752 -0.3436 -0.5301
vn 0.6758 -0.4835 0.5563
vn 0.6107 0.5825 0.5364
vn 0.5177 -0.7522 0.4077
vn 0.9955 0.0925 -0.0208
vn 0.4411 -0.5162 0.7341
vn 0.2990 -0.3737 0.8780
vn 0.5485 -0.6291 0.5507
vn 0.7834 -0.4439 0.4351
vn 0.0901 0.3496 0.9326
vn 0.3655 -0.6609 0.6555
vn 0.7216 0.4136 0.5552
vn 0.8420 0.0707 0.5348
vn 0.1243 -0.1434 0.9818
vn 0.9625 0.0894 0.2563
vn 0.9640 -0.0319 0.2642
vn 0.0798 0.3397 0.9371
vn 0.8906 -0.2710 0.3652
vn 0.6124 0.6684 0.4221
vn 0.7740 -0.5498 0.3141
vn 0.6458 -0.5381 0.5416
vn 0.7432 0.6307 0.2234
vn 0.5067 -0.3677 0.7798
vn 0.9571 0.2839 0.0585
vn 0.4326 -0.0863 0.8975
vn 0.9077 -0.3304 0.2586
vn 0.3866 0.1012 0.9167
vn 0.4041 0.3091 0.8609
vn 0.6591 -0.6172 0.4297
vn 0.7514 0.2728 0.6009
vn 0.4406 -0.6748 0.5921
vn 0.8665 0.2292 0.4435
vn 0.2974 -0.4713 0.8303
vn 0.9201 -0.0195 0.3913
vn 0.2391 0.2056 0.9490
vn 0.2281 -0.1637 0.9598
vn 0.4204 0.5263 0.7391
vn 0.8774 -0.1391 0.4591
vn 0.5735 0.6541 0.4932
vn 0.8418 -0.1669 0.5133
vn 0.7351 0.6352 0.2368
vn 0.8410 -0.2342 0.4877
vn 0.4984 -0.1365 0.8561
vn 0.0737 -0.3473 0.9349
vn -0.1377 0.7901 0.5973
vn 0.1312 -0.4455 0.8856
vn 0.2579 0.0932 0.9617
vn 0.5724 -0.0498 0.8185
vn 0.1440 0.5517 0.8215
vn 0.7749 0.0570 0.6295
vn 0.6396 0.1255 0.7584
vn 0.8371 0.0487 0.5449
vn -0.4257 -0.2314 0.8748
vn 0.6242 -0.1390 0.7688
vn 0.8840 0.4431 0.1491
vn 0.8417 -0.3748 0.3887
vn 0.8431 0.0674 0.5335
vn 0.3975 0.1464 0.9058
vn 0.3375 0.7380 0.5844
vn 0.1909 -0.9717 0.1389
vn 0.1126 0.9622 0.2481
vn 0.9051 0.0770 0.4181
vn 0.6234 -0.3823 0.6821
vn -0.0243 -0.5792 0.8148
vn 0.9948 -0.1014 0.0009
vn 0.8937 -0.0393 0.4470
vn -0.3786 0.3073 0.8731
vn 0.6675 -0.2861 0.6874
vn 0.9370 -0.3409 0.0761
vn 0.7797 0.3372 0.5276
vn -0.0322 -0.9478 0.3174
vn 0.4708 -0.1517 0.8691
vn 0.4919 0.5269 0.6931
vn 0.6574 -0.0915 0.7480
vn 0.6448 -0.1247 0.7541
vn 0.6529 -0.0950 0.7515
vn -0.1879 -0.1836 0.9649
vn 0.2160 -0.6370 0.7400
vn 0.5537 0.3788 0.7416
vn 0.5437 -0.7693 -0.3354
vn 0.1470 0.3177 0.9367
vn 0.6671 -0.4457 0.5970
vn 0.8627 -0.5056 0.0130
vn 0.5005 0.2663 0.8238
vn 0.9728 0.1045 -0.2067
vn 0.7475 -0.2977 0.5939
vn 0.6990 -0.2153 0.6819
vn 0.8052 0.5877 -0.0790
vn 0.7105 -0.0476 0.7021
vn 0.9075 0.3546 -0.2252
vn 0.5311 -0.0291 0.8468
vn 0.9535 0.1257 -0.2740
vn 0.1848 0.2207 0.9577
vn 0.9786 0.0265 -0.2039
vn 0.0454 -0.0173 0.9988
vn 0.9847 0.0887 -0.1498
vn 0.1843 -0.6568 0.7312
vn 0.5614 0.1878 0.8059
vn 0.1456 0.3814 0.9129
vn 0.2440 -0.2850 0.9270
vn 0.4224 0.2307 0.8766
vn 0.6244 -0.5860 0.5165
vn 0.1368 0.5534 0.8216
vn 0.5445 0.2927 0.7860
vn 0.2631 0.4716 0.8417
vn -0.0106 0.2662 0.9638
vn 0.9614 0.2037 -0.1848
vn 0.9790 0.1017 -0.1764
vn 0.4025 0.7574 -0.5141
vn -0.1792 -0.4655 0.8667
vn -0.0146 -0.6119 0.7908
vn -0.2150 -0.6846 0.6965
vn 0.4983 -0.1828 -0.8475
vn 0.5377 -0.5003 0.6787
vn 0.0173 -0.7619 0.6474
vn 0.7765 0.0505 0.6280
vn 0.2718 -0.9466 0.1734
vn 0.2530 -0.2714 0.9286
vn 0.5046 -0.0944 -0.8582
vn -0.0804 -0.4952 0.8651
vn 0.5043 -0.0993 -0.8578
vn -0.0598 0.0458 0.9972
vn 0.2150 -0.6497 0.7291
vn 0.5062 -0.0513 -0.8609
vn 0.4072 -0.7319 -0.5463
vn 0.5066 -0.0264 -0.8618
vn -0.3011 0.5311 0.7920
vn 0.5007 0.1548 -0.8517
vn -0.2327 0.6889 0.6865
vn 0.4497 0.4610 -0.7650
vn -0.2579 0.0890 0.9621
vn 0.0787 -0.6168 0.7832
vn -0.2704 -0.6906 0.6708
vn 0.3579 0.9312 -0.0690
vn -0.2270 0.1003 0.9687
vn -0.3377 -0.0454 0.9401
vn -0.2165 0.6235 0.7513
vn -0.1854 -0.3028 0.9348
vt 0.644315 0.655631
vt 0.618817 0.239530
vt 0.644315 0.239530
vt 0.652872 0.239530
vt 0.678370 0.239530
vt 0.652872 0.655631
vt 0.753341 0.505364
vt 0.750916 0.510558
vt 0.745298 0.505487
vt 0.752659 0.499456
vt 0.757164 0.502556
vt 0.755280 0.503379
vt 0.769275 0.497924
vt 0.763008 0.502020
vt 0.762642 0.497469
vt 0.777489 0.500426
vt 0.784364 0.505729
vt 0.776432 0.503018
vt 0.792731 0.506641
vt 0.797542 0.512889
vt 0.791459 0.508889
vt 0.799447 0.510781
vt 0.806035 0.523054
vt 0.812750 0.528674
vt 0.813484 0.536984
vt 0.809731 0.530078
vt 0.816785 0.535728
vt 0.816248 0.551396
vt 0.820398 0.552827
vt 0.813517 0.566255
vt 0.812921 0.576061
vt 0.802809 0.580444
vt 0.809794 0.572925
vt 0.805050 0.585342
vt 0.785469 0.588726
vt 0.787170 0.593796
vt 0.764652 0.591141
vt 0.761220 0.596348
vt 0.748996 0.586641
vt 0.732203 0.585655
vt 0.745884 0.592414
vt 0.719730 0.572007
vt 0.735428 0.577899
vt 0.711706 0.557669
vt 0.724578 0.567632
vt 0.706278 0.542411
vt 0.717099 0.554860
vt 0.804152 0.491165
vt 0.827061 0.596685
vt 0.701814 0.589166
vt 0.747625 0.512115
vt 0.740016 0.522228
vt 0.745407 0.511731
vt 0.735183 0.518702
vt 0.744104 0.509851
vt 0.766414 0.474303
vt 0.837042 0.529788
vt 0.738496 0.615730
vt 0.761496 0.518049
vt 0.732900 0.492638
vt 0.748097 0.502462
vt 0.755828 0.522403
vt 0.814018 0.499342
vt 0.809454 0.521313
vt 0.813552 0.611097
vt 0.689127 0.568967
vt 0.729626 0.507645
vt 0.782299 0.482683
vt 0.785953 0.502138
vt 0.842011 0.564153
vt 0.817605 0.568064
vt 0.719328 0.606149
vt 0.741020 0.483031
vt 0.757286 0.498180
vt 0.830576 0.520076
vt 0.788344 0.618297
vt 0.794624 0.485683
vt 0.768524 0.502150
vt 0.758412 0.475981
vt 0.782443 0.514640
vt 0.773261 0.512819
vt 0.804173 0.563526
vt 0.806883 0.551573
vt 0.763560 0.511043
vt 0.740962 0.576179
vt 0.752397 0.584083
vt 0.761846 0.511370
vt 0.804934 0.539986
vt 0.798618 0.528222
vt 0.777864 0.585129
vt 0.721972 0.539423
vt 0.727595 0.550525
vt 0.787605 0.516871
vt 0.801257 0.569420
vt 0.731446 0.561236
vt 0.767234 0.513774
vt 0.764502 0.587247
vt 0.759450 0.511134
vt 0.763416 0.512456
vt 0.792019 0.519955
vt 0.794833 0.574832
vt 0.825326 0.511589
vt 0.723367 0.352715
vt 0.713236 0.356948
vt 0.715437 0.352562
vt 0.731720 0.360391
vt 0.713633 0.364809
vt 0.711140 0.540209
vt 0.702924 0.523187
vt 0.708464 0.520063
vt 0.702830 0.509646
vt 0.708137 0.502532
vt 0.703999 0.499104
vt 0.709949 0.488558
vt 0.707614 0.479128
vt 0.717447 0.462430
vt 0.713206 0.441725
vt 0.728225 0.441087
vt 0.720985 0.434388
vt 0.727969 0.438155
vt 0.742989 0.412725
vt 0.740083 0.402696
vt 0.744903 0.409104
vt 0.750593 0.381540
vt 0.757908 0.391698
vt 0.733125 0.378595
vt 0.727754 0.423782
vt 0.740690 0.360070
vt 0.716083 0.375121
vt 0.717116 0.414812
vt 0.691338 0.524699
vt 0.733852 0.434346
vt 0.734731 0.353945
vt 0.737903 0.437492
vt 0.705609 0.368548
vt 0.728546 0.466461
vt 0.737696 0.358018
vt 0.719689 0.503266
vt 0.746175 0.372674
vt 0.720213 0.519176
vt 0.758215 0.374280
vt 0.758572 0.385172
vt 0.705516 0.379744
vt 0.767454 0.382990
vt 0.705478 0.416387
vt 0.753603 0.405903
vt 0.714344 0.341711
vt 0.701243 0.441593
vt 0.704444 0.355685
vt 0.695161 0.478005
vt 0.751367 0.417790
vt 0.691852 0.498203
vt 0.737512 0.429692
vt 0.690875 0.509692
vt 0.744513 0.352163
vt 0.748660 0.355111
vt 0.807096 0.882124
vt 0.800487 0.887935
vt 0.804253 0.891341
vt 0.792960 0.910387
vt 0.799623 0.900622
vt 0.791062 0.898458
vt 0.800673 0.879963
vt 0.790761 0.886056
vt 0.763421 0.891575
vt 0.760818 0.878399
vt 0.756065 0.889550
vt 0.790597 0.885918
vt 0.788006 0.878635
vt 0.780520 0.888214
vt 0.763881 0.899365
vt 0.763324 0.909982
vt 0.771327 0.910289
vt 0.732685 0.878593
vt 0.731833 0.888507
vt 0.702762 0.880190
vt 0.698774 0.889120
vt 0.653179 0.902292
vt 0.658548 0.937710
vt 0.697866 0.915827
vt 0.651975 0.882177
vt 0.651425 0.888852
vt 0.605989 0.881662
vt 0.604815 0.888739
vt 0.579940 0.879095
vt 0.575389 0.886672
vt 0.582235 0.960122
vt 0.552563 0.906186
vt 0.563296 0.965283
vt 0.556131 0.878487
vt 0.552969 0.886521
vt 0.532120 0.875258
vt 0.530732 0.887494
vt 0.607374 0.904725
vt 0.614589 0.951276
vt 0.528881 0.907797
vt 0.541810 0.972975
vt 0.513144 0.888220
vt 0.527388 0.977849
vt 0.498070 0.911828
vt 0.511702 0.984293
vt 0.512479 0.873051
vt 0.499267 0.890154
vt 0.486000 0.893447
vt 0.461378 0.877571
vt 0.469303 0.900965
vt 0.483435 0.872101
vt 0.499756 0.987778
vt 0.475923 0.915563
vt 0.459903 0.988324
vt 0.484007 0.990573
vt 0.449673 0.903651
vt 0.443751 0.884038
vt 0.411695 0.909437
vt 0.410286 0.978587
vt 0.378551 0.922751
vt 0.384281 0.985398
vt 0.457131 0.915985
vt 0.414752 0.890986
vt 0.399534 0.904308
vt 0.391214 0.881846
vt 0.373781 0.908228
vt 0.369804 0.886265
vt 0.352969 0.990573
vt 0.809864 0.868479
vt 0.805174 0.877031
vt 0.809027 0.876115
vt 0.338183 0.875169
vt 0.361609 0.882964
vt 0.358498 0.872190
vt 0.418400 0.853782
vt 0.404513 0.865818
vt 0.420597 0.873995
vt 0.438678 0.853130
vt 0.440734 0.869749
vt 0.458163 0.866398
vt 0.457136 0.852873
vt 0.481956 0.852239
vt 0.482475 0.863975
vt 0.498449 0.852169
vt 0.498560 0.863266
vt 0.512680 0.863423
vt 0.512889 0.852158
vt 0.532932 0.864196
vt 0.533499 0.852788
vt 0.578965 0.855444
vt 0.554942 0.865758
vt 0.577946 0.867802
vt 0.555705 0.853788
vt 0.606032 0.857507
vt 0.604726 0.870687
vt 0.652895 0.875656
vt 0.653846 0.860685
vt 0.701917 0.874556
vt 0.701923 0.866323
vt 0.735698 0.867404
vt 0.735563 0.873571
vt 0.763884 0.868746
vt 0.763845 0.873007
vt 0.785516 0.874190
vt 0.785886 0.868837
vt 0.795282 0.869515
vt 0.799247 0.874726
vt 0.799601 0.869292
vt 0.802089 0.869459
vt 0.801629 0.874892
vt 0.805780 0.867413
vt 0.795186 0.874120
vt 0.345407 0.893460
vt 0.347470 0.923130
vt 0.405808 0.920837
vt 0.487740 0.914491
vt 0.513626 0.909801
vt 0.573751 0.905643
vt 0.696834 0.901196
vt 0.729596 0.898737
vt 0.754501 0.899915
vt 0.780578 0.898338
vt 0.763728 0.899364
vt 0.780717 0.898613
vt 0.804495 0.881851
vt 0.796684 0.879262
vt 0.772561 0.879707
vt 0.498782 0.871746
vt 0.400349 0.889963
vt 0.390378 0.867692
vt 0.382814 0.878520
vt 0.377985 0.878001
vt 0.370555 0.870451
vt 0.371749 0.879619
vt 0.381490 0.868912
vt 0.365308 0.871203
vt 0.367245 0.880941
vt 0.697146 0.901683
vt 0.728678 0.910993
vt 0.765920 0.831187
vt 0.755120 0.840835
vt 0.763689 0.842165
vt 0.808037 0.891758
vt 0.813687 0.906138
vt 0.816398 0.893071
vt 0.809879 0.885228
vt 0.817484 0.883461
vt 0.811841 0.876822
vt 0.817939 0.877142
vt 0.804764 0.903780
vt 0.796219 0.911128
vt 0.801151 0.913312
vt 0.811315 0.915907
vt 0.818667 0.868741
vt 0.808351 0.862325
vt 0.802016 0.855674
vt 0.805606 0.862358
vt 0.802599 0.841851
vt 0.796126 0.830327
vt 0.793431 0.843306
vt 0.801472 0.863963
vt 0.791740 0.857452
vt 0.797202 0.864404
vt 0.764894 0.850020
vt 0.761165 0.863260
vt 0.773259 0.862434
vt 0.791588 0.857567
vt 0.788589 0.864564
vt 0.763838 0.842034
vt 0.772898 0.831476
vt 0.756722 0.852056
vt 0.732881 0.862314
vt 0.754571 0.910541
vt 0.732168 0.852230
vt 0.702899 0.860812
vt 0.697189 0.840427
vt 0.730043 0.841654
vt 0.728762 0.829194
vt 0.702478 0.827145
vt 0.699034 0.851875
vt 0.653815 0.854196
vt 0.654176 0.847698
vt 0.609350 0.846936
vt 0.609545 0.839792
vt 0.583050 0.844541
vt 0.579914 0.836085
vt 0.558689 0.841133
vt 0.556561 0.832395
vt 0.533733 0.841406
vt 0.514553 0.825753
vt 0.533651 0.828439
vt 0.498907 0.822769
vt 0.513048 0.842177
vt 0.483287 0.819294
vt 0.458293 0.840746
vt 0.482224 0.843695
vt 0.498545 0.843358
vt 0.439246 0.815934
vt 0.461787 0.813019
vt 0.400976 0.821028
vt 0.438455 0.838133
vt 0.390102 0.829268
vt 0.408466 0.838560
vt 0.387479 0.853668
vt 0.394508 0.843242
vt 0.365357 0.855401
vt 0.362660 0.832849
vt 0.358400 0.860955
vt 0.339786 0.855546
vt 0.333051 0.826381
vt 0.362480 0.817174
vt 0.392553 0.811589
vt 0.442720 0.800499
vt 0.466662 0.791732
vt 0.499128 0.794936
vt 0.484165 0.790826
vt 0.517040 0.800978
vt 0.535063 0.806067
vt 0.558522 0.811770
vt 0.582463 0.816353
vt 0.615456 0.824641
vt 0.657646 0.834004
vt 0.783151 0.842604
vt 0.782334 0.853952
vt 0.380151 0.859254
vt 0.375612 0.861105
vt 0.376728 0.869578
vt 0.369127 0.861290
vt 0.364406 0.861289
vt 0.810473 0.852410
vt 0.818508 0.837624
vt 0.808511 0.839020
vt 0.811588 0.859438
vt 0.819493 0.852155
vt 0.812657 0.868203
vt 0.819163 0.862309
vt 0.799884 0.829849
vt 0.805543 0.827667
vt 0.817176 0.826494
vt 0.806427 0.852408
vt 0.785889 0.829723
vt 0.784274 0.910456
vt 0.745306 0.524563
vt 0.843650 0.548130
vt 0.759416 0.620785
vt 0.751976 0.476939
vt 0.681767 0.548552
vt 0.726573 0.341711
vt 0.738313 0.442932
vt 0.765441 0.396324
vt 0.754764 0.410545
vt 0.756098 0.829564
vt 0.697323 0.839810
vt 0.657780 0.833303
vt 0.783420 0.842546
vt 0.884787 0.021469
vt 0.878843 0.012130
vt 0.884787 0.011956
vt 0.884787 0.026139
vt 0.879132 0.021779
vt 0.884787 0.031453
vt 0.879357 0.026668
vt 0.884787 0.036425
vt 0.879733 0.032080
vt 0.884787 0.040879
vt 0.879501 0.037227
vt 0.884787 0.046905
vt 0.879221 0.040713
vt 0.884787 0.062617
vt 0.884787 0.072428
vt 0.881702 0.072126
vt 0.881476 0.080366
vt 0.884787 0.099024
vt 0.882215 0.098975
vt 0.882037 0.088967
vt 0.884787 0.107852
vt 0.884787 0.118689
vt 0.882510 0.107888
vt 0.882219 0.129986
vt 0.882405 0.118683
vt 0.884787 0.130089
vt 0.881744 0.144058
vt 0.884787 0.144207
vt 0.880947 0.158557
vt 0.884787 0.158957
vt 0.880540 0.173211
vt 0.884787 0.173199
vt 0.880613 0.188077
vt 0.884787 0.188226
vt 0.879519 0.223978
vt 0.884787 0.295024
vt 0.878206 0.258308
vt 0.884787 0.259699
vt 0.884787 0.307563
vt 0.869234 0.312366
vt 0.872513 0.299605
vt 0.884787 0.322556
vt 0.871391 0.331537
vt 0.879891 0.334369
vt 0.884787 0.333775
vt 0.878541 0.370615
vt 0.884787 0.373314
vt 0.877420 0.404064
vt 0.884787 0.416228
vt 0.869984 0.439849
vt 0.870233 0.427492
vt 0.884787 0.451023
vt 0.867496 0.444982
vt 0.865089 0.451329
vt 0.870013 0.471739
vt 0.859181 0.467394
vt 0.884787 0.484849
vt 0.873453 0.487822
vt 0.884787 0.506506
vt 0.880538 0.517428
vt 0.878024 0.507142
vt 0.884787 0.519814
vt 0.875000 0.524703
vt 0.884787 0.544214
vt 0.869555 0.557717
vt 0.870125 0.577629
vt 0.884787 0.586718
vt 0.864172 0.594313
vt 0.860630 0.600750
vt 0.884787 0.610909
vt 0.866449 0.016111
vt 0.859305 0.013053
vt 0.867657 0.011869
vt 0.870915 0.038588
vt 0.873432 0.023148
vt 0.877095 0.044509
vt 0.868495 0.043148
vt 0.874494 0.031376
vt 0.873967 0.027771
vt 0.873769 0.017086
vt 0.867275 0.022823
vt 0.856848 0.018147
vt 0.866427 0.030434
vt 0.873489 0.013084
vt 0.869559 0.049239
vt 0.874555 0.064507
vt 0.866981 0.062666
vt 0.873082 0.073533
vt 0.876648 0.075867
vt 0.871969 0.076067
vt 0.878859 0.090966
vt 0.876120 0.085386
vt 0.873753 0.082650
vt 0.865622 0.071504
vt 0.884787 0.224429
vt 0.859712 0.313756
vt 0.870150 0.366560
vt 0.870745 0.392669
vt 0.866498 0.381992
vt 0.860605 0.442883
vt 0.857545 0.436669
vt 0.852758 0.451286
vt 0.858152 0.448670
vt 0.876559 0.495347
vt 0.869568 0.410841
vt 0.873343 0.545229
vt 0.866441 0.535930
vt 0.855093 0.545894
vt 0.861877 0.565033
vt 0.858911 0.544278
vt 0.860460 0.537527
vt 0.861749 0.582303
vt 0.860147 0.587263
vt 0.868026 0.038724
vt 0.866275 0.049175
vt 0.865852 0.044170
vt 0.867909 0.051381
vt 0.863820 0.050828
vt 0.871238 0.030838
vt 0.873085 0.048782
vt 0.864517 0.026524
vt 0.862799 0.032031
vt 0.860413 0.027543
vt 0.855443 0.024398
vt 0.852783 0.016872
vt 0.855161 0.011453
vt 0.859217 0.024633
vt 0.870915 0.034009
vt 0.866852 0.075930
vt 0.866975 0.081026
vt 0.862087 0.080427
vt 0.862104 0.066196
vt 0.861429 0.075919
vt 0.854269 0.309425
vt 0.867560 0.294630
vt 0.870387 0.294399
vt 0.865740 0.289091
vt 0.875426 0.128450
vt 0.875403 0.118324
vt 0.855236 0.314937
vt 0.875482 0.141227
vt 0.875173 0.154878
vt 0.875132 0.169356
vt 0.875076 0.183711
vt 0.873420 0.252735
vt 0.874346 0.218832
vt 0.870079 0.089690
vt 0.867966 0.087116
vt 0.874878 0.102363
vt 0.875565 0.108798
vt 0.863823 0.409568
vt 0.865084 0.318804
vt 0.860765 0.320337
vt 0.859096 0.317010
vt 0.860112 0.387644
vt 0.861601 0.379918
vt 0.865132 0.364009
vt 0.864456 0.330697
vt 0.856052 0.319956
vt 0.862929 0.393390
vt 0.865329 0.388212
vt 0.865394 0.475330
vt 0.854979 0.470320
vt 0.854013 0.540629
vt 0.873593 0.510021
vt 0.856197 0.535627
vt 0.874524 0.519748
vt 0.871702 0.498626
vt 0.870066 0.525770
vt 0.852370 0.447599
vt 0.847168 0.460423
vt 0.847486 0.451077
vt 0.854303 0.442753
vt 0.852628 0.436141
vt 0.842256 0.461847
vt 0.858604 0.532316
vt 0.869688 0.491066
vt 0.862406 0.617435
vt 0.854929 0.600699
vt 0.861887 0.577907
vt 0.857491 0.568801
vt 0.856894 0.594126
vt 0.850207 0.548227
vt 0.855440 0.587389
vt 0.856944 0.580945
vt 0.850215 0.543634
vt 0.890730 0.012130
vt 0.890441 0.021779
vt 0.890216 0.026668
vt 0.889840 0.032080
vt 0.890073 0.037227
vt 0.890352 0.040713
vt 0.895019 0.064507
vt 0.896491 0.073533
vt 0.887871 0.072125
vt 0.888097 0.080366
vt 0.884787 0.080316
vt 0.887536 0.088967
vt 0.887358 0.098975
vt 0.887064 0.107888
vt 0.887354 0.129986
vt 0.887829 0.144058
vt 0.888626 0.158557
vt 0.889033 0.173211
vt 0.888961 0.188077
vt 0.890054 0.223978
vt 0.891368 0.258308
vt 0.897060 0.299605
vt 0.900340 0.312365
vt 0.889683 0.334369
vt 0.898183 0.331537
vt 0.891033 0.370615
vt 0.892155 0.404064
vt 0.899590 0.439848
vt 0.902078 0.444982
vt 0.904486 0.451329
vt 0.910393 0.467394
vt 0.899562 0.471739
vt 0.896121 0.487822
vt 0.893016 0.495347
vt 0.889037 0.517428
vt 0.894574 0.524703
vt 0.899450 0.577629
vt 0.900019 0.557717
vt 0.905402 0.594313
vt 0.908945 0.600750
vt 0.903124 0.016111
vt 0.910268 0.013053
vt 0.912725 0.018148
vt 0.898658 0.038588
vt 0.901079 0.043147
vt 0.896141 0.023148
vt 0.892478 0.044509
vt 0.895606 0.027771
vt 0.895079 0.031376
vt 0.895804 0.017086
vt 0.902298 0.022823
vt 0.910356 0.024633
vt 0.903146 0.030434
vt 0.896084 0.013084
vt 0.900014 0.049239
vt 0.902592 0.062666
vt 0.897604 0.076067
vt 0.892926 0.075867
vt 0.895820 0.082650
vt 0.890714 0.090966
vt 0.893453 0.085386
vt 0.903951 0.071504
vt 0.909862 0.313756
vt 0.899424 0.366560
vt 0.903076 0.381992
vt 0.898829 0.392669
vt 0.908969 0.442883
vt 0.916817 0.451286
vt 0.922406 0.460423
vt 0.912029 0.436669
vt 0.899341 0.427492
vt 0.900007 0.410841
vt 0.903133 0.535930
vt 0.896232 0.545229
vt 0.914482 0.545894
vt 0.907697 0.565033
vt 0.910664 0.544278
vt 0.909115 0.537527
vt 0.907826 0.582303
vt 0.909428 0.587263
vt 0.901547 0.038724
vt 0.903721 0.044170
vt 0.903298 0.049175
vt 0.901664 0.051381
vt 0.898335 0.030838
vt 0.896488 0.048782
vt 0.905056 0.026524
vt 0.906775 0.032031
vt 0.914130 0.024399
vt 0.914413 0.011453
vt 0.909160 0.027543
vt 0.898658 0.034009
vt 0.902721 0.075930
vt 0.902599 0.081026
vt 0.907469 0.066196
vt 0.908145 0.075919
vt 0.915305 0.309425
vt 0.899187 0.294399
vt 0.902014 0.294630
vt 0.887169 0.118683
vt 0.894148 0.128450
vt 0.914338 0.314937
vt 0.910478 0.317010
vt 0.894092 0.141227
vt 0.894400 0.154878
vt 0.894441 0.169356
vt 0.894498 0.183711
vt 0.896154 0.252735
vt 0.895227 0.218832
vt 0.899494 0.089690
vt 0.894695 0.102363
vt 0.903834 0.289091
vt 0.894008 0.108798
vt 0.905752 0.409568
vt 0.904490 0.318804
vt 0.908809 0.320337
vt 0.909462 0.387644
vt 0.904245 0.388212
vt 0.904442 0.364009
vt 0.913522 0.319956
vt 0.906645 0.393390
vt 0.907973 0.379918
vt 0.905118 0.330697
vt 0.904181 0.475330
vt 0.915562 0.540629
vt 0.895982 0.510021
vt 0.891550 0.507142
vt 0.895050 0.519748
vt 0.897873 0.498626
vt 0.899509 0.525770
vt 0.917204 0.447598
vt 0.911422 0.448670
vt 0.922088 0.451077
vt 0.915271 0.442753
vt 0.914595 0.470319
vt 0.910971 0.532316
vt 0.899886 0.491066
vt 0.907168 0.617435
vt 0.900826 0.617425
vt 0.907687 0.577907
vt 0.912681 0.594126
vt 0.919368 0.548227
vt 0.912631 0.580945
vt 0.919359 0.543634
vt 0.868748 0.617425
vt 0.901917 0.011869
vt 0.905753 0.050828
vt 0.916790 0.016872
vt 0.907486 0.080427
vt 0.894171 0.118324
vt 0.901607 0.087116
vt 0.916946 0.436141
vt 0.913378 0.535627
vt 0.927319 0.461847
vt 0.914646 0.600699
vt 0.912083 0.568801
vt 0.914135 0.587389
vt 0.682123 0.126078
vt 0.695401 0.137374
vt 0.681901 0.135451
vt 0.655306 0.133664
vt 0.653049 0.125313
vt 0.676417 0.158456
vt 0.673536 0.166249
vt 0.661813 0.167862
vt 0.705110 0.164592
vt 0.692413 0.158965
vt 0.701796 0.149453
vt 0.685815 0.147007
vt 0.650097 0.141091
vt 0.635412 0.141169
vt 0.636112 0.124816
vt 0.607389 0.136153
vt 0.605543 0.123689
vt 0.628670 0.144407
vt 0.628953 0.152135
vt 0.613825 0.150815
vt 0.624954 0.158289
vt 0.639833 0.157869
vt 0.625911 0.171889
vt 0.636246 0.153435
vt 0.631997 0.151870
vt 0.629860 0.142038
vt 0.612142 0.140998
vt 0.675230 0.151053
vt 0.678063 0.146092
vt 0.643978 0.155711
vt 0.656510 0.160632
vt 0.655718 0.175243
vt 0.681035 0.176145
vt 0.630177 0.193713
vt 0.655359 0.230277
vt 0.607548 0.217010
vt 0.632266 0.181596
vt 0.695775 0.181855
vt 0.687230 0.177294
vt 0.717993 0.177516
vt 0.727083 0.181949
vt 0.700129 0.232855
vt 0.740589 0.179558
vt 0.787701 0.236297
vt 0.744152 0.234760
vt 0.750388 0.171743
vt 0.790503 0.182713
vt 0.793115 0.128336
vt 0.754436 0.159162
vt 0.752365 0.150882
vt 0.737343 0.140509
vt 0.726164 0.127020
vt 0.734325 0.136728
vt 0.729775 0.135307
vt 0.695920 0.115457
vt 0.682345 0.116705
vt 0.655701 0.116942
vt 0.663824 0.082875
vt 0.675452 0.085267
vt 0.677963 0.093068
vt 0.706678 0.092178
vt 0.693961 0.093498
vt 0.698157 0.069867
vt 0.686802 0.105305
vt 0.702881 0.103638
vt 0.650852 0.109177
vt 0.636190 0.108304
vt 0.642620 0.101287
vt 0.612517 0.112168
vt 0.620794 0.099768
vt 0.630533 0.096284
vt 0.629610 0.104681
vt 0.627893 0.087717
vt 0.641093 0.091071
vt 0.637292 0.095658
vt 0.630686 0.107118
vt 0.676421 0.100693
vt 0.645775 0.092744
vt 0.658095 0.074769
vt 0.658184 0.089878
vt 0.683420 0.075346
vt 0.623076 0.062464
vt 0.619649 0.058024
vt 0.622316 0.043398
vt 0.637422 0.065253
vt 0.665600 0.031327
vt 0.636108 0.079866
vt 0.689658 0.074657
vt 0.706608 0.025042
vt 0.720706 0.076933
vt 0.729608 0.074253
vt 0.747082 0.022576
vt 0.752488 0.082965
vt 0.742547 0.076740
vt 0.793115 0.072343
vt 0.755932 0.095910
vt 0.737965 0.114213
vt 0.742852 0.107579
vt 0.753291 0.102523
vt 0.734772 0.117828
vt 0.730159 0.119051
vt 0.913950 0.802361
vt 0.919578 0.839021
vt 0.906011 0.840309
vt 0.656471 0.706865
vt 0.643846 0.701772
vt 0.657473 0.701856
vt 0.915881 0.929038
vt 0.926773 0.958453
vt 0.913206 0.959741
vt 0.644917 0.716040
vt 0.642844 0.706781
vt 0.964152 0.506368
vt 0.970761 0.537436
vt 0.957137 0.537157
vt 0.922607 0.966981
vt 0.936174 0.965692
vt 0.820619 0.728127
vt 0.833570 0.713658
vt 0.834247 0.728127
vt 0.934756 0.984654
vt 0.948323 0.983366
vt 0.820597 0.707511
vt 0.819943 0.713658
vt 0.948365 0.987144
vt 0.934799 0.988433
vt 0.821606 0.701651
vt 0.834224 0.707511
vt 0.978884 0.611377
vt 0.982641 0.574341
vt 0.992508 0.611656
vt 0.936192 0.993088
vt 0.949758 0.991799
vt 0.784365 0.768848
vt 0.789879 0.779694
vt 0.784365 0.782476
vt 0.662725 0.762208
vt 0.650062 0.770508
vt 0.649098 0.762124
vt 0.782573 0.768951
vt 0.782573 0.782579
vt 0.660644 0.754277
vt 0.647017 0.754193
vt 0.778776 0.769233
vt 0.778776 0.782861
vt 0.918917 0.898265
vt 0.928314 0.867567
vt 0.932484 0.896976
vt 0.656975 0.744804
vt 0.643348 0.744720
vt 0.772242 0.770851
vt 0.772242 0.784478
vt 0.929447 0.927749
vt 0.643484 0.735687
vt 0.657111 0.735771
vt 0.807649 0.770851
vt 0.801780 0.780503
vt 0.801780 0.766876
vt 0.655735 0.728949
vt 0.642108 0.728865
vt 0.798419 0.776915
vt 0.798419 0.763288
vt 0.653443 0.724284
vt 0.639816 0.724200
vt 0.794545 0.765515
vt 0.794545 0.779142
vt 0.658544 0.716124
vt 0.791853 0.765828
vt 0.791853 0.779456
vt 0.833904 0.742608
vt 0.820277 0.742608
vt 0.275225 0.808916
vt 0.285825 0.799156
vt 0.288849 0.809211
vt 0.820772 0.748770
vt 0.834399 0.748770
vt 0.789879 0.766067
vt 0.914748 0.868855
vt 0.821606 0.754658
vt 0.835233 0.754658
vt 0.288360 0.815251
vt 0.274736 0.814956
vt 0.259277 0.795649
vt 0.254012 0.808624
vt 0.254012 0.794997
vt 0.703993 0.703631
vt 0.716658 0.709704
vt 0.703041 0.709170
vt 0.261072 0.795702
vt 0.259277 0.809276
vt 0.275225 0.792346
vt 0.272201 0.798861
vt 0.919844 0.764216
vt 0.927516 0.801072
vt 0.264871 0.795962
vt 0.261072 0.809329
vt 0.704797 0.714361
vt 0.718414 0.714894
vt 0.271365 0.797733
vt 0.264871 0.809590
vt 0.705664 0.718294
vt 0.719281 0.718828
vt 0.236545 0.797733
vt 0.241669 0.808817
vt 0.236545 0.811360
vt 0.718398 0.724046
vt 0.704781 0.723512
vt 0.241669 0.795189
vt 0.244974 0.805974
vt 0.716676 0.733218
vt 0.703059 0.732685
vt 0.248901 0.794479
vt 0.244974 0.792346
vt 0.705667 0.668727
vt 0.716291 0.684900
vt 0.700108 0.684362
vt 0.251953 0.794943
vt 0.248901 0.808106
vt 0.702713 0.690899
vt 0.716330 0.691433
vt 0.985924 0.711081
vt 0.998958 0.719283
vt 0.985332 0.719115
vt 0.292489 0.798569
vt 0.303312 0.808518
vt 0.289686 0.808689
vt 0.715187 0.695654
vt 0.701571 0.695120
vt 0.251953 0.808571
vt 0.999077 0.702017
vt 0.999550 0.711249
vt 0.305830 0.792346
vt 0.306115 0.798399
vt 0.717610 0.704164
vt 0.985451 0.701849
vt 0.995769 0.694062
vt 0.722360 0.698360
vt 0.734883 0.692360
vt 0.735979 0.697873
vt 0.982143 0.693894
vt 0.992782 0.687842
vt 0.292489 0.815301
vt 0.306115 0.815131
vt 0.980638 0.676010
vt 0.979156 0.687674
vt 0.722879 0.687611
vt 0.721264 0.692847
vt 0.992391 0.669964
vt 0.994264 0.676177
vt 0.723652 0.683658
vt 0.736498 0.687124
vt 0.979736 0.660920
vt 0.978765 0.669797
vt 0.736422 0.677947
vt 0.737271 0.683171
vt 0.980515 0.653034
vt 0.993362 0.661087
vt 0.722803 0.678434
vt 0.734979 0.668727
vt 0.981907 0.644083
vt 0.994141 0.653201
vt 0.723652 0.733333
vt 0.734913 0.717186
vt 0.737271 0.732846
vt 0.985955 0.727147
vt 0.999582 0.727314
vt 0.995280 0.639414
vt 0.995533 0.644251
vt 0.721264 0.711140
vt 0.721294 0.717672
vt 0.982068 0.635725
vt 0.981654 0.639247
vt 0.733736 0.706433
vt 0.734882 0.710653
vt 0.982539 0.630360
vt 0.995694 0.635893
vt 0.999132 0.736547
vt 0.985505 0.736379
vt 0.985709 0.625044
vt 0.996165 0.630528
vt 0.720117 0.706920
vt 0.996159 0.747145
vt 0.982533 0.746978
vt 0.999333 0.621951
vt 0.999336 0.625212
vt 0.993007 0.753409
vt 0.979380 0.753241
vt 0.985955 0.618577
vt 0.985706 0.621784
vt 0.980735 0.762769
vt 0.994362 0.762937
vt 0.998903 0.612660
vt 0.999582 0.618744
vt 0.992499 0.769745
vt 0.978872 0.769577
vt 0.969016 0.574062
vt 0.979490 0.778860
vt 0.993116 0.779028
vt 0.967604 0.420852
vt 0.980177 0.451405
vt 0.966553 0.451126
vt 0.979790 0.787350
vt 0.993416 0.787518
vt 0.972099 0.414343
vt 0.981228 0.421131
vt 0.980694 0.796364
vt 0.994320 0.796531
vt 0.976618 0.409307
vt 0.985723 0.414622
vt 0.993658 0.802250
vt 0.980031 0.802082
vt 0.988313 0.405684
vt 0.990242 0.409586
vt 0.980376 0.805411
vt 0.994003 0.805579
vt 0.978884 0.401089
vt 0.974688 0.405405
vt 0.967045 0.479151
vt 0.977777 0.506647
vt 0.980733 0.810460
vt 0.994359 0.810628
vt 0.992235 0.393592
vt 0.992508 0.401368
vt 0.980669 0.479430
vt 0.983634 0.815927
vt 0.997261 0.816095
vt 0.659512 0.678412
vt 0.650062 0.668727
vt 0.663689 0.668811
vt 0.997100 0.819351
vt 0.983473 0.819183
vt 0.645850 0.686002
vt 0.645885 0.678328
vt 0.983616 0.822397
vt 0.997242 0.822565
vt 0.657014 0.695351
vt 0.659477 0.686086
vt 0.996244 0.828605
vt 0.982618 0.828437
vt 0.643387 0.695267
vt 0.700329 0.126484
vt 0.641497 0.148758
vt 0.610624 0.227818
vt 0.619586 0.193230
vt 0.624150 0.189975
vt 0.714550 0.163722
vt 0.747511 0.151859
vt 0.741922 0.146910
vt 0.679013 0.105938
vt 0.612533 0.104647
vt 0.633431 0.096743
vt 0.615717 0.051177
vt 0.626327 0.068442
vt 0.715837 0.093377
vt 0.792893 0.016822
vt 0.748137 0.101584
vt 0.835233 0.701651
vt 0.663689 0.770592
vt 0.807649 0.784478
vt 0.288849 0.792641
vt 0.933410 0.762928
vt 0.271365 0.811360
vt 0.719281 0.669348
vt 0.292203 0.792517
vt 0.721360 0.669214
vt 0.985277 0.612492
vt 0.978611 0.393313
vt 0.419042 0.396989
vt 0.411947 0.421373
vt 0.402393 0.423511
vt 0.407418 0.441181
vt 0.349894 0.429264
vt 0.387506 0.462854
vt 0.349690 0.455472
vt 0.453815 0.420362
vt 0.455668 0.396742
vt 0.429409 0.449624
vt 0.427943 0.459728
vt 0.423356 0.464230
vt 0.424878 0.440632
vt 0.413072 0.439010
vt 0.427059 0.434350
vt 0.437455 0.428761
vt 0.400847 0.492860
vt 0.423099 0.476369
vt 0.430865 0.490961
vt 0.411610 0.581380
vt 0.401694 0.574546
vt 0.417975 0.564922
vt 0.421509 0.555104
vt 0.404439 0.563843
vt 0.401092 0.554885
vt 0.423472 0.550991
vt 0.379645 0.539011
vt 0.408007 0.529859
vt 0.400128 0.526696
vt 0.398577 0.518020
vt 0.382855 0.495217
vt 0.370560 0.517236
vt 0.372964 0.503764
vt 0.409985 0.524021
vt 0.418117 0.538075
vt 0.442061 0.497825
vt 0.430721 0.522676
vt 0.455046 0.497692
vt 0.449129 0.523007
vt 0.464761 0.488151
vt 0.458105 0.522068
vt 0.430806 0.530697
vt 0.423151 0.551084
vt 0.438674 0.554539
vt 0.429915 0.579386
vt 0.442905 0.579247
vt 0.453811 0.455616
vt 0.441968 0.452945
vt 0.437718 0.444583
vt 0.459335 0.450511
vt 0.462082 0.422628
vt 0.463712 0.408312
vt 0.478095 0.397215
vt 0.480243 0.410764
vt 0.474906 0.419156
vt 0.475332 0.434118
vt 0.479801 0.442681
vt 0.477681 0.422164
vt 0.482748 0.434814
vt 0.487565 0.419754
vt 0.511863 0.418684
vt 0.503478 0.431420
vt 0.516882 0.397417
vt 0.527025 0.415320
vt 0.537978 0.421591
vt 0.582459 0.397735
vt 0.504451 0.465530
vt 0.502145 0.446341
vt 0.507124 0.456313
vt 0.468050 0.470202
vt 0.505182 0.472578
vt 0.500560 0.476925
vt 0.478190 0.505603
vt 0.485330 0.487916
vt 0.506889 0.485695
vt 0.495788 0.505071
vt 0.472642 0.531601
vt 0.461041 0.533165
vt 0.478931 0.537013
vt 0.475878 0.539008
vt 0.493627 0.508940
vt 0.482434 0.537304
vt 0.523360 0.517930
vt 0.513964 0.484898
vt 0.518335 0.482926
vt 0.535651 0.510338
vt 0.531311 0.479338
vt 0.539461 0.510107
vt 0.495441 0.553897
vt 0.479247 0.565221
vt 0.480263 0.551461
vt 0.506946 0.539164
vt 0.522772 0.522738
vt 0.511404 0.539939
vt 0.529510 0.530637
vt 0.520770 0.554390
vt 0.537568 0.545431
vt 0.521641 0.572261
vt 0.539530 0.546802
vt 0.547600 0.590473
vt 0.541267 0.586434
vt 0.535714 0.606896
vt 0.512664 0.582570
vt 0.519903 0.578534
vt 0.484622 0.580616
vt 0.499298 0.566355
vt 0.502171 0.568517
vt 0.505207 0.576921
vt 0.495445 0.591525
vt 0.496662 0.598793
vt 0.508906 0.627017
vt 0.487590 0.601153
vt 0.504126 0.629020
vt 0.499402 0.637135
vt 0.493994 0.632695
vt 0.496794 0.638196
vt 0.472314 0.597968
vt 0.491000 0.631980
vt 0.459144 0.673403
vt 0.476647 0.660367
vt 0.475434 0.679615
vt 0.481814 0.661067
vt 0.465109 0.651067
vt 0.472773 0.638971
vt 0.489745 0.641972
vt 0.491325 0.651390
vt 0.487707 0.636788
vt 0.460920 0.633551
vt 0.452473 0.626880
vt 0.451230 0.621193
vt 0.450558 0.634189
vt 0.449860 0.630944
vt 0.466136 0.597606
vt 0.458468 0.594407
vt 0.463759 0.595169
vt 0.444468 0.610373
vt 0.449082 0.584243
vt 0.439333 0.631346
vt 0.430593 0.648835
vt 0.424131 0.623860
vt 0.408062 0.646359
vt 0.406457 0.631386
vt 0.418583 0.655433
vt 0.424890 0.677507
vt 0.413030 0.672353
vt 0.430822 0.680022
vt 0.447751 0.662125
vt 0.450608 0.700228
vt 0.434835 0.687168
vt 0.480586 0.693857
vt 0.489144 0.702354
vt 0.458142 0.721585
vt 0.437814 0.753034
vt 0.432235 0.738986
vt 0.445283 0.743092
vt 0.424795 0.756114
vt 0.454713 0.784597
vt 0.414566 0.786332
vt 0.458301 0.741658
vt 0.446458 0.741851
vt 0.525136 0.633992
vt 0.518136 0.664916
vt 0.520152 0.673176
vt 0.498887 0.674458
vt 0.519466 0.686560
vt 0.524135 0.682045
vt 0.555881 0.630605
vt 0.590017 0.669404
vt 0.545480 0.649596
vt 0.543912 0.541482
vt 0.585876 0.589000
vt 0.582952 0.493933
vt 0.538715 0.465202
vt 0.544405 0.444303
vt 0.543894 0.432961
vt 0.005372 0.982664
vt 0.014576 0.974768
vt 0.018432 0.980382
vt 0.140929 0.930378
vt 0.129450 0.934184
vt 0.129307 0.930239
vt 0.007632 0.984496
vt 0.017941 0.983316
vt 0.141150 0.934320
vt 0.129167 0.938416
vt 0.975499 0.631133
vt 0.967552 0.612492
vt 0.977929 0.612578
vt 0.141319 0.944442
vt 0.129709 0.944023
vt 0.972284 0.655061
vt 0.965122 0.631048
vt 0.130149 0.951839
vt 0.971528 0.661204
vt 0.961908 0.654976
vt 0.138954 0.959268
vt 0.128588 0.958795
vt 0.962397 0.669233
vt 0.972774 0.669318
vt 0.329914 0.804214
vt 0.319619 0.820645
vt 0.319558 0.803553
vt 0.130393 0.792346
vt 0.140378 0.800225
vt 0.130001 0.800172
vt 0.971831 0.674910
vt 0.954877 0.577065
vt 0.964983 0.585341
vt 0.954628 0.586009
vt 0.139151 0.810216
vt 0.128774 0.810164
vt 0.970566 0.684499
vt 0.961455 0.674825
vt 0.129178 0.815407
vt 0.969753 0.693394
vt 0.960189 0.684414
vt 0.139555 0.815460
vt 0.129227 0.820054
vt 0.960386 0.702152
vt 0.970763 0.702238
vt 0.753339 0.728187
vt 0.762511 0.740079
vt 0.752139 0.739774
vt 0.969495 0.705821
vt 0.139604 0.820107
vt 0.130319 0.824941
vt 0.968288 0.714018
vt 0.959118 0.705736
vt 0.754230 0.668727
vt 0.763944 0.680276
vt 0.753572 0.679970
vt 0.967513 0.718086
vt 0.957912 0.713932
vt 0.763110 0.683116
vt 0.752738 0.682810
vt 0.957792 0.723245
vt 0.968168 0.723331
vt 0.762507 0.688925
vt 0.752135 0.688619
vt 0.958705 0.736385
vt 0.969082 0.736471
vt 0.752856 0.695752
vt 0.960021 0.751018
vt 0.970398 0.751103
vt 0.763229 0.696057
vt 0.752807 0.704275
vt 0.962118 0.764077
vt 0.972495 0.764162
vt 0.763180 0.704581
vt 0.753370 0.706586
vt 0.963504 0.771867
vt 0.972666 0.771974
vt 0.763742 0.706891
vt 0.754149 0.712406
vt 0.963337 0.780922
vt 0.973709 0.781240
vt 0.764521 0.712712
vt 0.754230 0.718524
vt 0.970922 0.788956
vt 0.764092 0.724247
vt 0.753720 0.723942
vt 0.968259 0.797578
vt 0.960549 0.788637
vt 0.073118 0.840484
vt 0.063405 0.845619
vt 0.062741 0.840400
vt 0.962572 0.808654
vt 0.972944 0.808972
vt 0.670703 0.753309
vt 0.681291 0.759969
vt 0.671329 0.762452
vt 0.763711 0.728492
vt 0.962758 0.814183
vt 0.973130 0.814502
vt 0.072234 0.851792
vt 0.061857 0.851708
vt 0.967557 0.830465
vt 0.977929 0.830783
vt 0.071973 0.853347
vt 0.061596 0.853263
vt 0.090649 0.819120
vt 0.083264 0.792346
vt 0.093632 0.792778
vt 0.071667 0.860760
vt 0.061291 0.860676
vt 0.089875 0.844453
vt 0.080281 0.818688
vt 0.070035 0.866406
vt 0.059658 0.866322
vt 0.078661 0.875219
vt 0.089026 0.875695
vt 0.068172 0.878343
vt 0.057795 0.878258
vt 0.083266 0.913043
vt 0.093632 0.913518
vt 0.057925 0.883527
vt 0.154965 0.825807
vt 0.145003 0.833425
vt 0.144588 0.825772
vt 0.068301 0.883611
vt 0.059642 0.899784
vt 0.934710 0.593889
vt 0.929888 0.657550
vt 0.920862 0.595307
vt 0.070018 0.899868
vt 0.061291 0.916171
vt 0.943417 0.609624
vt 0.952930 0.597950
vt 0.953789 0.609327
vt 0.071667 0.916255
vt 0.062933 0.921155
vt 0.942558 0.598246
vt 0.950987 0.591832
vt 0.073310 0.921239
vt 0.064230 0.929644
vt 0.943416 0.580493
vt 0.953789 0.580197
vt 0.074606 0.929727
vt 0.064834 0.933431
vt 0.952849 0.576397
vt 0.074852 0.936870
vt 0.064475 0.936786
vt 0.155143 0.837757
vt 0.144767 0.837746
vt 0.065773 0.941045
vt 0.155045 0.844312
vt 0.144668 0.844302
vt 0.076150 0.941129
vt 0.067792 0.945994
vt 0.145325 0.850922
vt 0.075603 0.945817
vt 0.066438 0.951621
vt 0.155702 0.850931
vt 0.145863 0.855128
vt 0.074562 0.957577
vt 0.064195 0.957135
vt 0.155775 0.863008
vt 0.145398 0.862998
vt 0.076294 0.792430
vt 0.066429 0.797064
vt 0.065917 0.792346
vt 0.146087 0.873646
vt 0.076178 0.807093
vt 0.065802 0.807009
vt 0.156464 0.873656
vt 0.147110 0.882044
vt 0.074920 0.817680
vt 0.064544 0.817595
vt 0.157487 0.882054
vt 0.148116 0.890360
vt 0.074267 0.826630
vt 0.063891 0.826546
vt 0.158493 0.890370
vt 0.148834 0.899123
vt 0.073364 0.835856
vt 0.062987 0.835772
vt 0.159211 0.899133
vt 0.149268 0.910902
vt 0.073170 0.838131
vt 0.062794 0.838047
vt 0.159424 0.921170
vt 0.149047 0.921160
vt 0.197177 0.906949
vt 0.207589 0.919410
vt 0.197218 0.919766
vt 0.149268 0.792346
vt 0.157922 0.796503
vt 0.147546 0.796468
vt 0.156340 0.801108
vt 0.145964 0.801074
vt 0.205461 0.892170
vt 0.195090 0.892526
vt 0.154620 0.804739
vt 0.144243 0.804705
vt 0.202662 0.876225
vt 0.193597 0.876329
vt 0.153739 0.809061
vt 0.143362 0.809027
vt 0.193764 0.872231
vt 0.153678 0.815432
vt 0.143301 0.815397
vt 0.194495 0.867481
vt 0.204141 0.872170
vt 0.731119 0.744716
vt 0.736492 0.734568
vt 0.736492 0.744945
vt 0.196820 0.859825
vt 0.206728 0.867701
vt 0.197213 0.849769
vt 0.207196 0.859679
vt 0.720117 0.734568
vt 0.724890 0.744546
vt 0.720117 0.744945
vt 0.207164 0.836673
vt 0.196788 0.836819
vt 0.731119 0.734339
vt 0.206250 0.833376
vt 0.195874 0.833522
vt 0.693908 0.723638
vt 0.687039 0.733812
vt 0.683647 0.725187
vt 0.206105 0.829091
vt 0.195729 0.829236
vt 0.697300 0.732263
vt 0.689368 0.741070
vt 0.195658 0.823944
vt 0.664568 0.730684
vt 0.675067 0.731753
vt 0.664806 0.733294
vt 0.205913 0.817425
vt 0.195537 0.817571
vt 0.666999 0.739446
vt 0.197012 0.814052
vt 0.677261 0.737906
vt 0.206334 0.810041
vt 0.195958 0.810187
vt 0.664850 0.724351
vt 0.674829 0.729143
vt 0.196273 0.808116
vt 0.665302 0.715596
vt 0.675112 0.722811
vt 0.206339 0.803940
vt 0.195963 0.804085
vt 0.223684 0.896374
vt 0.233063 0.888258
vt 0.234060 0.896311
vt 0.205830 0.802178
vt 0.195455 0.802323
vt 0.222687 0.888321
vt 0.232862 0.878338
vt 0.205334 0.795737
vt 0.194958 0.795882
vt 0.223127 0.868686
vt 0.233503 0.868622
vt 0.204655 0.792346
vt 0.194279 0.792492
vt 0.224018 0.859099
vt 0.234395 0.859036
vt 0.699172 0.776374
vt 0.688778 0.766386
vt 0.699172 0.765997
vt 0.224279 0.851923
vt 0.234655 0.851860
vt 0.207414 0.924288
vt 0.197043 0.924644
vt 0.224418 0.845754
vt 0.234795 0.845690
vt 0.713074 0.775412
vt 0.713074 0.765035
vt 0.234312 0.841143
vt 0.725658 0.775087
vt 0.725658 0.764711
vt 0.223936 0.841207
vt 0.234274 0.837021
vt 0.739469 0.773665
vt 0.739469 0.763288
vt 0.224196 0.834256
vt 0.234573 0.834193
vt 0.747421 0.765398
vt 0.224554 0.829710
vt 0.234930 0.829647
vt 0.751026 0.766567
vt 0.747421 0.775775
vt 0.224949 0.825104
vt 0.235326 0.825041
vt 0.754301 0.766735
vt 0.751026 0.776944
vt 0.225035 0.821987
vt 0.235411 0.821924
vt 0.756346 0.776339
vt 0.756346 0.765962
vt 0.225194 0.819398
vt 0.235571 0.819334
vt 0.763018 0.766613
vt 0.225332 0.816038
vt 0.235708 0.815975
vt 0.771405 0.767237
vt 0.763018 0.776989
vt 0.235020 0.811438
vt 0.673849 0.776803
vt 0.664526 0.767237
vt 0.673849 0.766426
vt 0.224643 0.811501
vt 0.234306 0.801065
vt 0.702767 0.780288
vt 0.689796 0.790032
vt 0.689796 0.779655
vt 0.224553 0.792409
vt 0.234929 0.792346
vt 0.688778 0.776762
vt 0.225332 0.920587
vt 0.235368 0.911898
vt 0.235708 0.920523
vt 0.677505 0.788827
vt 0.677505 0.778450
vt 0.224991 0.911960
vt 0.234442 0.904627
vt 0.667408 0.780096
vt 0.793475 0.737363
vt 0.800898 0.728592
vt 0.803850 0.737593
vt 0.667408 0.790473
vt 0.664526 0.780288
vt 0.224066 0.904690
vt 0.790524 0.728363
vt 0.800217 0.725482
vt 0.791026 0.718507
vt 0.801400 0.718737
vt 0.964981 0.595982
vt 0.954625 0.596650
vt 0.792167 0.707546
vt 0.802541 0.707776
vt 0.965233 0.604392
vt 0.954877 0.605060
vt 0.792715 0.706078
vt 0.803090 0.706308
vt 0.003755 0.814644
vt 0.010833 0.792346
vt 0.014126 0.814314
vt 0.938841 0.719676
vt 0.956300 0.780253
vt 0.947836 0.797300
vt 0.319619 0.792346
vt 0.329243 0.798713
vt 0.318887 0.798052
vt 0.793682 0.701651
vt 0.804056 0.701880
vt 0.949102 0.718132
vt 0.792342 0.762222
vt 0.802146 0.754329
vt 0.802716 0.762452
vt 0.682456 0.704660
vt 0.692445 0.718320
vt 0.682184 0.719869
vt 0.089889 0.960298
vt 0.792151 0.746027
vt 0.802525 0.746256
vt 0.793682 0.739869
vt 0.804056 0.740099
vt 0.140696 0.824993
vt 0.130558 0.839072
vt 0.005028 0.831428
vt 0.015399 0.831098
vt 0.006278 0.848532
vt 0.016650 0.848202
vt 0.140935 0.839124
vt 0.132088 0.858428
vt 0.006714 0.858700
vt 0.017086 0.858370
vt 0.142304 0.873179
vt 0.131928 0.873127
vt 0.007798 0.879952
vt 0.018170 0.879622
vt 0.141818 0.879604
vt 0.131441 0.879552
vt 0.018432 0.891463
vt 0.131464 0.885231
vt 0.018110 0.899989
vt 0.008060 0.891794
vt 0.140375 0.891622
vt 0.129998 0.891569
vt 0.018188 0.908921
vt 0.007738 0.900320
vt 0.140201 0.895877
vt 0.129824 0.895825
vt 0.017963 0.924319
vt 0.007817 0.909251
vt 0.138690 0.900045
vt 0.128313 0.899993
vt 0.015155 0.941507
vt 0.007591 0.924649
vt 0.137718 0.905699
vt 0.127454 0.904151
vt 0.014555 0.947720
vt 0.004783 0.941837
vt 0.127298 0.908308
vt 0.012939 0.954748
vt 0.004184 0.948050
vt 0.140641 0.913368
vt 0.127585 0.914231
vt 0.012360 0.959608
vt 0.002568 0.955078
vt 0.127948 0.921498
vt 0.011218 0.963750
vt 0.001989 0.959937
vt 0.141144 0.921404
vt 0.128618 0.925496
vt 0.000418 0.974899
vt 0.141642 0.925430
vt 0.492703 0.778882
vt 0.522275 0.692298
vt 0.501566 0.699130
vt 0.527208 0.697444
vt 0.539564 0.781161
vt 0.596479 0.776791
vt 0.533185 0.695528
vt 0.537514 0.666338
vt 0.545858 0.658007
vt 0.539294 0.673350
vt 0.542672 0.678399
vt 0.402600 0.370332
vt 0.339188 0.396677
vt 0.350139 0.364175
vt 0.407760 0.352692
vt 0.388013 0.330864
vt 0.350134 0.337960
vt 0.373353 0.325115
vt 0.453996 0.373898
vt 0.423892 0.329764
vt 0.425221 0.353390
vt 0.427378 0.359661
vt 0.413399 0.354907
vt 0.437699 0.365368
vt 0.412140 0.372547
vt 0.401579 0.300952
vt 0.423731 0.317616
vt 0.419809 0.230075
vt 0.404237 0.219335
vt 0.414751 0.213445
vt 0.421342 0.242053
vt 0.405984 0.230255
vt 0.424858 0.245374
vt 0.402368 0.239115
vt 0.408968 0.263968
vt 0.380640 0.254638
vt 0.399459 0.275760
vt 0.371416 0.276375
vt 0.383587 0.298484
vt 0.373741 0.289871
vt 0.431619 0.303067
vt 0.410912 0.269822
vt 0.419142 0.255797
vt 0.431684 0.271295
vt 0.442876 0.296278
vt 0.455876 0.296514
vt 0.450147 0.271098
vt 0.459137 0.272112
vt 0.465527 0.306149
vt 0.462171 0.261010
vt 0.431818 0.263247
vt 0.424369 0.245081
vt 0.439927 0.239416
vt 0.431392 0.214523
vt 0.454295 0.338629
vt 0.442421 0.341204
vt 0.448174 0.337937
vt 0.459777 0.343784
vt 0.438101 0.349534
vt 0.462278 0.371700
vt 0.463791 0.386021
vt 0.467858 0.397180
vt 0.475062 0.375283
vt 0.475637 0.360325
vt 0.477868 0.372304
vt 0.483065 0.359700
vt 0.487743 0.374829
vt 0.512057 0.376104
vt 0.505397 0.388775
vt 0.527192 0.379610
vt 0.538206 0.373441
vt 0.503781 0.363289
vt 0.502583 0.348343
vt 0.505067 0.329158
vt 0.507658 0.338409
vt 0.468668 0.324152
vt 0.480187 0.351799
vt 0.465166 0.339556
vt 0.501276 0.317714
vt 0.479126 0.288786
vt 0.486123 0.306569
vt 0.507694 0.308989
vt 0.502211 0.313416
vt 0.473786 0.262673
vt 0.480138 0.257298
vt 0.494624 0.285581
vt 0.483654 0.257038
vt 0.524497 0.276858
vt 0.523955 0.272035
vt 0.519132 0.311871
vt 0.514774 0.309854
vt 0.536737 0.284586
vt 0.522443 0.309569
vt 0.540551 0.284855
vt 0.532089 0.315588
vt 0.496849 0.240517
vt 0.480715 0.228981
vt 0.500832 0.228056
vt 0.505751 0.246858
vt 0.508249 0.255409
vt 0.530787 0.264186
vt 0.512726 0.254675
vt 0.522263 0.240283
vt 0.539016 0.249443
vt 0.523322 0.222380
vt 0.540997 0.248089
vt 0.549559 0.204388
vt 0.545333 0.253468
vt 0.543161 0.208375
vt 0.521646 0.216073
vt 0.514429 0.211951
vt 0.537778 0.187789
vt 0.486301 0.213498
vt 0.503751 0.225916
vt 0.506900 0.217521
vt 0.497298 0.202835
vt 0.498588 0.195599
vt 0.489603 0.193240
vt 0.506215 0.165449
vt 0.501450 0.157247
vt 0.495977 0.161703
vt 0.498824 0.156168
vt 0.473850 0.196164
vt 0.492945 0.162410
vt 0.478650 0.133799
vt 0.461236 0.120758
vt 0.477513 0.114600
vt 0.467072 0.143079
vt 0.483812 0.133113
vt 0.474672 0.155246
vt 0.493374 0.142857
vt 0.489654 0.157542
vt 0.491738 0.152331
vt 0.462749 0.160591
vt 0.467667 0.196490
vt 0.446118 0.183631
vt 0.452965 0.172864
vt 0.454253 0.167190
vt 0.452396 0.159870
vt 0.460013 0.199665
vt 0.465289 0.198929
vt 0.450580 0.209806
vt 0.425901 0.169968
vt 0.432589 0.145083
vt 0.441160 0.162618
vt 0.410088 0.147346
vt 0.420678 0.138395
vt 0.427162 0.116483
vt 0.449812 0.131945
vt 0.433089 0.114029
vt 0.452842 0.094128
vt 0.460340 0.073036
vt 0.491048 0.092146
vt 0.482478 0.100440
vt 0.440266 0.042188
vt 0.434875 0.056038
vt 0.427444 0.039248
vt 0.456667 0.011040
vt 0.460486 0.053234
vt 0.448704 0.052723
vt 0.527319 0.160532
vt 0.509891 0.160231
vt 0.521186 0.139136
vt 0.522422 0.121190
vt 0.520355 0.129449
vt 0.500941 0.119483
vt 0.522504 0.107157
vt 0.503630 0.095413
vt 0.494058 0.016401
vt 0.498395 0.091857
vt 0.593072 0.124881
vt 0.588044 0.206261
vt 0.558239 0.164118
vt 0.552195 0.197904
vt 0.583932 0.301529
vt 0.544864 0.276182
vt 0.544230 0.362123
vt 0.544850 0.350780
vt 0.023413 0.974733
vt 0.032038 0.982695
vt 0.021144 0.982275
vt 0.113447 0.817430
vt 0.124926 0.821235
vt 0.113304 0.821375
vt 0.030072 0.984840
vt 0.020641 0.985389
vt 0.113163 0.813198
vt 0.125146 0.817293
vt 0.904590 0.942764
vt 0.896845 0.961490
vt 0.894215 0.942962
vt 0.125316 0.807172
vt 0.126462 0.812946
vt 0.901117 0.918872
vt 0.890742 0.919070
vt 0.114145 0.799775
vt 0.113705 0.807591
vt 0.900294 0.912737
vt 0.889919 0.912935
vt 0.122951 0.792346
vt 0.124511 0.799301
vt 0.891077 0.904808
vt 0.901452 0.904610
vt 0.308791 0.794215
vt 0.317964 0.809438
vt 0.307609 0.810124
vt 0.114389 0.959268
vt 0.124374 0.951390
vt 0.124766 0.959216
vt 0.900449 0.899029
vt 0.890074 0.899227
vt 0.821357 0.782083
vt 0.830297 0.775225
vt 0.830570 0.784169
vt 0.113997 0.951442
vt 0.123148 0.941397
vt 0.899080 0.889454
vt 0.888705 0.889652
vt 0.113174 0.936207
vt 0.112771 0.941450
vt 0.898171 0.880569
vt 0.887796 0.880767
vt 0.113224 0.931560
vt 0.123551 0.936154
vt 0.888710 0.871912
vt 0.899085 0.871715
vt 0.740643 0.735606
vt 0.750099 0.723938
vt 0.751020 0.735550
vt 0.897779 0.868145
vt 0.887404 0.868343
vt 0.114315 0.926673
vt 0.123601 0.931508
vt 0.896483 0.859962
vt 0.886108 0.860160
vt 0.739723 0.723993
vt 0.749712 0.712682
vt 0.895664 0.855902
vt 0.885290 0.856100
vt 0.739335 0.712737
vt 0.748946 0.709823
vt 0.885888 0.850848
vt 0.896263 0.850651
vt 0.738570 0.709878
vt 0.748484 0.704001
vt 0.886659 0.837700
vt 0.897034 0.837502
vt 0.739000 0.696943
vt 0.738107 0.704056
vt 0.887817 0.823054
vt 0.898192 0.822856
vt 0.739157 0.688421
vt 0.749376 0.696888
vt 0.889773 0.809972
vt 0.900148 0.809775
vt 0.739774 0.686125
vt 0.749533 0.688366
vt 0.891074 0.802168
vt 0.901449 0.801970
vt 0.740693 0.680325
vt 0.750151 0.686069
vt 0.891011 0.793112
vt 0.901386 0.792914
vt 0.740922 0.674212
vt 0.751070 0.680269
vt 0.898688 0.785166
vt 0.888313 0.785364
vt 0.750918 0.668727
vt 0.751298 0.674156
vt 0.896126 0.776513
vt 0.885751 0.776711
vt 0.043496 0.904347
vt 0.053215 0.909469
vt 0.042839 0.909567
vt 0.890568 0.765373
vt 0.900943 0.765175
vt 0.670598 0.677867
vt 0.681291 0.670915
vt 0.680864 0.679379
vt 0.740922 0.739859
vt 0.751298 0.739803
vt 0.890819 0.759846
vt 0.901194 0.759648
vt 0.052317 0.898162
vt 0.053872 0.904249
vt 0.895806 0.743621
vt 0.906181 0.743423
vt 0.041940 0.898260
vt 0.052054 0.896607
vt 0.107476 0.948606
vt 0.100090 0.975380
vt 0.097108 0.949038
vt 0.041677 0.896705
vt 0.051739 0.889195
vt 0.106701 0.923274
vt 0.094468 0.923533
vt 0.041362 0.889292
vt 0.050099 0.883551
vt 0.095487 0.892507
vt 0.105853 0.892032
vt 0.039722 0.883648
vt 0.048220 0.871617
vt 0.100092 0.854683
vt 0.110458 0.854208
vt 0.037967 0.866446
vt 0.037844 0.871714
vt 0.162410 0.880102
vt 0.172180 0.887747
vt 0.161804 0.887744
vt 0.039663 0.850186
vt 0.048343 0.866348
vt 0.929818 0.533064
vt 0.041291 0.833797
vt 0.050039 0.850089
vt 0.777755 0.718526
vt 0.768241 0.706852
vt 0.778614 0.707149
vt 0.042927 0.828811
vt 0.051667 0.833699
vt 0.775811 0.724644
vt 0.767382 0.718229
vt 0.044212 0.820321
vt 0.053303 0.828713
vt 0.768241 0.735983
vt 0.765439 0.724348
vt 0.044812 0.816532
vt 0.054589 0.820223
vt 0.777673 0.740079
vt 0.778614 0.736279
vt 0.054825 0.813080
vt 0.055188 0.816435
vt 0.172379 0.875768
vt 0.172579 0.880093
vt 0.045741 0.808917
vt 0.044449 0.813178
vt 0.162002 0.875797
vt 0.172268 0.869213
vt 0.055549 0.804135
vt 0.056117 0.808820
vt 0.162536 0.862621
vt 0.161891 0.869242
vt 0.046583 0.798029
vt 0.045172 0.804232
vt 0.163066 0.858413
vt 0.172912 0.862592
vt 0.054900 0.792346
vt 0.056959 0.797931
vt 0.172963 0.850515
vt 0.173443 0.858384
vt 0.046583 0.952898
vt 0.056453 0.957518
vt 0.046077 0.957616
vt 0.163255 0.839895
vt 0.162586 0.850545
vt 0.056319 0.942856
vt 0.056959 0.952800
vt 0.164262 0.831495
vt 0.173631 0.839865
vt 0.045943 0.942953
vt 0.055047 0.932271
vt 0.165253 0.823178
vt 0.174638 0.831465
vt 0.044671 0.932368
vt 0.054383 0.923321
vt 0.165954 0.814413
vt 0.175629 0.823148
vt 0.044007 0.923419
vt 0.053467 0.914096
vt 0.166365 0.802633
vt 0.176331 0.814384
vt 0.043090 0.914194
vt 0.053271 0.911822
vt 0.176502 0.792346
vt 0.176742 0.802604
vt 0.190874 0.807009
vt 0.180636 0.819613
vt 0.180499 0.806797
vt 0.166365 0.921187
vt 0.175034 0.917061
vt 0.176742 0.921189
vt 0.042894 0.911919
vt 0.164658 0.917058
vt 0.173469 0.912450
vt 0.182386 0.792346
vt 0.192760 0.792558
vt 0.163092 0.912447
vt 0.171761 0.908812
vt 0.190510 0.924436
vt 0.182383 0.908404
vt 0.192760 0.908405
vt 0.161384 0.908810
vt 0.170896 0.904488
vt 0.192005 0.904332
vt 0.180484 0.904370
vt 0.160519 0.904485
vt 0.170858 0.898117
vt 0.190557 0.899687
vt 0.178322 0.899827
vt 0.708279 0.744602
vt 0.702905 0.734454
vt 0.708279 0.734225
vt 0.188281 0.892015
vt 0.177906 0.891803
vt 0.160481 0.898115
vt 0.187953 0.881958
vt 0.177578 0.881746
vt 0.714507 0.744432
vt 0.719281 0.734454
vt 0.719281 0.744831
vt 0.178086 0.868798
vt 0.188460 0.869010
vt 0.714507 0.734055
vt 0.179021 0.865507
vt 0.189396 0.865719
vt 0.686929 0.675994
vt 0.693836 0.686141
vt 0.683570 0.684632
vt 0.179194 0.861222
vt 0.189568 0.861435
vt 0.689229 0.668727
vt 0.697195 0.677504
vt 0.189673 0.856143
vt 0.179299 0.855930
vt 0.664526 0.700510
vt 0.675022 0.699411
vt 0.674792 0.702022
vt 0.179461 0.849559
vt 0.189835 0.849771
vt 0.666932 0.691740
vt 0.664757 0.697899
vt 0.188383 0.846243
vt 0.178008 0.846031
vt 0.677198 0.693252
vt 0.179087 0.842172
vt 0.189461 0.842384
vt 0.664826 0.706841
vt 0.675092 0.708353
vt 0.189160 0.840311
vt 0.178785 0.840099
vt 0.675920 0.714433
vt 0.179121 0.836071
vt 0.189496 0.836283
vt 0.219004 0.824675
vt 0.209624 0.816559
vt 0.220000 0.816622
vt 0.179641 0.834312
vt 0.190015 0.834524
vt 0.218802 0.834595
vt 0.208627 0.824612
vt 0.180178 0.827874
vt 0.190553 0.828086
vt 0.209067 0.844247
vt 0.208425 0.834532
vt 0.180879 0.824488
vt 0.191254 0.824700
vt 0.219443 0.844310
vt 0.209958 0.853834
vt 0.764754 0.751223
vt 0.754360 0.761212
vt 0.754360 0.750835
vt 0.220335 0.853897
vt 0.210219 0.861010
vt 0.191011 0.819825
vt 0.220595 0.861073
vt 0.210358 0.867179
vt 0.740459 0.760250
vt 0.740459 0.749873
vt 0.220253 0.871789
vt 0.220735 0.867242
vt 0.727874 0.759925
vt 0.727874 0.749549
vt 0.220214 0.875912
vt 0.209876 0.871726
vt 0.714063 0.758503
vt 0.714063 0.748126
vt 0.210136 0.878676
vt 0.209837 0.875848
vt 0.706112 0.750236
vt 0.706112 0.760613
vt 0.220513 0.878739
vt 0.210494 0.883223
vt 0.702507 0.751405
vt 0.702507 0.761782
vt 0.220870 0.883286
vt 0.210889 0.887828
vt 0.699231 0.751573
vt 0.699231 0.761950
vt 0.221266 0.887891
vt 0.210974 0.890945
vt 0.697186 0.761177
vt 0.697186 0.750800
vt 0.221351 0.891008
vt 0.211134 0.893535
vt 0.690514 0.751450
vt 0.690514 0.761827
vt 0.221511 0.893598
vt 0.211272 0.896895
vt 0.682127 0.752075
vt 0.682127 0.762452
vt 0.220960 0.901495
vt 0.221649 0.896958
vt 0.789006 0.752075
vt 0.779683 0.761641
vt 0.779683 0.751264
vt 0.220246 0.911867
vt 0.210583 0.901432
vt 0.703603 0.780288
vt 0.716574 0.790032
vt 0.703603 0.790665
vt 0.210493 0.920523
vt 0.209869 0.911805
vt 0.764754 0.761600
vt 0.221308 0.801035
vt 0.211272 0.792346
vt 0.221649 0.792409
vt 0.716574 0.779655
vt 0.728865 0.788827
vt 0.220382 0.808305
vt 0.210931 0.800972
vt 0.738962 0.780096
vt 0.728865 0.778450
vt 0.815948 0.719315
vt 0.808525 0.710544
vt 0.818899 0.710315
vt 0.741844 0.780288
vt 0.738962 0.790472
vt 0.210006 0.808242
vt 0.815267 0.722425
vt 0.805574 0.719545
vt 0.806076 0.729400
vt 0.804893 0.722655
vt 0.819943 0.774544
vt 0.830308 0.764584
vt 0.816450 0.729170
vt 0.807217 0.740361
vt 0.819954 0.763903
vt 0.830570 0.756175
vt 0.817591 0.740131
vt 0.807766 0.741829
vt 0.023826 0.814311
vt 0.037008 0.795551
vt 0.034197 0.814675
vt 0.938840 0.470938
vt 0.956300 0.410361
vt 0.949101 0.472482
vt 0.307697 0.821330
vt 0.317306 0.814940
vt 0.318051 0.820644
vt 0.818140 0.741600
vt 0.808732 0.746256
vt 0.941905 0.534603
vt 0.306951 0.815626
vt 0.818536 0.754150
vt 0.819107 0.746027
vt 0.692394 0.691465
vt 0.692786 0.704095
vt 0.106715 0.807428
vt 0.095105 0.792346
vt 0.808541 0.762452
vt 0.808162 0.754380
vt 0.817575 0.701651
vt 0.808732 0.708038
vt 0.807201 0.701880
vt 0.682127 0.689956
vt 0.114555 0.912543
vt 0.124692 0.926621
vt 0.032868 0.831455
vt 0.022498 0.831091
vt 0.819107 0.707809
vt 0.031562 0.848555
vt 0.021191 0.848191
vt 0.116085 0.893186
vt 0.124931 0.912490
vt 0.031093 0.858721
vt 0.020722 0.858357
vt 0.126301 0.878434
vt 0.126462 0.893134
vt 0.029939 0.879970
vt 0.019568 0.879606
vt 0.115924 0.878487
vt 0.125814 0.872010
vt 0.019268 0.891446
vt 0.029638 0.891810
vt 0.115460 0.866383
vt 0.115438 0.872062
vt 0.019561 0.899973
vt 0.029932 0.900337
vt 0.124371 0.859993
vt 0.125837 0.866331
vt 0.019454 0.908904
vt 0.029824 0.909268
vt 0.113994 0.860045
vt 0.124198 0.855737
vt 0.019629 0.924303
vt 0.029999 0.924667
vt 0.113821 0.855789
vt 0.122686 0.851569
vt 0.022380 0.941500
vt 0.032751 0.941864
vt 0.112310 0.851621
vt 0.121714 0.845915
vt 0.022959 0.947715
vt 0.033330 0.948079
vt 0.111294 0.843306
vt 0.111450 0.847463
vt 0.024553 0.954749
vt 0.034923 0.955113
vt 0.124637 0.838246
vt 0.124666 0.843559
vt 0.025116 0.959609
vt 0.035486 0.959974
vt 0.111945 0.830115
vt 0.111582 0.837383
vt 0.026244 0.963756
vt 0.036615 0.964120
vt 0.112615 0.826118
vt 0.125140 0.830210
vt 0.037008 0.974940
vt 0.125639 0.826184
vt 0.529036 0.097445
vt 0.527015 0.103253
vt 0.596481 0.014801
vt 0.535367 0.098430
vt 0.538032 0.012539
vt 0.548260 0.136472
vt 0.539875 0.128061
vt 0.541677 0.121012
vt 0.547867 0.144952
vt 0.545112 0.115855
vt 0.538175 0.107451
vt 0.496423 0.702664
vt 0.372806 0.468491
vt 0.405027 0.581262
vt 0.447690 0.456257
vt 0.464683 0.454783
vt 0.505316 0.405954
vt 0.501454 0.481226
vt 0.463302 0.534124
vt 0.521619 0.485256
vt 0.524404 0.480902
vt 0.504373 0.547664
vt 0.480036 0.596677
vt 0.487922 0.658622
vt 0.429121 0.615772
vt 0.411351 0.624038
vt 0.410719 0.666888
vt 0.417848 0.760813
vt 0.518985 0.655262
vt 0.507778 0.634213
vt 0.501853 0.652606
vt 0.548791 0.638508
vt 0.551355 0.619851
vt 0.550210 0.604835
vt 0.550163 0.596953
vt 0.538858 0.530140
vt 0.543682 0.518809
vt 0.549084 0.456747
vt 0.142465 0.938668
vt 0.140515 0.952313
vt 0.961152 0.661119
vt 0.329975 0.821306
vt 0.140769 0.792398
vt 0.965233 0.576397
vt 0.959377 0.693308
vt 0.764602 0.669032
vt 0.957137 0.718001
vt 0.764602 0.718829
vt 0.957887 0.797260
vt 0.073782 0.845703
vt 0.680965 0.751768
vt 0.077642 0.844194
vt 0.155546 0.833450
vt 0.941906 0.656011
vt 0.940614 0.592128
vt 0.075211 0.933516
vt 0.942476 0.576693
vt 0.076806 0.952064
vt 0.156240 0.855138
vt 0.076806 0.797148
vt 0.159644 0.910912
vt 0.207547 0.906593
vt 0.159644 0.792381
vt 0.207589 0.849624
vt 0.724890 0.734169
vt 0.699272 0.738014
vt 0.206034 0.823798
vt 0.207388 0.813907
vt 0.206649 0.807970
vt 0.222485 0.878401
vt 0.223897 0.837084
vt 0.754301 0.777112
vt 0.771405 0.777614
vt 0.664526 0.777614
vt 0.223929 0.801128
vt 0.702767 0.790665
vt 0.664526 0.790665
vt 0.789843 0.725253
vt 0.000462 0.792676
vt 0.329975 0.793007
vt 0.791772 0.754099
vt 0.078279 0.975380
vt 0.142465 0.858481
vt 0.141841 0.885283
vt 0.140669 0.908055
vt 0.000847 0.964080
vt 0.540313 0.661105
vt 0.535862 0.686739
vt 0.428445 0.334305
vt 0.429831 0.344427
vt 0.408180 0.212953
vt 0.401064 0.267086
vt 0.444368 0.214759
vt 0.480292 0.383703
vt 0.505864 0.322109
vt 0.496754 0.289477
vt 0.464444 0.260067
vt 0.477093 0.255271
vt 0.525190 0.313955
vt 0.481602 0.242814
vt 0.510998 0.167466
vt 0.481001 0.198033
vt 0.489937 0.135560
vt 0.451674 0.163106
vt 0.430814 0.178109
vt 0.413146 0.169661
vt 0.408335 0.162277
vt 0.412957 0.126920
vt 0.415309 0.121502
vt 0.437129 0.106957
vt 0.447677 0.051913
vt 0.420582 0.034676
vt 0.417181 0.009607
vt 0.503965 0.141675
vt 0.526383 0.112455
vt 0.551142 0.156124
vt 0.553598 0.174904
vt 0.552315 0.189986
vt 0.540150 0.264779
vt 0.549654 0.338376
vt 0.539361 0.329813
vt 0.906181 0.962929
vt 0.112585 0.792819
vt 0.318051 0.792346
vt 0.740542 0.668782
vt 0.671260 0.668727
vt 0.110458 0.974948
vt 0.767301 0.739783
vt 0.044524 0.792444
vt 0.166125 0.792375
vt 0.180133 0.924435
vt 0.702905 0.744831
vt 0.699272 0.671291
vt 0.789006 0.762452
vt 0.220869 0.920587
vt 0.741844 0.790665
vt 0.820216 0.755494
vt 0.027138 0.792346
vt 0.947836 0.393313
vt 0.818915 0.762222
vt 0.542679 0.133333
vt 0.618817 0.655631
vt 0.678370 0.655631
vt 0.342359 0.647169
vt 0.328672 0.527009
vt 0.333789 0.526823
vt 0.301380 0.767290
vt 0.312700 0.772284
vt 0.301148 0.773379
vt 0.043507 0.731205
vt 0.059763 0.748154
vt 0.038778 0.737832
vt 0.033458 0.584237
vt 0.033756 0.612079
vt 0.027464 0.610475
vt 0.323253 0.760655
vt 0.337295 0.756075
vt 0.326699 0.765837
vt 0.083781 0.749348
vt 0.099100 0.737385
vt 0.101329 0.744703
vt 0.347412 0.730174
vt 0.336887 0.647529
vt 0.035123 0.416744
vt 0.030820 0.442626
vt 0.029999 0.416711
vt 0.016616 0.711389
vt 0.032632 0.720599
vt 0.025977 0.726143
vt 0.018675 0.639647
vt 0.018512 0.670931
vt 0.010593 0.670190
vt 0.332442 0.752423
vt 0.061923 0.740392
vt 0.324473 0.285389
vt 0.320411 0.527247
vt 0.320625 0.285299
vt 0.185947 0.722062
vt 0.204454 0.732486
vt 0.185090 0.728290
vt 0.018930 0.689348
vt 0.010596 0.690679
vt 0.040064 0.485301
vt 0.034681 0.485652
vt 0.272584 0.756857
vt 0.289410 0.771359
vt 0.269903 0.762259
vt 0.036268 0.527861
vt 0.039413 0.585068
vt 0.239412 0.739762
vt 0.250941 0.752321
vt 0.236810 0.745334
vt 0.150158 0.721799
vt 0.165710 0.727107
vt 0.151119 0.728305
vt 0.328849 0.749781
vt 0.038985 0.613276
vt 0.063488 0.734691
vt 0.310081 0.762077
vt 0.311223 0.766348
vt 0.165625 0.715341
vt 0.165642 0.720765
vt 0.256002 0.742395
vt 0.253715 0.746874
vt 0.046530 0.527856
vt 0.044375 0.585729
vt 0.337071 0.728282
vt 0.332322 0.647844
vt 0.292268 0.761245
vt 0.291106 0.765667
vt 0.040322 0.442070
vt 0.044530 0.485071
vt 0.025197 0.688206
vt 0.186708 0.716797
vt 0.206183 0.726475
vt 0.082959 0.741268
vt 0.341608 0.729103
vt 0.025676 0.641524
vt 0.024645 0.671302
vt 0.030285 0.704994
vt 0.037760 0.716496
vt 0.039328 0.416807
vt 0.036048 0.442297
vt 0.082449 0.735290
vt 0.097661 0.731450
vt 0.149393 0.716259
vt 0.165651 0.710874
vt 0.241559 0.735139
vt 0.257844 0.738756
vt 0.050329 0.527792
vt 0.048465 0.586274
vt 0.333476 0.727678
vt 0.328643 0.648118
vt 0.274575 0.752333
vt 0.293140 0.757726
vt 0.043799 0.441933
vt 0.048172 0.484970
vt 0.030065 0.687241
vt 0.187386 0.712478
vt 0.207646 0.721419
vt 0.324321 0.527144
vt 0.064817 0.730109
vt 0.315045 0.527414
vt 0.312863 0.285120
vt 0.315335 0.285169
vt 0.325965 0.747561
vt 0.031408 0.642909
vt 0.029515 0.671460
vt 0.034972 0.702879
vt 0.041697 0.713436
vt 0.042848 0.416898
vt 0.082034 0.730579
vt 0.096827 0.726659
vt 0.320613 0.756737
vt 0.043270 0.614156
vt 0.047276 0.726128
vt 0.301392 0.762757
vt 0.309150 0.758576
vt 0.037477 0.685704
vt 0.188522 0.705686
vt 0.208867 0.717208
vt 0.323124 0.648556
vt 0.067015 0.722898
vt 0.328069 0.726846
vt 0.321445 0.743931
vt 0.036016 0.643919
vt 0.036946 0.671565
vt 0.042122 0.699618
vt 0.047681 0.708859
vt 0.048441 0.417037
vt 0.321452 0.648665
vt 0.081280 0.723429
vt 0.095796 0.719375
vt 0.318643 0.753777
vt 0.050033 0.615424
vt 0.050361 0.722273
vt 0.301337 0.759233
vt 0.307673 0.752900
vt 0.148740 0.711716
vt 0.165733 0.703852
vt 0.243287 0.731362
vt 0.260729 0.733123
vt 0.056316 0.527649
vt 0.054972 0.587100
vt 0.275903 0.748600
vt 0.294539 0.752239
vt 0.049206 0.441726
vt 0.053816 0.484859
vt 0.320734 0.743440
vt 0.042999 0.645318
vt 0.038134 0.671667
vt 0.048629 0.708120
vt 0.049262 0.417048
vt 0.312494 0.527480
vt 0.304840 0.284825
vt 0.095464 0.718333
vt 0.315278 0.748631
vt 0.315739 0.749346
vt 0.051071 0.615635
vt 0.055939 0.715706
vt 0.055264 0.716590
vt 0.301336 0.752888
vt 0.301288 0.753749
vt 0.326979 0.726729
vt 0.147608 0.703504
vt 0.147712 0.704581
vt 0.246415 0.724583
vt 0.245979 0.725474
vt 0.056004 0.587200
vt 0.278218 0.742153
vt 0.277779 0.742925
vt 0.054683 0.484787
vt 0.038638 0.685481
vt 0.188681 0.704633
vt 0.210823 0.710553
vt 0.298622 0.527989
vt 0.299187 0.284657
vt 0.067343 0.721769
vt 0.080444 0.711366
vt 0.093960 0.707567
vt 0.310640 0.741350
vt 0.061110 0.617415
vt 0.070967 0.711030
vt 0.301183 0.744475
vt 0.307449 0.752069
vt 0.165985 0.692402
vt 0.165755 0.702773
vt 0.265622 0.724129
vt 0.261189 0.732283
vt 0.066187 0.527267
vt 0.065841 0.588471
vt 0.318523 0.725594
vt 0.312792 0.649436
vt 0.296879 0.743099
vt 0.294847 0.751445
vt 0.058256 0.441326
vt 0.063225 0.484530
vt 0.049358 0.682992
vt 0.190341 0.694622
vt 0.211125 0.709567
vt 0.081150 0.722220
vt 0.314027 0.737798
vt 0.044105 0.645571
vt 0.048939 0.671402
vt 0.043205 0.699108
vt 0.057773 0.701173
vt 0.057861 0.417254
vt 0.050057 0.441667
vt 0.146191 0.693090
vt 0.166186 0.685031
vt 0.250550 0.715980
vt 0.268795 0.718597
vt 0.072569 0.526995
vt 0.072675 0.589213
vt 0.312517 0.724824
vt 0.306739 0.649960
vt 0.281304 0.733777
vt 0.298399 0.737232
vt 0.064088 0.441022
vt 0.069254 0.484209
vt 0.056789 0.681222
vt 0.191584 0.687529
vt 0.214114 0.699752
vt 0.304356 0.527794
vt 0.073768 0.703292
vt 0.309414 0.733889
vt 0.054599 0.647434
vt 0.056494 0.671221
vt 0.053671 0.694219
vt 0.063873 0.696313
vt 0.294273 0.528122
vt 0.294908 0.284538
vt 0.080336 0.703734
vt 0.092701 0.700384
vt 0.307409 0.736267
vt 0.068181 0.618628
vt 0.063840 0.707058
vt 0.301227 0.737761
vt 0.305133 0.743515
vt 0.068267 0.440751
vt 0.073651 0.483853
vt 0.061851 0.680105
vt 0.192461 0.682412
vt 0.216221 0.693015
vt 0.302204 0.650329
vt 0.075661 0.698267
vt 0.308300 0.724399
vt 0.306422 0.731705
vt 0.061810 0.648729
vt 0.061800 0.671208
vt 0.059867 0.690317
vt 0.067817 0.692819
vt 0.063680 0.417358
vt 0.328775 0.285491
vt 0.080639 0.698495
vt 0.091468 0.695522
vt 0.305474 0.733425
vt 0.073226 0.619519
vt 0.071658 0.696051
vt 0.068372 0.700411
vt 0.301374 0.733987
vt 0.303580 0.737554
vt 0.145242 0.685762
vt 0.166347 0.679649
vt 0.253543 0.710027
vt 0.271160 0.714722
vt 0.077171 0.526789
vt 0.077541 0.589658
vt 0.283763 0.728315
vt 0.299485 0.733381
vt 0.065341 0.394418
vt 0.067810 0.417432
vt 0.059448 0.393951
vt 0.050603 0.393221
vt 0.049812 0.393155
vt 0.043924 0.392645
vt 0.040318 0.392327
vt 0.036175 0.391955
vt 0.031183 0.391497
vt 0.057270 0.527634
vt 0.041885 0.527884
vt 0.066980 0.649733
vt 0.123685 0.688653
vt 0.103532 0.690567
vt 0.122377 0.683629
vt 0.125494 0.695798
vt 0.105268 0.695424
vt 0.128125 0.706527
vt 0.107413 0.702428
vt 0.110647 0.713880
vt 0.128401 0.707623
vt 0.130176 0.714942
vt 0.131348 0.719651
vt 0.112664 0.721078
vt 0.132846 0.725327
vt 0.114024 0.725709
vt 0.118358 0.738169
vt 0.134830 0.732087
vt 0.144640 0.680486
vt 0.239075 0.697347
vt 0.237043 0.701895
vt 0.234385 0.708273
vt 0.230795 0.717361
vt 0.230398 0.718286
vt 0.228039 0.724496
vt 0.226532 0.728441
vt 0.224638 0.733230
vt 0.222333 0.738952
vt 0.255776 0.705805
vt 0.285865 0.724579
vt 0.110281 0.712861
vt 0.115887 0.731366
vt 0.064482 0.687775
vt 0.024455 0.707674
vt 0.340312 0.168131
vt 0.333838 0.285636
vt 0.321130 0.041140
vt 0.310261 0.042491
vt 0.311742 0.037311
vt 0.087878 0.089356
vt 0.083444 0.104728
vt 0.078853 0.101958
vt 0.074533 0.192199
vt 0.068391 0.215012
vt 0.069249 0.192180
vt 0.339496 0.059939
vt 0.327729 0.053509
vt 0.331752 0.049638
vt 0.115976 0.077433
vt 0.101126 0.078627
vt 0.113080 0.071952
vt 0.345987 0.085157
vt 0.334905 0.167801
vt 0.340342 0.085733
vt 0.040035 0.342224
vt 0.039555 0.367634
vt 0.034617 0.366755
vt 0.079013 0.113635
vt 0.070459 0.121285
vt 0.074041 0.111460
vt 0.072247 0.146965
vt 0.068487 0.168645
vt 0.066931 0.146937
vt 0.334547 0.062504
vt 0.091940 0.093206
vt 0.212179 0.036884
vt 0.192673 0.046119
vt 0.191401 0.039893
vt 0.073038 0.134852
vt 0.067755 0.134102
vt 0.056045 0.304119
vt 0.051162 0.302846
vt 0.301463 0.035537
vt 0.282406 0.041844
vt 0.282191 0.036336
vt 0.073584 0.215522
vt 0.060217 0.264845
vt 0.262550 0.036911
vt 0.247519 0.042608
vt 0.247597 0.036684
vt 0.171697 0.045185
vt 0.159584 0.056583
vt 0.157094 0.050556
vt 0.330811 0.064373
vt 0.324582 0.056473
vt 0.078908 0.192251
vt 0.095037 0.096236
vt 0.087158 0.106979
vt 0.316411 0.049296
vt 0.309005 0.046393
vt 0.175257 0.056043
vt 0.161567 0.061352
vt 0.262695 0.047369
vt 0.247485 0.047455
vt 0.069347 0.266715
vt 0.065221 0.265854
vt 0.335857 0.086161
vt 0.300675 0.044959
vt 0.282398 0.046430
vt 0.048893 0.344392
vt 0.044904 0.343445
vt 0.077218 0.135498
vt 0.212736 0.043154
vt 0.193692 0.051003
vt 0.104414 0.083663
vt 0.076495 0.147049
vt 0.073849 0.168358
vt 0.079671 0.123984
vt 0.075602 0.122813
vt 0.043618 0.368305
vt 0.330380 0.167517
vt 0.106967 0.087616
vt 0.176513 0.059733
vt 0.163078 0.065057
vt 0.262756 0.051220
vt 0.247438 0.051362
vt 0.077896 0.215936
vt 0.072711 0.267444
vt 0.332262 0.086455
vt 0.300301 0.048287
vt 0.282126 0.050140
vt 0.060106 0.305106
vt 0.052147 0.345108
vt 0.080594 0.136054
vt 0.213189 0.048151
vt 0.194515 0.054778
vt 0.326728 0.167274
vt 0.097628 0.098785
vt 0.327734 0.065972
vt 0.079960 0.147182
vt 0.078286 0.168140
vt 0.082997 0.115358
vt 0.083079 0.124943
vt 0.047027 0.368818
vt 0.118475 0.081872
vt 0.108992 0.090889
vt 0.322165 0.058746
vt 0.082484 0.192334
vt 0.090244 0.108753
vt 0.314705 0.052169
vt 0.307955 0.049461
vt 0.086032 0.136994
vt 0.213530 0.052093
vt 0.195745 0.060317
vt 0.321245 0.166910
vt 0.101954 0.103110
vt 0.326726 0.086785
vt 0.322741 0.068625
vt 0.085460 0.147402
vt 0.081884 0.167991
vt 0.086184 0.116721
vt 0.088564 0.126550
vt 0.052444 0.369616
vt 0.319711 0.166812
vt 0.120699 0.085384
vt 0.112066 0.096297
vt 0.318472 0.062216
vt 0.088115 0.192500
vt 0.081444 0.216254
vt 0.095236 0.111544
vt 0.311882 0.056937
vt 0.306315 0.054360
vt 0.178401 0.065108
vt 0.165315 0.070482
vt 0.262868 0.057236
vt 0.247344 0.057407
vt 0.078004 0.268609
vt 0.299765 0.053610
vt 0.281576 0.055820
vt 0.063431 0.305823
vt 0.057211 0.346197
vt 0.321956 0.068964
vt 0.086353 0.147384
vt 0.087405 0.167770
vt 0.092156 0.119348
vt 0.091320 0.118972
vt 0.053238 0.369741
vt 0.124719 0.091716
vt 0.124308 0.090827
vt 0.317871 0.062779
vt 0.088990 0.192507
vt 0.087052 0.216765
vt 0.095976 0.112027
vt 0.306101 0.055152
vt 0.325618 0.086820
vt 0.165675 0.071254
vt 0.247345 0.058318
vt 0.087938 0.216864
vt 0.281661 0.056666
vt 0.069372 0.307090
vt 0.068589 0.306880
vt 0.086890 0.137126
vt 0.213996 0.057939
vt 0.195909 0.061143
vt 0.102614 0.103820
vt 0.117919 0.106720
vt 0.112582 0.097224
vt 0.311577 0.068713
vt 0.097323 0.192735
vt 0.109990 0.111509
vt 0.104910 0.117198
vt 0.311455 0.057639
vt 0.303401 0.062963
vt 0.181230 0.072897
vt 0.168765 0.078234
vt 0.263183 0.067106
vt 0.247223 0.067201
vt 0.086699 0.270609
vt 0.078849 0.268786
vt 0.316452 0.086944
vt 0.298910 0.062858
vt 0.281098 0.065444
vt 0.065677 0.348014
vt 0.058003 0.346392
vt 0.095441 0.138792
vt 0.214064 0.058778
vt 0.197416 0.068408
vt 0.314071 0.073091
vt 0.094923 0.147806
vt 0.088294 0.167714
vt 0.100912 0.123502
vt 0.089412 0.126811
vt 0.061567 0.370927
vt 0.311159 0.166236
vt 0.182864 0.077380
vt 0.170868 0.082670
vt 0.263395 0.073306
vt 0.247051 0.073319
vt 0.096323 0.217570
vt 0.092310 0.271883
vt 0.309718 0.087008
vt 0.298363 0.069005
vt 0.281062 0.071464
vt 0.077157 0.308741
vt 0.071117 0.349200
vt 0.101593 0.140144
vt 0.214488 0.066392
vt 0.198385 0.073100
vt 0.305134 0.165859
vt 0.116081 0.118176
vt 0.308303 0.075942
vt 0.101087 0.148109
vt 0.096757 0.167328
vt 0.106982 0.127136
vt 0.098312 0.129689
vt 0.067205 0.371715
vt 0.130578 0.100428
vt 0.122421 0.114372
vt 0.306925 0.072893
vt 0.103252 0.192893
vt 0.110856 0.122571
vt 0.306866 0.065063
vt 0.301280 0.069437
vt 0.082626 0.310006
vt 0.075004 0.350080
vt 0.105882 0.141121
vt 0.214605 0.071174
vt 0.199043 0.076335
vt 0.300864 0.165617
vt 0.120523 0.124419
vt 0.304781 0.087040
vt 0.304399 0.077351
vt 0.105492 0.148235
vt 0.102691 0.167066
vt 0.110891 0.130359
vt 0.103933 0.132559
vt 0.071209 0.372251
vt 0.135075 0.106508
vt 0.126300 0.120101
vt 0.304037 0.075169
vt 0.107519 0.192973
vt 0.102155 0.218126
vt 0.114828 0.126876
vt 0.303511 0.070395
vt 0.300172 0.073166
vt 0.183963 0.080421
vt 0.172384 0.085679
vt 0.263590 0.077753
vt 0.246892 0.077677
vt 0.096352 0.272789
vt 0.298094 0.073194
vt 0.281381 0.075833
vt 0.069451 0.394735
vt 0.086595 0.311025
vt 0.107024 0.166845
vt 0.158649 0.090126
vt 0.148619 0.102327
vt 0.145936 0.098879
vt 0.155892 0.085796
vt 0.142326 0.093714
vt 0.151793 0.078614
vt 0.137447 0.085672
vt 0.137040 0.084826
vt 0.151377 0.077795
vt 0.148526 0.072232
vt 0.133902 0.079093
vt 0.146651 0.068433
vt 0.131917 0.075358
vt 0.144350 0.063614
vt 0.129568 0.070678
vt 0.126725 0.064937
vt 0.141534 0.057639
vt 0.160656 0.093013
vt 0.178674 0.065906
vt 0.173674 0.051284
vt 0.231139 0.076387
vt 0.214604 0.074431
vt 0.231420 0.072353
vt 0.231711 0.066613
vt 0.231899 0.057272
vt 0.231971 0.051281
vt 0.231989 0.047359
vt 0.231893 0.036315
vt 0.231911 0.058150
vt 0.231946 0.042432
vt 0.262907 0.058141
vt 0.262611 0.042638
vt 0.138450 0.110816
vt 0.108106 0.134604
vt 0.301623 0.073822
vt 0.318455 0.045846
vt 0.299773 0.054422
vt 0.301083 0.040824
vt 0.222865 0.152188
vt 0.237506 0.141756
vt 0.293427 0.170176
vt -0.172597 0.096455
vt -0.156188 0.085063
vt -0.037739 0.145793
vt 0.217746 0.688229
vt 0.302931 0.733831
vt 0.106308 0.218564
vt 0.085458 0.423719
vt 0.085437 0.401498
vt 0.292709 0.523937
vt 0.085457 0.379277
vt 0.292708 0.279059
vt 0.088255 0.357166
vt 0.099361 0.318764
vt 0.099361 0.484232
vt 0.088255 0.445831
vt 0.107810 0.281891
vt 0.107811 0.521105
vt 0.115419 0.230416
vt 0.115420 0.572580
vt 0.185358 0.639474
vt 0.169549 0.638754
vt 0.107304 0.643398
vt 0.107606 0.636694
vt 0.129370 0.651655
vt 0.111473 0.619936
vt 0.138635 0.646443
vt 0.111376 0.653509
vt 0.109078 0.649584
vt 0.120744 0.656226
vt 0.117137 0.657134
vt 0.114164 0.655856
vt 0.152855 0.640247
vt 0.114412 0.596186
vt 0.114412 0.206810
vt 0.169548 0.164242
vt 0.204373 0.643672
vt 0.111473 0.183060
vt 0.107605 0.166302
vt 0.138634 0.156553
vt 0.107303 0.159598
vt 0.129369 0.151341
vt 0.152854 0.162749
vt 0.222866 0.650808
vt 0.185357 0.163522
vt 0.109077 0.153412
vt 0.111375 0.149487
vt 0.120743 0.146770
vt 0.114164 0.147140
vt 0.117136 0.145862
vt 0.237507 0.661240
vt 0.293428 0.632820
vt 0.249070 0.670756
vt 0.259788 0.681116
vt 0.280401 0.708547
vt 0.278671 0.707152
vt 0.282157 0.708903
vt 0.269873 0.693571
vt 0.291439 0.700321
vt 0.287128 0.707503
vt 0.285431 0.709309
vt 0.291438 0.102675
vt 0.259787 0.121880
vt 0.269872 0.109425
vt 0.204373 0.159324
vt 0.287127 0.095493
vt 0.278670 0.095843
vt 0.282156 0.094093
vt 0.285430 0.093686
vt 0.280400 0.094449
vt 0.249069 0.132240
vt -0.348789 0.562776
vt -0.363378 0.512317
vt -0.038684 0.609212
vt -0.369180 0.480645
vt -0.371345 0.448831
vt -0.369180 0.417017
vt -0.038684 0.288449
vt -0.363378 0.385345
vt -0.348789 0.334886
vt -0.337681 0.286430
vt -0.337681 0.611232
vt -0.328422 0.223794
vt -0.328422 0.673868
vt -0.211872 0.789339
vt -0.227008 0.788263
vt -0.338330 0.771351
vt -0.339050 0.756140
vt -0.271717 0.804106
vt -0.333146 0.730553
vt -0.257968 0.796732
vt -0.327258 0.796272
vt -0.333849 0.786087
vt -0.302813 0.812897
vt -0.318769 0.805192
vt -0.284446 0.810578
vt -0.329519 0.702116
vt -0.243303 0.790087
vt -0.329519 0.195546
vt -0.227008 0.109399
vt -0.191892 0.793349
vt -0.333146 0.167109
vt -0.339051 0.141522
vt -0.257968 0.100930
vt -0.338330 0.126311
vt -0.271717 0.093556
vt -0.243303 0.107575
vt -0.211872 0.108323
vt -0.172597 0.801207
vt -0.037739 0.751869
vt -0.333849 0.111575
vt -0.327258 0.101390
vt -0.318769 0.092470
vt -0.284446 0.087084
vt -0.302813 0.084765
vt -0.156188 0.812599
vt -0.143290 0.823218
vt -0.131499 0.834944
vt -0.094942 0.878484
vt -0.104828 0.871718
vt -0.068980 0.879615
vt -0.117320 0.852593
vt -0.040688 0.848802
vt -0.084089 0.882132
vt -0.055935 0.874199
vt -0.040688 0.048860
vt -0.131499 0.062718
vt -0.191892 0.104313
vt -0.117320 0.045069
vt -0.055935 0.023462
vt -0.068980 0.018047
vt -0.084089 0.015530
vt -0.094942 0.019177
vt -0.104828 0.025944
vt -0.143290 0.074444
s 1
usemtl ClassicConsole_01
f 3/1/1 8/2/2 7/3/3
f 5/4/4 6/5/5 1/6/6
f 3/1/7 5/4/4 1/6/6
f 10/7/8 47/8/9 46/9/10
f 67/10/11 13/11/12 68/12/13
f 16/13/14 66/14/15 65/15/16
f 63/16/17 17/17/18 64/18/19
f 61/19/20 19/20/21 62/21/22
f 20/22/23 21/23/24 19/20/21
f 87/24/25 23/25/26 88/26/27
f 24/27/28 25/28/29 23/25/26
f 26/29/30 27/30/31 25/28/29
f 59/31/32 29/32/33 60/33/34
f 30/34/35 31/35/36 29/32/33
f 32/36/37 33/37/38 31/35/36
f 34/38/39 35/39/40 33/37/38
f 38/40/41 35/39/40 36/41/42
f 40/42/43 37/43/44 38/40/41
f 42/44/45 39/45/46 40/42/43
f 44/46/47 41/47/48 42/44/45
f 80/48/49 20/22/23 61/19/20
f 137/49/50 30/34/35 59/31/32
f 38/40/41 55/50/51 40/42/43
f 9/51/52 85/52/53 45/53/54
f 45/53/54 72/54/55 11/55/56
f 65/15/16 77/56/57 16/13/14
f 83/57/58 26/29/30 24/27/28
f 34/38/39 53/58/59 36/41/42
f 48/59/60 47/8/9 10/7/8
f 46/9/10 74/60/61 12/61/62
f 58/62/63 9/51/52 47/8/9
f 81/63/64 22/64/65 20/22/23
f 50/65/66 32/36/37 30/34/35
f 40/42/43 56/66/67 42/44/45
f 11/55/56 73/67/68 46/9/10
f 78/68/69 18/69/70 63/16/17
f 26/29/30 138/70/71 28/71/72
f 36/41/42 54/72/73 38/40/41
f 75/73/74 14/74/75 67/10/11
f 82/75/76 24/27/28 87/24/25
f 51/76/77 34/38/39 32/36/37
f 56/66/67 44/46/47 42/44/45
f 28/71/72 137/49/50 59/31/32
f 28/71/72 60/33/34 27/30/31
f 79/77/78 61/19/20 18/69/70
f 61/19/20 17/17/18 18/69/70
f 16/13/14 78/68/69 63/16/17
f 63/16/17 15/78/79 16/13/14
f 14/74/75 84/79/80 65/15/16
f 14/74/75 66/14/15 13/11/12
f 74/60/61 67/10/11 12/61/62
f 67/10/11 10/7/8 12/61/62
f 64/18/19 71/80/81 58/81/63
f 60/33/34 76/82/82 27/30/31
f 27/30/31 75/83/74 25/28/29
f 66/14/15 70/84/83 13/11/12
f 35/39/40 81/85/64 80/86/49
f 13/11/12 86/87/84 68/12/13
f 88/26/27 74/88/61 73/89/68
f 33/37/38 78/90/69 31/35/36
f 41/47/48 83/91/58 82/92/76
f 15/78/79 64/18/19 58/81/63
f 19/20/21 85/93/53 62/21/22
f 29/32/33 84/94/80 60/33/34
f 37/43/44 49/95/85 81/85/64
f 15/78/79 48/96/60 66/14/15
f 25/28/29 74/88/61 23/25/26
f 33/37/38 80/86/49 79/97/78
f 62/21/22 71/80/81 17/17/18
f 68/12/13 69/98/86 10/7/8
f 48/59/60 69/98/86 70/99/83
f 21/23/24 72/100/55 19/20/21
f 31/35/36 77/101/57 29/32/33
f 41/47/48 49/95/85 39/45/46
f 21/23/24 88/26/27 73/89/68
f 49/102/85 87/24/25 22/64/65
f 87/24/25 21/23/24 22/64/65
f 86/87/84 70/99/83 69/98/86
f 91/103/87 90/104/88 89/105/89
f 93/106/90 92/107/91 91/103/87
f 43/108/92 117/109/93 111/110/94
f 111/110/94 116/111/95 110/112/96
f 110/112/96 115/113/97 109/114/98
f 109/114/98 114/115/99 108/116/100
f 108/116/100 113/117/101 107/118/102
f 107/118/102 105/119/103 106/120/104
f 103/121/105 101/122/106 102/123/107
f 98/124/108 100/125/109 101/122/106
f 98/124/108 101/122/106 97/126/110
f 101/122/106 104/127/111 97/126/110
f 93/106/90 96/128/112 97/126/110
f 93/106/90 97/126/110 94/129/113
f 112/130/114 94/129/113 97/126/110
f 97/126/110 104/127/111 112/130/114
f 105/119/103 112/130/114 104/127/111
f 44/46/47 145/131/115 117/109/93
f 134/132/116 106/120/104 105/119/103
f 91/103/87 122/133/117 93/106/90
f 135/134/118 107/118/102 106/120/104
f 94/129/113 121/135/119 92/107/91
f 107/118/102 137/136/50 108/116/100
f 122/133/117 95/137/120 93/106/90
f 137/136/50 109/114/98 108/116/100
f 109/114/98 138/138/71 110/112/96
f 96/128/112 126/139/121 97/126/110
f 138/138/71 111/110/94 110/112/96
f 126/139/121 98/124/108 97/126/110
f 139/140/122 43/108/92 111/110/94
f 127/141/123 99/142/124 98/124/108
f 112/130/114 123/143/125 94/129/113
f 128/144/126 100/125/109 99/142/124
f 113/117/101 140/145/127 112/130/114
f 100/125/109 130/146/128 101/122/106
f 118/147/129 91/103/87 89/105/89
f 114/115/99 141/148/130 113/117/101
f 130/146/128 102/123/107 101/122/106
f 119/149/131 89/105/89 90/104/88
f 115/113/97 142/150/132 114/115/99
f 102/123/107 132/151/133 103/121/105
f 92/107/91 119/149/131 90/104/88
f 116/111/95 143/152/134 115/113/97
f 103/121/105 133/153/135 104/127/111
f 117/109/93 144/154/136 116/111/95
f 104/127/111 134/132/116 105/119/103
f 96/128/112 124/155/137 125/156/138
f 189/157/139 191/158/140 211/159/141
f 342/160/142 190/161/143 147/162/144
f 191/158/140 148/163/145 192/164/146
f 242/165/147 152/166/148 194/167/149
f 192/168/146 151/169/150 193/170/151
f 241/171/152 358/172/153 344/173/154
f 194/167/149 154/174/155 195/175/156
f 195/175/156 156/176/157 196/177/158
f 159/178/159 348/179/160 347/180/161
f 196/177/158 158/181/162 197/182/163
f 197/182/163 160/183/164 198/184/165
f 198/184/165 162/185/166 199/186/167
f 350/187/168 165/188/169 351/189/170
f 199/186/167 164/190/171 200/191/172
f 200/191/172 166/192/173 201/193/174
f 348/179/160 161/194/175 349/195/176
f 351/189/170 167/196/177 270/197/178
f 166/192/173 202/198/179 201/193/174
f 272/199/180 171/200/181 352/201/182
f 168/202/183 203/203/184 202/198/179
f 204/204/185 174/205/186 205/206/187
f 203/203/184 172/207/188 204/204/185
f 167/196/177 272/199/180 270/197/178
f 171/200/181 275/208/189 352/201/182
f 175/209/190 354/210/191 353/211/192
f 174/205/186 206/212/193 205/206/187
f 275/208/189 175/209/190 353/211/192
f 176/213/194 207/214/195 206/212/193
f 355/215/196 181/216/197 280/217/198
f 177/218/199 355/215/196 354/210/191
f 178/219/200 208/220/201 207/214/195
f 208/220/201 182/221/202 209/222/203
f 182/221/202 210/223/204 209/222/203
f 181/216/197 356/224/205 280/217/198
f 330/225/206 212/226/207 239/227/208
f 236/228/209 188/229/210 237/230/211
f 327/231/212 230/232/213 229/233/214
f 326/234/215 229/233/214 228/235/216
f 326/234/215 227/236/217 325/237/218
f 324/238/219 227/236/217 226/239/220
f 323/240/221 226/239/220 225/241/221
f 323/240/221 224/242/222 322/243/223
f 322/243/223 223/244/224 321/245/225
f 319/246/226 222/247/227 221/248/228
f 321/245/225 222/247/227 320/249/229
f 318/250/230 221/248/228 220/251/231
f 318/250/230 219/252/232 317/253/233
f 317/253/233 218/254/234 316/255/235
f 315/256/236 218/254/234 217/257/237
f 314/258/238 217/257/237 216/259/239
f 314/258/238 243/260/240 333/261/241
f 313/262/242 214/263/243 312/264/244
f 311/265/245 214/263/243 213/266/246
f 311/265/245 212/226/207 310/267/247
f 212/226/207 189/157/139 239/227/208
f 313/262/242 243/260/240 215/268/248
f 209/222/203 185/269/249 183/270/250
f 181/216/197 209/222/203 183/270/250
f 179/271/251 208/220/201 181/216/197
f 206/212/193 179/271/251 177/218/199
f 205/206/187 177/218/199 175/209/190
f 171/200/181 204/204/185 173/272/252
f 173/272/252 205/206/187 175/209/190
f 169/273/253 203/203/184 171/200/181
f 167/196/177 202/198/179 169/273/253
f 165/188/169 201/193/174 167/196/177
f 163/274/254 200/191/172 165/188/169
f 198/184/165 163/274/254 161/194/175
f 197/182/163 161/194/175 159/178/159
f 157/275/255 197/182/163 159/178/159
f 155/276/256 196/177/158 157/275/255
f 153/277/257 195/175/156 155/276/256
f 149/278/258 193/170/151 241/171/152
f 241/279/152 194/167/149 153/277/257
f 147/162/144 192/164/146 149/280/258
f 191/158/140 190/161/143 211/159/141
f 212/226/207 148/163/145 146/281/259
f 148/163/145 214/263/243 150/282/260
f 150/282/260 215/268/248 151/169/150
f 240/283/261 216/259/239 152/166/148
f 152/166/148 217/257/237 154/174/155
f 154/174/155 218/254/234 156/176/157
f 156/176/157 219/252/232 158/181/162
f 219/252/232 160/183/164 158/181/162
f 220/251/231 162/185/166 160/183/164
f 222/247/227 166/192/173 164/190/171
f 221/248/228 164/190/171 162/185/166
f 223/244/224 168/202/183 166/192/173
f 224/242/222 170/284/262 168/202/183
f 225/241/221 172/207/188 170/284/262
f 226/239/220 174/205/186 172/207/188
f 174/205/186 228/235/216 176/213/194
f 176/213/194 229/233/214 178/219/200
f 229/233/214 180/285/263 178/219/200
f 230/232/213 182/221/202 180/285/263
f 231/286/264 184/287/265 182/221/202
f 186/288/266 234/289/267 187/290/268
f 232/291/269 186/288/266 184/287/265
f 238/292/270 187/290/268 234/289/267
f 237/230/211 235/293/271 238/292/270
f 155/276/256 157/294/255 347/180/161 346/295/272
f 358/296/153 261/297/273 259/298/274
f 151/169/150 243/260/240 240/283/261
f 193/170/151 240/283/261 242/165/147
f 248/299/275 245/300/276 246/301/277
f 250/302/278 246/301/277 244/303/279
f 251/304/280 244/303/279 247/305/281
f 249/306/282 357/307/283 252/308/284
f 359/309/285 249/306/282 252/308/284
f 337/310/286 251/304/280 247/305/281
f 189/157/139 251/304/280 239/227/208
f 211/159/141 250/302/278 189/157/139
f 190/161/143 248/299/275 211/159/141
f 210/223/204 188/229/210 185/269/249
f 187/290/268 235/293/271 210/223/204
f 287/311/287 289/312/288 253/313/289
f 288/314/290 342/315/142 254/316/291
f 289/312/288 255/317/292 253/313/289
f 290/318/293 256/319/294 255/317/292
f 332/320/295 260/321/296 331/322/297
f 290/323/293 258/324/298 256/319/294
f 358/296/153 259/325/274 344/326/154
f 292/327/299 262/328/300 260/321/296
f 358/172/153 153/277/257 345/329/301
f 293/330/302 264/331/303 262/328/300
f 329/332/304 263/333/305 346/334/272 347/335/161
f 294/336/306 265/337/307 264/331/303
f 295/338/308 266/339/309 265/337/307
f 296/340/310 267/341/311 266/339/309
f 297/342/312 268/343/313 267/341/311
f 298/344/314 269/345/315 268/343/313
f 300/346/316 269/345/315 299/347/317
f 301/348/318 271/349/319 300/346/316
f 302/350/320 276/351/321 274/352/322
f 301/348/318 274/352/322 273/353/323
f 304/354/324 276/351/321 303/355/325
f 305/356/326 277/357/327 304/354/324
f 306/358/328 278/359/329 305/356/326
f 306/358/328 281/360/330 279/361/331
f 308/362/332 281/360/330 307/363/333
f 236/228/209 286/364/334 283/365/335
f 310/267/247 287/311/287 253/313/289
f 283/365/335 307/363/333 356/366/205
f 280/367/198 307/363/333 306/358/328
f 355/368/196 306/358/328 305/356/326
f 355/368/196 304/354/324 354/369/191
f 354/369/191 303/355/325 353/370/192
f 352/371/182 302/350/320 301/348/318
f 275/372/189 303/355/325 302/350/320
f 272/373/180 301/348/318 300/346/316
f 270/374/178 300/346/316 299/347/317
f 351/375/170 299/347/317 298/344/314
f 350/376/168 298/344/314 297/342/312
f 350/376/168 296/340/310 349/377/176
f 349/377/176 295/338/308 348/378/160
f 329/332/304 295/338/308 294/336/306
f 263/333/305 294/336/306 293/330/302
f 261/297/273 293/330/302 292/327/299
f 257/379/336 291/380/337 290/323/293
f 259/298/274 292/327/299 332/320/295
f 254/316/291 290/318/293 289/312/288
f 289/312/288 288/314/290 254/316/291
f 255/317/292 310/267/247 253/313/289
f 255/317/292 312/264/244 311/265/245
f 256/319/294 313/262/242 312/264/244
f 331/322/297 314/258/238 333/261/241
f 260/321/296 315/256/236 314/258/238
f 262/328/300 316/255/235 315/256/236
f 264/331/303 317/253/233 316/255/235
f 266/339/309 317/253/233 265/337/307
f 267/341/311 318/250/230 266/339/309
f 269/345/315 320/249/229 268/343/313
f 268/343/313 319/246/226 267/341/311
f 271/349/319 321/245/225 269/345/315
f 273/353/323 322/243/223 271/349/319
f 274/352/322 323/240/221 273/353/323
f 276/351/321 324/238/219 274/352/322
f 276/351/321 326/234/215 325/237/218
f 277/357/327 327/231/212 326/234/215
f 279/361/331 327/231/212 278/359/329
f 281/360/330 230/232/213 279/361/331
f 282/381/338 231/286/264 281/360/330
f 284/382/339 234/289/267 233/383/340
f 284/382/339 232/291/269 282/381/338
f 285/384/341 238/292/270 234/289/267
f 328/385/342 237/230/211 238/292/270
f 258/324/298 333/261/241 313/262/242
f 259/325/274 332/320/295 291/380/337
f 291/380/337 331/322/297 258/324/298
f 338/386/343 335/387/344 339/388/345
f 340/389/346 336/390/347 338/386/343
f 341/391/348 334/392/349 340/389/346
f 357/393/283 339/388/345 252/394/284
f 359/395/285 339/388/345 335/387/344
f 341/391/348 287/311/287 330/225/206
f 340/389/346 309/396/350 287/311/287
f 338/386/343 288/314/290 309/396/350
f 286/364/334 308/362/332 283/365/335
f 308/362/332 328/385/342 285/384/341
f 343/397/351 254/316/291 342/315/142
f 147/162/144 343/398/351 342/160/142
f 161/194/175 350/187/168 349/195/176
f 251/304/280 330/225/206 239/227/208
f 47/8/9 9/51/52 46/9/10
f 9/51/52 45/53/54 11/55/56
f 46/9/10 9/51/52 11/55/56
f 46/9/10 12/61/62 10/7/8
f 67/10/11 14/74/75 13/11/12
f 16/13/14 15/78/79 66/14/15
f 63/16/17 18/69/70 17/17/18
f 61/19/20 20/22/23 19/20/21
f 20/22/23 22/64/65 21/23/24
f 87/24/25 24/27/28 23/25/26
f 24/27/28 26/29/30 25/28/29
f 26/29/30 28/71/72 27/30/31
f 59/31/32 30/34/35 29/32/33
f 30/34/35 32/36/37 31/35/36
f 32/36/37 34/38/39 33/37/38
f 34/38/39 36/41/42 35/39/40
f 38/40/41 37/43/44 35/39/40
f 40/42/43 39/45/46 37/43/44
f 42/44/45 41/47/48 39/45/46
f 44/46/47 43/108/92 41/47/48
f 80/48/49 81/63/64 20/22/23
f 137/49/50 50/65/66 30/34/35
f 38/40/41 54/72/73 55/50/51
f 9/51/52 71/399/81 85/52/53
f 45/53/54 85/52/53 72/54/55
f 65/15/16 84/79/80 77/56/57
f 83/57/58 139/400/122 26/29/30
f 34/38/39 52/401/352 53/58/59
f 48/59/60 58/62/63 47/8/9
f 46/9/10 73/67/68 74/60/61
f 58/62/63 71/399/81 9/51/52
f 81/63/64 49/102/85 22/64/65
f 50/65/66 51/76/77 32/36/37
f 40/42/43 55/50/51 56/66/67
f 11/55/56 72/54/55 73/67/68
f 78/68/69 79/77/78 18/69/70
f 26/29/30 139/400/122 138/70/71
f 36/41/42 53/58/59 54/72/73
f 75/73/74 76/402/82 14/74/75
f 82/75/76 83/57/58 24/27/28
f 51/76/77 52/401/352 34/38/39
f 56/66/67 57/403/353 44/46/47
f 28/71/72 138/70/71 137/49/50
f 28/71/72 59/31/32 60/33/34
f 79/77/78 80/48/49 61/19/20
f 61/19/20 62/21/22 17/17/18
f 16/13/14 77/56/57 78/68/69
f 63/16/17 64/18/19 15/78/79
f 14/74/75 76/402/82 84/79/80
f 14/74/75 65/15/16 66/14/15
f 74/60/61 75/73/74 67/10/11
f 67/10/11 68/12/13 10/7/8
f 64/18/19 17/17/18 71/80/81
f 60/33/34 84/94/80 76/82/82
f 27/30/31 76/82/82 75/83/74
f 66/14/15 48/96/60 70/84/83
f 35/39/40 37/43/44 81/85/64
f 13/11/12 70/84/83 86/87/84
f 88/26/27 23/25/26 74/88/61
f 33/37/38 79/97/78 78/90/69
f 41/47/48 43/108/92 83/91/58
f 19/20/21 72/100/55 85/93/53
f 29/32/33 77/101/57 84/94/80
f 37/43/44 39/45/46 49/95/85
f 15/78/79 58/81/63 48/96/60
f 25/28/29 75/83/74 74/88/61
f 33/37/38 35/39/40 80/86/49
f 62/21/22 85/93/53 71/80/81
f 68/12/13 86/87/84 69/98/86
f 48/59/60 10/7/8 69/98/86
f 21/23/24 73/89/68 72/100/55
f 31/35/36 78/90/69 77/101/57
f 41/47/48 82/92/76 49/95/85
f 49/102/85 82/75/76 87/24/25
f 87/24/25 88/26/27 21/23/24
f 91/103/87 92/107/91 90/104/88
f 93/106/90 94/129/113 92/107/91
f 43/108/92 44/46/47 117/109/93
f 111/110/94 117/109/93 116/111/95
f 110/112/96 116/111/95 115/113/97
f 109/114/98 115/113/97 114/115/99
f 108/116/100 114/115/99 113/117/101
f 107/118/102 113/117/101 105/119/103
f 103/121/105 104/127/111 101/122/106
f 98/124/108 99/142/124 100/125/109
f 93/106/90 95/137/120 96/128/112
f 105/119/103 113/117/101 112/130/114
f 44/46/47 57/403/353 145/131/115
f 134/132/116 135/134/118 106/120/104
f 91/103/87 120/404/354 122/133/117
f 135/134/118 136/405/355 107/118/102
f 94/129/113 123/143/125 121/135/119
f 107/118/102 136/405/355 137/136/50
f 122/133/117 124/155/137 95/137/120
f 137/136/50 138/138/71 109/114/98
f 96/128/112 125/156/138 126/139/121
f 138/138/71 139/140/122 111/110/94
f 126/139/121 127/141/123 98/124/108
f 139/140/122 83/91/58 43/108/92
f 127/141/123 128/144/126 99/142/124
f 112/130/114 140/145/127 123/143/125
f 128/144/126 129/406/356 100/125/109
f 113/117/101 141/148/130 140/145/127
f 100/125/109 129/406/356 130/146/128
f 118/147/129 120/404/354 91/103/87
f 114/115/99 142/150/132 141/148/130
f 130/146/128 131/407/357 102/123/107
f 119/149/131 118/147/129 89/105/89
f 115/113/97 143/152/134 142/150/132
f 102/123/107 131/407/357 132/151/133
f 92/107/91 121/135/119 119/149/131
f 116/111/95 144/154/136 143/152/134
f 103/121/105 132/151/133 133/153/135
f 117/109/93 145/131/115 144/154/136
f 104/127/111 133/153/135 134/132/116
f 96/128/112 95/137/120 124/155/137
f 189/157/139 146/281/259 191/158/140
f 342/160/142 357/307/283 190/161/143
f 343/397/351 344/326/154 257/379/336
f 344/326/154 259/325/274 257/379/336
f 191/158/140 146/281/259 148/163/145
f 192/164/146 148/163/145 150/282/260
f 242/165/147 240/283/261 152/166/148
f 192/168/146 150/282/260 151/169/150
f 346/295/272 345/329/301 155/276/256
f 345/329/301 153/277/257 155/276/256
f 194/167/149 152/166/148 154/174/155
f 195/175/156 154/174/155 156/176/157
f 157/275/255 159/178/159 347/180/161
f 196/177/158 156/176/157 158/181/162
f 197/182/163 158/181/162 160/183/164
f 198/184/165 160/183/164 162/185/166
f 350/187/168 163/274/254 165/188/169
f 199/186/167 162/185/166 164/190/171
f 200/191/172 164/190/171 166/192/173
f 348/179/160 159/178/159 161/194/175
f 351/189/170 165/188/169 167/196/177
f 166/192/173 168/202/183 202/198/179
f 272/199/180 169/273/253 171/200/181
f 168/202/183 170/284/262 203/203/184
f 204/204/185 172/207/188 174/205/186
f 203/203/184 170/284/262 172/207/188
f 167/196/177 169/273/253 272/199/180
f 171/200/181 173/272/252 275/208/189
f 175/209/190 177/218/199 354/210/191
f 174/205/186 176/213/194 206/212/193
f 275/208/189 173/272/252 175/209/190
f 176/213/194 178/219/200 207/214/195
f 355/215/196 179/271/251 181/216/197
f 177/218/199 179/271/251 355/215/196
f 178/219/200 180/285/263 208/220/201
f 208/220/201 180/285/263 182/221/202
f 182/221/202 184/287/265 210/223/204
f 181/216/197 183/270/250 356/224/205
f 330/225/206 310/267/247 212/226/207
f 236/228/209 185/269/249 188/229/210
f 326/234/215 327/231/212 229/233/214
f 326/234/215 228/235/216 227/236/217
f 324/238/219 325/237/218 227/236/217
f 323/240/221 324/238/219 226/239/220
f 323/240/221 225/241/221 224/242/222
f 322/243/223 224/242/222 223/244/224
f 319/246/226 320/249/229 222/247/227
f 321/245/225 223/244/224 222/247/227
f 318/250/230 319/246/226 221/248/228
f 318/250/230 220/251/231 219/252/232
f 317/253/233 219/252/232 218/254/234
f 315/256/236 316/255/235 218/254/234
f 314/258/238 315/256/236 217/257/237
f 314/258/238 216/259/239 243/260/240
f 313/262/242 215/268/248 214/263/243
f 311/265/245 312/264/244 214/263/243
f 311/265/245 213/266/246 212/226/207
f 212/226/207 146/281/259 189/157/139
f 313/262/242 333/261/241 243/260/240
f 209/222/203 210/223/204 185/269/249
f 181/216/197 208/220/201 209/222/203
f 179/271/251 207/214/195 208/220/201
f 206/212/193 207/214/195 179/271/251
f 205/206/187 206/212/193 177/218/199
f 171/200/181 203/203/184 204/204/185
f 173/272/252 204/204/185 205/206/187
f 169/273/253 202/198/179 203/203/184
f 167/196/177 201/193/174 202/198/179
f 165/188/169 200/191/172 201/193/174
f 163/274/254 199/186/167 200/191/172
f 198/184/165 199/186/167 163/274/254
f 197/182/163 198/184/165 161/194/175
f 157/275/255 196/177/158 197/182/163
f 155/276/256 195/175/156 196/177/158
f 153/277/257 194/167/149 195/175/156
f 149/278/258 192/168/146 193/170/151
f 241/279/152 242/165/147 194/167/149
f 147/162/144 191/158/140 192/164/146
f 191/158/140 147/162/144 190/161/143
f 212/226/207 213/266/246 148/163/145
f 148/163/145 213/266/246 214/263/243
f 150/282/260 214/263/243 215/268/248
f 240/283/261 243/260/240 216/259/239
f 152/166/148 216/259/239 217/257/237
f 154/174/155 217/257/237 218/254/234
f 156/176/157 218/254/234 219/252/232
f 219/252/232 220/251/231 160/183/164
f 220/251/231 221/248/228 162/185/166
f 222/247/227 223/244/224 166/192/173
f 221/248/228 222/247/227 164/190/171
f 223/244/224 224/242/222 168/202/183
f 224/242/222 225/241/221 170/284/262
f 225/241/221 226/239/220 172/207/188
f 226/239/220 227/236/217 174/205/186
f 174/205/186 227/236/217 228/235/216
f 176/213/194 228/235/216 229/233/214
f 229/233/214 230/232/213 180/285/263
f 230/232/213 231/286/264 182/221/202
f 231/286/264 232/291/269 184/287/265
f 186/288/266 233/383/340 234/289/267
f 232/291/269 233/383/340 186/288/266
f 238/292/270 235/293/271 187/290/268
f 237/230/211 188/229/210 235/293/271
f 358/296/153 345/408/301 261/297/273
f 151/169/150 215/268/248 243/260/240
f 241/171/152 193/170/151 242/165/147
f 193/170/151 151/169/150 240/283/261
f 248/299/275 249/306/282 245/300/276
f 250/302/278 248/299/275 246/301/277
f 251/304/280 250/302/278 244/303/279
f 249/306/282 190/161/143 357/307/283
f 359/309/285 245/300/276 249/306/282
f 337/310/286 341/391/348 251/304/280
f 189/157/139 250/302/278 251/304/280
f 211/159/141 248/299/275 250/302/278
f 190/161/143 249/306/282 248/299/275
f 210/223/204 235/293/271 188/229/210
f 184/287/265 186/288/266 210/223/204
f 186/288/266 187/290/268 210/223/204
f 287/311/287 309/396/350 289/312/288
f 288/314/290 357/393/283 342/315/142
f 289/312/288 290/318/293 255/317/292
f 332/320/295 292/327/299 260/321/296
f 290/323/293 291/380/337 258/324/298
f 261/297/273 345/408/301 263/333/305
f 345/408/301 346/334/272 263/333/305
f 292/327/299 293/330/302 262/328/300
f 358/172/153 241/279/152 153/277/257
f 293/330/302 294/336/306 264/331/303
f 329/409/304 347/335/161 348/410/160
f 294/336/306 295/338/308 265/337/307
f 295/338/308 296/340/310 266/339/309
f 296/340/310 297/342/312 267/341/311
f 297/342/312 298/344/314 268/343/313
f 298/344/314 299/347/317 269/345/315
f 300/346/316 271/349/319 269/345/315
f 301/348/318 273/353/323 271/349/319
f 302/350/320 303/355/325 276/351/321
f 301/348/318 302/350/320 274/352/322
f 304/354/324 277/357/327 276/351/321
f 305/356/326 278/359/329 277/357/327
f 306/358/328 279/361/331 278/359/329
f 306/358/328 307/363/333 281/360/330
f 308/362/332 282/381/338 281/360/330
f 236/228/209 237/230/211 286/364/334
f 310/267/247 330/225/206 287/311/287
f 283/365/335 308/362/332 307/363/333
f 280/367/198 356/366/205 307/363/333
f 355/368/196 280/367/198 306/358/328
f 355/368/196 305/356/326 304/354/324
f 354/369/191 304/354/324 303/355/325
f 352/371/182 275/372/189 302/350/320
f 275/372/189 353/370/192 303/355/325
f 272/373/180 352/371/182 301/348/318
f 270/374/178 272/373/180 300/346/316
f 351/375/170 270/374/178 299/347/317
f 350/376/168 351/375/170 298/344/314
f 350/376/168 297/342/312 296/340/310
f 349/377/176 296/340/310 295/338/308
f 329/332/304 348/378/160 295/338/308
f 263/333/305 329/332/304 294/336/306
f 261/297/273 263/333/305 293/330/302
f 257/379/336 259/325/274 291/380/337
f 259/298/274 261/297/273 292/327/299
f 254/316/291 257/411/336 290/318/293
f 289/312/288 309/396/350 288/314/290
f 255/317/292 311/265/245 310/267/247
f 255/317/292 256/319/294 312/264/244
f 256/319/294 258/324/298 313/262/242
f 331/322/297 260/321/296 314/258/238
f 260/321/296 262/328/300 315/256/236
f 262/328/300 264/331/303 316/255/235
f 264/331/303 265/337/307 317/253/233
f 266/339/309 318/250/230 317/253/233
f 267/341/311 319/246/226 318/250/230
f 269/345/315 321/245/225 320/249/229
f 268/343/313 320/249/229 319/246/226
f 271/349/319 322/243/223 321/245/225
f 273/353/323 323/240/221 322/243/223
f 274/352/322 324/238/219 323/240/221
f 276/351/321 325/237/218 324/238/219
f 276/351/321 277/357/327 326/234/215
f 277/357/327 278/359/329 327/231/212
f 279/361/331 230/232/213 327/231/212
f 281/360/330 231/286/264 230/232/213
f 282/381/338 232/291/269 231/286/264
f 284/382/339 285/384/341 234/289/267
f 284/382/339 233/383/340 232/291/269
f 285/384/341 328/385/342 238/292/270
f 328/385/342 286/364/334 237/230/211
f 241/171/152 344/173/154 149/280/258
f 344/173/154 343/398/351 149/280/258
f 258/324/298 331/322/297 333/261/241
f 291/380/337 332/320/295 331/322/297
f 338/386/343 336/390/347 335/387/344
f 340/389/346 334/392/349 336/390/347
f 341/391/348 337/310/286 334/392/349
f 357/393/283 288/314/290 339/388/345
f 359/395/285 252/394/284 339/388/345
f 341/391/348 340/389/346 287/311/287
f 340/389/346 338/386/343 309/396/350
f 338/386/343 339/388/345 288/314/290
f 286/364/334 328/385/342 308/362/332
f 285/384/341 284/382/339 308/362/332
f 284/382/339 282/381/338 308/362/332
f 343/397/351 257/411/336 254/316/291
f 147/162/144 149/280/258 343/398/351
f 161/194/175 163/274/254 350/187/168
f 251/304/280 341/391/348 330/225/206
f 551/412/358 397/413/359 550/414/360
f 552/415/361 398/416/362 551/412/358
f 553/417/363 395/418/364 552/415/361
f 554/419/365 401/420/366 553/417/363
f 555/421/367 399/422/368 554/419/365
f 556/423/369 396/424/370 555/421/367
f 557/425/371 558/426/372 366/427/373
f 558/426/372 367/428/374 366/427/373
f 560/429/375 368/430/376 482/431/377
f 561/432/378 368/430/376 560/429/375
f 562/433/379 369/434/380 561/432/378
f 562/433/379 371/435/381 370/436/382
f 563/437/383 372/438/384 371/435/381
f 564/439/385 373/440/386 372/438/384
f 565/441/387 374/442/388 373/440/386
f 566/443/389 375/444/390 374/442/388
f 567/445/391 376/446/392 375/444/390
f 569/447/393 422/448/394 607/449/395
f 570/450/396 425/451/397 423/452/398
f 571/453/399 425/451/397 570/450/396
f 380/454/400 571/453/399 429/455/401
f 572/456/402 431/457/403 429/455/401
f 573/458/404 430/459/405 431/457/403
f 574/460/406 437/461/407 439/462/408
f 575/463/409 436/464/410 437/461/407
f 575/463/409 438/465/411 436/464/410
f 386/466/412 434/467/413 438/465/411
f 576/468/414 435/469/415 386/466/412
f 626/470/416 388/471/417 440/472/418
f 577/473/419 389/474/420 388/471/417
f 628/475/421 389/474/420 577/473/419
f 444/476/422 628/475/421 447/477/423
f 578/478/424 391/479/425 447/477/423
f 578/478/424 392/480/426 391/479/425
f 394/481/427 392/480/426 578/478/424
f 407/482/428 402/483/429 408/484/430
f 396/424/370 364/485/431 399/422/368
f 362/486/432 398/416/362 395/418/364
f 400/487/433 365/488/434 396/424/370
f 363/489/435 410/490/436 395/418/364
f 399/422/368 363/489/435 401/420/366
f 361/491/437 397/413/359 398/416/362
f 409/492/438 403/493/439 407/482/428
f 405/494/440 410/490/436 363/489/435
f 409/492/438 361/491/437 362/486/432
f 407/482/428 360/495/441 361/491/437
f 409/492/438 362/486/432 410/490/436
f 412/496/442 365/488/434 400/487/433
f 400/487/433 419/497/443 413/498/444
f 421/499/445 420/500/446 416/501/447
f 367/428/374 420/500/446 366/427/373
f 368/430/376 483/502/448 482/431/377
f 418/503/449 417/504/450 367/428/374
f 414/505/451 419/497/443 421/499/445
f 421/499/445 366/427/373 420/500/446
f 417/504/450 416/501/447 420/500/446
f 568/506/452 422/448/394 376/446/392
f 425/451/397 378/507/453 423/452/398
f 381/508/454 429/455/401 431/457/403
f 382/509/455 426/510/456 431/457/403
f 437/461/407 384/511/457 383/512/458
f 438/465/411 384/511/457 436/464/410
f 434/467/413 432/513/459 385/514/460
f 626/470/416 387/515/461 576/468/414
f 383/512/458 428/516/462 439/462/408
f 428/516/462 430/459/405 574/460/406
f 439/462/408 437/461/407 383/512/458
f 628/475/421 443/517/463 390/518/464
f 445/519/465 444/476/422 446/520/466
f 443/517/463 442/521/467 441/522/468
f 390/518/464 443/517/463 441/522/468
f 447/477/423 446/520/466 444/476/422
f 448/523/469 447/477/423 391/479/425
f 448/523/469 391/479/425 449/524/470
f 400/487/433 557/425/371 419/497/443
f 365/488/434 451/525/471 364/485/431
f 411/526/472 452/527/473 365/488/434
f 411/526/472 454/528/474 453/529/475
f 364/485/431 450/530/476 363/489/435
f 412/496/442 461/531/477 454/528/474
f 406/532/478 459/533/479 460/534/480
f 403/493/439 458/535/481 457/536/482
f 403/493/439 456/537/483 402/483/429
f 404/538/484 460/534/480 458/535/481
f 405/494/440 455/539/485 459/533/479
f 415/540/486 465/541/487 464/542/488
f 414/505/451 462/543/489 413/498/444
f 415/540/486 463/544/490 414/505/451
f 413/498/444 461/531/477 400/487/433
f 423/452/398 476/545/491 481/546/492
f 377/547/493 481/546/492 475/548/494
f 370/436/382 469/549/495 468/550/496
f 378/507/453 477/551/497 476/545/491
f 371/435/381 470/552/498 469/549/495
f 372/438/384 471/553/499 470/552/498
f 373/440/386 472/554/500 471/553/499
f 374/442/388 473/555/501 472/554/500
f 417/504/450 465/541/487 416/501/447
f 376/446/392 480/556/502 474/557/503
f 375/444/390 474/557/503 473/555/501
f 417/504/450 479/558/504 478/559/505
f 369/434/380 466/560/506 368/430/376
f 422/448/394 475/548/494 480/556/502
f 483/502/448 466/560/506 479/558/504
f 370/436/382 467/561/507 369/434/380
f 482/431/377 418/503/449 367/428/374
f 383/512/458 492/562/508 428/516/462
f 484/563/509 378/507/453 425/451/397
f 484/563/509 424/564/510 379/565/511
f 426/510/456 491/566/512 490/567/513
f 380/454/400 486/568/514 485/569/515
f 379/565/511 489/570/516 477/551/497
f 382/509/455 492/562/508 487/571/517
f 427/572/518 487/571/517 491/566/512
f 381/508/454 490/567/513 486/568/514
f 424/564/510 485/569/515 489/570/516
f 434/467/413 495/573/519 502/574/520
f 435/469/415 495/573/519 386/466/412
f 445/519/465 506/575/521 442/521/467
f 388/471/417 504/576/522 440/472/418
f 441/522/468 506/575/521 505/577/523
f 389/474/420 497/578/524 388/471/417
f 440/472/418 496/579/525 387/515/461
f 390/518/464 498/580/526 389/474/420
f 432/513/459 494/581/527 385/514/460
f 433/582/528 500/583/529 432/513/459
f 383/512/458 493/584/530 488/585/531
f 433/582/528 502/574/520 501/586/532
f 385/514/460 493/584/530 384/511/457
f 441/522/468 499/587/533 390/518/464
f 387/515/461 503/588/534 435/469/415
f 392/480/426 510/589/535 509/590/536
f 446/520/466 513/591/537 512/592/538
f 448/523/469 513/591/537 447/477/423
f 392/480/426 508/593/539 391/479/425
f 446/520/466 511/594/540 445/519/465
f 449/524/470 508/593/539 515/595/541
f 449/524/470 514/596/542 448/523/469
f 445/519/465 511/594/540 507/597/543
f 581/598/544 551/412/358 550/414/360
f 582/599/545 552/415/361 551/412/358
f 579/600/546 553/417/363 552/415/361
f 585/601/547 554/419/365 553/417/363
f 583/602/548 555/421/367 554/419/365
f 580/603/549 556/423/369 555/421/367
f 603/604/550 605/605/551 522/606/552
f 558/426/372 523/607/553 559/608/554
f 669/609/555 524/610/556 560/429/375
f 524/610/556 561/432/378 560/429/375
f 525/611/557 562/433/379 561/432/378
f 562/433/379 527/612/558 563/437/383
f 563/437/383 528/613/559 564/439/385
f 564/439/385 529/614/560 565/441/387
f 565/441/387 530/615/561 566/443/389
f 566/443/389 531/616/562 567/445/391
f 567/445/391 532/617/563 568/506/452
f 606/618/564 569/447/393 607/449/395
f 608/619/565 610/620/566 570/450/396
f 610/620/566 571/453/399 570/450/396
f 614/621/567 571/453/399 536/622/568
f 572/456/402 616/623/569 573/458/404
f 573/458/404 615/624/570 574/460/406
f 574/460/406 622/625/571 575/463/409
f 575/463/409 622/625/571 621/626/572
f 575/463/409 621/626/572 623/627/573
f 623/627/573 619/628/574 542/629/575
f 576/468/414 620/630/576 543/631/577
f 626/470/416 544/632/578 577/473/419
f 577/473/419 544/632/578 545/633/579
f 545/633/579 628/475/421 577/473/419
f 634/634/580 628/475/421 631/635/581
f 578/478/424 634/634/580 547/636/582
f 578/478/424 547/636/582 548/637/583
f 548/637/583 394/481/427 578/478/424
f 591/638/584 586/639/585 587/640/586
f 580/603/549 520/641/587 521/642/588
f 582/599/545 518/643/589 579/600/546
f 584/644/590 580/603/549 521/642/588
f 579/600/546 594/645/591 519/646/592
f 583/602/548 519/646/592 520/641/587
f 581/598/544 517/647/593 582/599/545
f 593/648/594 587/640/586 588/649/595
f 594/645/591 589/650/596 519/646/592
f 517/647/593 593/648/594 518/643/589
f 516/651/597 591/638/584 517/647/593
f 594/645/591 518/643/589 593/648/594
f 521/642/588 596/652/598 584/644/590
f 584/644/590 597/653/599 603/604/550
f 600/654/600 604/655/601 605/605/551
f 523/607/553 604/655/601 601/656/602
f 524/610/556 669/609/555 670/657/603
f 602/658/604 523/607/553 601/656/602
f 603/604/550 598/659/605 605/605/551
f 605/605/551 604/655/601 522/606/552
f 601/656/602 604/655/601 600/654/600
f 568/506/452 606/618/564 607/449/395
f 610/620/566 608/619/565 534/660/606
f 614/621/567 537/661/607 616/623/569
f 616/623/569 611/662/608 538/663/609
f 622/625/571 540/664/610 621/626/572
f 540/664/610 623/627/573 621/626/572
f 617/665/611 618/666/612 619/628/574
f 543/631/577 626/470/416 576/468/414
f 539/667/613 624/668/614 613/669/615
f 615/624/570 538/663/609 613/669/615
f 624/668/614 539/667/613 622/625/571
f 628/475/421 546/670/616 630/671/617
f 631/635/581 632/672/618 633/673/619
f 630/671/617 629/674/620 631/635/581
f 546/670/616 627/675/621 630/671/617
f 634/634/580 631/635/581 633/673/619
f 635/676/622 547/636/582 634/634/580
f 635/676/622 636/677/623 547/636/582
f 557/425/371 584/644/590 603/604/550
f 638/678/624 521/642/588 520/641/587
f 639/679/625 595/680/626 521/642/588
f 595/680/626 641/681/627 596/652/598
f 637/682/628 520/641/587 519/646/592
f 596/652/598 648/683/629 584/644/590
f 590/684/630 646/685/631 589/650/596
f 587/640/586 645/686/632 588/649/595
f 643/687/633 587/640/586 586/639/585
f 588/649/595 647/688/634 590/684/630
f 589/650/596 642/689/635 519/646/592
f 599/690/636 652/691/637 600/654/600
f 649/692/638 598/659/605 597/653/599
f 650/693/639 599/690/636 598/659/605
f 648/683/629 597/653/599 584/644/590
f 608/619/565 663/694/640 534/660/606
f 533/695/641 668/696/642 608/619/565
f 526/697/643 656/698/644 527/612/558
f 534/660/606 664/699/645 535/700/646
f 527/612/558 657/701/647 528/613/559
f 528/613/559 658/702/648 529/614/560
f 529/614/560 659/703/649 530/615/561
f 530/615/561 660/704/650 531/616/562
f 652/691/637 601/656/602 600/654/600
f 532/617/563 667/705/651 606/618/564
f 531/616/562 661/706/652 532/617/563
f 601/656/602 666/707/653 602/658/604
f 653/708/654 525/611/557 524/610/556
f 606/618/564 662/709/655 533/695/641
f 653/708/654 524/610/556 670/657/603
f 654/710/656 526/697/643 525/611/557
f 669/609/555 602/658/604 670/657/603
f 679/711/657 539/667/613 613/669/615
f 534/660/606 671/712/658 610/620/566
f 671/712/658 609/713/659 536/622/568
f 611/662/608 678/714/660 612/715/661
f 536/622/568 673/716/662 537/661/607
f 535/700/646 676/717/663 609/713/659
f 538/663/609 679/711/657 613/669/615
f 612/715/661 674/718/664 538/663/609
f 537/661/607 677/719/665 611/662/608
f 609/713/659 672/720/666 536/622/568
f 619/628/574 682/721/667 542/629/575
f 682/721/667 620/630/576 542/629/575
f 693/722/668 632/672/618 629/674/620
f 691/723/669 544/632/578 625/724/670
f 627/675/621 693/722/668 629/674/620
f 684/725/671 545/633/579 544/632/578
f 683/726/672 625/724/670 543/631/577
f 685/727/673 546/670/616 545/633/579
f 681/728/674 617/665/611 541/729/675
f 687/730/676 618/666/612 617/665/611
f 539/667/613 680/731/677 540/664/610
f 618/666/612 689/732/678 619/628/574
f 680/731/677 541/729/675 540/664/610
f 686/733/679 627/675/621 546/670/616
f 543/631/577 690/734/680 683/726/672
f 548/637/583 697/735/681 549/736/682
f 633/673/619 700/737/683 634/634/580
f 700/737/683 635/676/622 634/634/580
f 695/738/684 548/637/583 547/636/582
f 698/739/685 633/673/619 632/672/618
f 636/677/623 695/738/684 547/636/582
f 701/740/686 636/677/623 635/676/622
f 632/672/618 694/741/687 698/739/685
f 551/412/358 398/416/362 397/413/359
f 552/415/361 395/418/364 398/416/362
f 553/417/363 401/420/366 395/418/364
f 554/419/365 399/422/368 401/420/366
f 555/421/367 396/424/370 399/422/368
f 556/423/369 400/487/433 396/424/370
f 366/427/373 421/499/445 419/497/443
f 419/497/443 557/425/371 366/427/373
f 558/426/372 559/608/554 367/428/374
f 367/428/374 559/608/554 482/431/377
f 559/608/554 560/429/375 482/431/377
f 561/432/378 369/434/380 368/430/376
f 562/433/379 370/436/382 369/434/380
f 562/433/379 563/437/383 371/435/381
f 563/437/383 564/439/385 372/438/384
f 564/439/385 565/441/387 373/440/386
f 565/441/387 566/443/389 374/442/388
f 566/443/389 567/445/391 375/444/390
f 567/445/391 568/506/452 376/446/392
f 569/447/393 377/547/493 422/448/394
f 377/547/493 569/447/393 423/452/398
f 569/447/393 570/450/396 423/452/398
f 571/453/399 484/563/509 425/451/397
f 484/563/509 571/453/399 380/454/400
f 571/453/399 572/456/402 429/455/401
f 572/456/402 573/458/404 431/457/403
f 573/458/404 574/460/406 430/459/405
f 574/460/406 575/463/409 437/461/407
f 438/465/411 575/463/409 386/466/412
f 575/463/409 576/468/414 386/466/412
f 576/468/414 387/515/461 435/469/415
f 626/470/416 577/473/419 388/471/417
f 628/475/421 390/518/464 389/474/420
f 443/517/463 628/475/421 444/476/422
f 628/475/421 578/478/424 447/477/423
f 394/481/427 393/742/688 392/480/426
f 407/482/428 403/493/439 402/483/429
f 396/424/370 365/488/434 364/485/431
f 362/486/432 361/491/437 398/416/362
f 395/418/364 401/420/366 363/489/435
f 410/490/436 362/486/432 395/418/364
f 399/422/368 364/485/431 363/489/435
f 361/491/437 360/495/441 397/413/359
f 409/492/438 404/538/484 403/493/439
f 405/494/440 406/532/478 410/490/436
f 409/492/438 407/482/428 361/491/437
f 407/482/428 408/484/430 360/495/441
f 410/490/436 406/532/478 409/492/438
f 406/532/478 404/538/484 409/492/438
f 412/496/442 411/526/472 365/488/434
f 416/501/447 415/540/486 421/499/445
f 415/540/486 414/505/451 421/499/445
f 367/428/374 417/504/450 420/500/446
f 414/505/451 413/498/444 419/497/443
f 568/506/452 607/449/395 422/448/394
f 381/508/454 380/454/400 429/455/401
f 431/457/403 430/459/405 382/509/455
f 382/509/455 427/572/518 426/510/456
f 426/510/456 381/508/454 431/457/403
f 437/461/407 436/464/410 384/511/457
f 438/465/411 385/514/460 384/511/457
f 385/514/460 438/465/411 434/467/413
f 434/467/413 433/582/528 432/513/459
f 626/470/416 440/472/418 387/515/461
f 574/460/406 439/462/408 428/516/462
f 428/516/462 382/509/455 430/459/405
f 445/519/465 442/521/467 444/476/422
f 443/517/463 444/476/422 442/521/467
f 400/487/433 556/423/369 557/425/371
f 365/488/434 452/527/473 451/525/471
f 411/526/472 453/529/475 452/527/473
f 411/526/472 412/496/442 454/528/474
f 364/485/431 451/525/471 450/530/476
f 412/496/442 400/487/433 461/531/477
f 406/532/478 405/494/440 459/533/479
f 403/493/439 404/538/484 458/535/481
f 403/493/439 457/536/482 456/537/483
f 404/538/484 406/532/478 460/534/480
f 405/494/440 363/489/435 455/539/485
f 415/540/486 416/501/447 465/541/487
f 414/505/451 463/544/490 462/543/489
f 415/540/486 464/542/488 463/544/490
f 413/498/444 462/543/489 461/531/477
f 423/452/398 378/507/453 476/545/491
f 377/547/493 423/452/398 481/546/492
f 370/436/382 371/435/381 469/549/495
f 378/507/453 379/565/511 477/551/497
f 371/435/381 372/438/384 470/552/498
f 372/438/384 373/440/386 471/553/499
f 373/440/386 374/442/388 472/554/500
f 374/442/388 375/444/390 473/555/501
f 417/504/450 478/559/505 465/541/487
f 376/446/392 422/448/394 480/556/502
f 375/444/390 376/446/392 474/557/503
f 417/504/450 418/503/449 479/558/504
f 369/434/380 467/561/507 466/560/506
f 422/448/394 377/547/493 475/548/494
f 479/558/504 418/503/449 483/502/448
f 483/502/448 368/430/376 466/560/506
f 370/436/382 468/550/496 467/561/507
f 482/431/377 483/502/448 418/503/449
f 383/512/458 488/585/531 492/562/508
f 484/563/509 379/565/511 378/507/453
f 484/563/509 380/454/400 424/564/510
f 426/510/456 427/572/518 491/566/512
f 380/454/400 381/508/454 486/568/514
f 379/565/511 424/564/510 489/570/516
f 382/509/455 428/516/462 492/562/508
f 427/572/518 382/509/455 487/571/517
f 381/508/454 426/510/456 490/567/513
f 424/564/510 380/454/400 485/569/515
f 434/467/413 386/466/412 495/573/519
f 435/469/415 503/588/534 495/573/519
f 445/519/465 507/597/543 506/575/521
f 388/471/417 497/578/524 504/576/522
f 441/522/468 442/521/467 506/575/521
f 389/474/420 498/580/526 497/578/524
f 440/472/418 504/576/522 496/579/525
f 390/518/464 499/587/533 498/580/526
f 432/513/459 500/583/529 494/581/527
f 433/582/528 501/586/532 500/583/529
f 383/512/458 384/511/457 493/584/530
f 433/582/528 434/467/413 502/574/520
f 385/514/460 494/581/527 493/584/530
f 441/522/468 505/577/523 499/587/533
f 387/515/461 496/579/525 503/588/534
f 392/480/426 393/742/688 510/589/535
f 446/520/466 447/477/423 513/591/537
f 448/523/469 514/596/542 513/591/537
f 392/480/426 509/590/536 508/593/539
f 446/520/466 512/592/538 511/594/540
f 449/524/470 391/479/425 508/593/539
f 449/524/470 515/595/541 514/596/542
f 581/598/544 582/599/545 551/412/358
f 582/599/545 579/600/546 552/415/361
f 579/600/546 585/601/547 553/417/363
f 585/601/547 583/602/548 554/419/365
f 583/602/548 580/603/549 555/421/367
f 580/603/549 584/644/590 556/423/369
f 522/606/552 558/426/372 557/425/371
f 557/425/371 603/604/550 522/606/552
f 558/426/372 522/606/552 523/607/553
f 560/429/375 559/608/554 669/609/555
f 559/608/554 523/607/553 669/609/555
f 524/610/556 525/611/557 561/432/378
f 525/611/557 526/697/643 562/433/379
f 562/433/379 526/697/643 527/612/558
f 563/437/383 527/612/558 528/613/559
f 564/439/385 528/613/559 529/614/560
f 565/441/387 529/614/560 530/615/561
f 566/443/389 530/615/561 531/616/562
f 567/445/391 531/616/562 532/617/563
f 606/618/564 533/695/641 569/447/393
f 570/450/396 569/447/393 608/619/565
f 569/447/393 533/695/641 608/619/565
f 610/620/566 671/712/658 571/453/399
f 572/456/402 571/453/399 614/621/567
f 571/453/399 671/712/658 536/622/568
f 572/456/402 614/621/567 616/623/569
f 573/458/404 616/623/569 615/624/570
f 574/460/406 624/668/614 622/625/571
f 576/468/414 575/463/409 542/629/575
f 575/463/409 623/627/573 542/629/575
f 576/468/414 542/629/575 620/630/576
f 626/470/416 625/724/670 544/632/578
f 545/633/579 546/670/616 628/475/421
f 578/478/424 628/475/421 634/634/580
f 628/475/421 630/671/617 631/635/581
f 548/637/583 549/736/682 394/481/427
f 591/638/584 592/743/689 586/639/585
f 580/603/549 583/602/548 520/641/587
f 582/599/545 517/647/593 518/643/589
f 519/646/592 585/601/547 579/600/546
f 579/600/546 518/643/589 594/645/591
f 583/602/548 585/601/547 519/646/592
f 581/598/544 516/651/597 517/647/593
f 593/648/594 591/638/584 587/640/586
f 594/645/591 590/684/630 589/650/596
f 517/647/593 591/638/584 593/648/594
f 516/651/597 592/743/689 591/638/584
f 588/649/595 590/684/630 593/648/594
f 590/684/630 594/645/591 593/648/594
f 521/642/588 595/680/626 596/652/598
f 598/659/605 599/690/636 605/605/551
f 599/690/636 600/654/600 605/605/551
f 523/607/553 522/606/552 604/655/601
f 603/604/550 597/653/599 598/659/605
f 568/506/452 532/617/563 606/618/564
f 614/621/567 536/622/568 537/661/607
f 538/663/609 615/624/570 616/623/569
f 616/623/569 537/661/607 611/662/608
f 611/662/608 612/715/661 538/663/609
f 622/625/571 539/667/613 540/664/610
f 540/664/610 541/729/675 623/627/573
f 619/628/574 623/627/573 541/729/675
f 541/729/675 617/665/611 619/628/574
f 543/631/577 625/724/670 626/470/416
f 613/669/615 624/668/614 574/460/406
f 574/460/406 615/624/570 613/669/615
f 631/635/581 629/674/620 632/672/618
f 630/671/617 627/675/621 629/674/620
f 557/425/371 556/423/369 584/644/590
f 638/678/624 639/679/625 521/642/588
f 639/679/625 640/744/690 595/680/626
f 595/680/626 640/744/690 641/681/627
f 637/682/628 638/678/624 520/641/587
f 596/652/598 641/681/627 648/683/629
f 590/684/630 647/688/634 646/685/631
f 587/640/586 644/745/691 645/686/632
f 643/687/633 644/745/691 587/640/586
f 588/649/595 645/686/632 647/688/634
f 589/650/596 646/685/631 642/689/635
f 599/690/636 651/746/692 652/691/637
f 649/692/638 650/693/639 598/659/605
f 650/693/639 651/746/692 599/690/636
f 648/683/629 649/692/638 597/653/599
f 608/619/565 668/696/642 663/694/640
f 533/695/641 662/709/655 668/696/642
f 526/697/643 655/747/693 656/698/644
f 534/660/606 663/694/640 664/699/645
f 527/612/558 656/698/644 657/701/647
f 528/613/559 657/701/647 658/702/648
f 529/614/560 658/702/648 659/703/649
f 530/615/561 659/703/649 660/704/650
f 652/691/637 665/748/694 601/656/602
f 532/617/563 661/706/652 667/705/651
f 531/616/562 660/704/650 661/706/652
f 601/656/602 665/748/694 666/707/653
f 653/708/654 654/710/656 525/611/557
f 606/618/564 667/705/651 662/709/655
f 670/657/603 602/658/604 666/707/653
f 666/707/653 653/708/654 670/657/603
f 654/710/656 655/747/693 526/697/643
f 669/609/555 523/607/553 602/658/604
f 679/711/657 675/749/695 539/667/613
f 534/660/606 535/700/646 671/712/658
f 671/712/658 535/700/646 609/713/659
f 611/662/608 677/719/665 678/714/660
f 536/622/568 672/720/666 673/716/662
f 535/700/646 664/699/645 676/717/663
f 538/663/609 674/718/664 679/711/657
f 612/715/661 678/714/660 674/718/664
f 537/661/607 673/716/662 677/719/665
f 609/713/659 676/717/663 672/720/666
f 619/628/574 689/732/678 682/721/667
f 682/721/667 690/734/680 620/630/576
f 693/722/668 694/741/687 632/672/618
f 691/723/669 684/725/671 544/632/578
f 627/675/621 692/750/696 693/722/668
f 684/725/671 685/727/673 545/633/579
f 683/726/672 691/723/669 625/724/670
f 685/727/673 686/733/679 546/670/616
f 681/728/674 687/730/676 617/665/611
f 687/730/676 688/751/697 618/666/612
f 539/667/613 675/749/695 680/731/677
f 618/666/612 688/751/697 689/732/678
f 680/731/677 681/728/674 541/729/675
f 686/733/679 692/750/696 627/675/621
f 543/631/577 620/630/576 690/734/680
f 548/637/583 696/752/698 697/735/681
f 633/673/619 699/753/699 700/737/683
f 700/737/683 701/740/686 635/676/622
f 695/738/684 696/752/698 548/637/583
f 698/739/685 699/753/699 633/673/619
f 636/677/623 702/754/700 695/738/684
f 701/740/686 702/754/700 636/677/623
f 760/755/701 704/756/702 703/757/703
f 760/755/701 732/758/704 794/759/705
f 746/760/706 745/761/707 744/762/708
f 706/763/709 750/764/710 705/765/711
f 705/765/711 749/766/712 704/756/702
f 749/766/712 703/757/703 704/756/702
f 731/767/713 736/768/714 791/769/715
f 791/769/715 730/770/716 790/771/717
f 734/772/718 733/773/719 728/774/720
f 728/774/720 733/773/719 727/775/721
f 727/775/721 739/776/722 726/777/723
f 740/778/724 733/773/719 741/779/725
f 730/770/716 735/780/726 729/781/727
f 747/782/728 703/757/703 748/783/729
f 747/782/728 731/767/713 732/758/704
f 738/784/730 731/767/713 743/785/731
f 742/786/732 739/776/722 743/785/731
f 744/762/708 753/787/733 742/786/732
f 724/788/734 755/789/735 721/790/736
f 755/789/735 724/788/734 742/786/732
f 726/777/723 742/786/732 725/791/737
f 751/792/738 753/787/733 752/793/739
f 708/794/740 751/792/738 706/763/709
f 709/795/741 754/796/742 708/794/740
f 710/797/743 719/798/744 756/799/745
f 711/800/746 757/801/747 719/798/744
f 777/802/748 712/803/749 713/804/750
f 716/805/751 777/802/748 713/804/750
f 776/806/752 717/807/753 718/808/754
f 759/809/755 760/755/701 758/810/756
f 760/755/701 793/811/757 758/810/756
f 806/812/758 807/813/759 808/814/760
f 763/815/761 812/816/762 813/817/763
f 811/818/764 762/819/765 759/809/755
f 758/810/756 811/818/764 759/809/755
f 792/820/766 798/821/767 799/822/768
f 789/823/769 791/769/715 790/771/717
f 787/824/770 795/825/771 796/826/772
f 787/824/770 786/827/773 795/825/771
f 786/827/773 801/828/774 802/829/775
f 802/829/775 795/825/771 786/827/773
f 789/823/769 797/830/776 798/821/767
f 809/831/777 758/810/756 793/811/757
f 792/820/766 809/831/777 793/811/757
f 800/832/778 792/820/766 799/822/768
f 804/833/779 805/834/780 800/832/778
f 806/812/758 815/835/781 807/813/759
f 782/836/782 781/837/783 779/838/784
f 804/833/779 784/839/785 817/840/786
f 785/841/787 784/839/785 804/833/779
f 815/835/781 813/817/763 814/842/788
f 813/817/763 816/843/789 765/844/790
f 816/843/789 766/845/791 765/844/790
f 818/846/792 768/847/793 767/848/794
f 768/847/793 819/849/795 769/850/796
f 777/802/748 769/850/796 819/849/795
f 773/851/797 772/852/798 770/853/799
f 774/854/800 776/806/752 775/855/801
f 757/856/747 835/857/802 719/858/744
f 789/859/769 902/860/803 788/861/804
f 755/862/735 836/863/805 720/864/806
f 789/859/769 904/865/807 903/866/808
f 818/867/792 892/868/809 778/869/810
f 721/870/736 836/863/805 837/871/811
f 791/872/715 906/873/812 905/874/813
f 722/875/814 837/871/811 838/876/815
f 793/877/757 906/873/812 792/878/766
f 722/875/814 839/879/816 723/880/817
f 794/881/705 907/882/818 793/877/757
f 777/883/748 933/884/819 891/885/820
f 724/886/734 839/879/816 840/887/821
f 796/888/772 909/889/822 910/890/823
f 725/891/737 840/892/821 841/893/824
f 797/894/776 910/890/823 911/895/825
f 726/896/723 841/893/824 842/897/826
f 798/898/767 911/895/825 912/899/827
f 754/900/742 872/901/828 870/902/829
f 727/903/721 842/897/826 843/904/830
f 799/905/768 912/899/827 913/906/831
f 754/900/742 871/907/832 755/862/735
f 727/903/721 844/908/833 728/909/720
f 799/910/768 914/911/834 800/912/778
f 729/913/727 844/908/833 845/914/835
f 800/912/778 915/915/836 801/916/774
f 730/917/716 845/914/835 846/918/837
f 802/919/775 915/915/836 916/920/838
f 730/917/716 904/865/807 790/921/717
f 803/922/839 916/920/838 917/923/840
f 791/872/715 847/924/841 731/925/713
f 805/926/780 918/927/842 919/928/843
f 732/929/704 847/924/841 848/930/844
f 795/931/771 917/923/840 909/889/822
f 756/932/745 835/857/802 872/901/828
f 794/933/705 848/930/844 908/934/845
f 805/926/780 920/935/846 806/936/758
f 734/937/718 849/938/847 733/939/719
f 807/940/759 922/941/848 808/942/760
f 735/943/726 850/944/849 734/937/718
f 806/945/758 918/927/842 804/946/779
f 777/947/748 873/948/850 757/856/747
f 736/949/714 851/950/851 735/943/726
f 809/951/777 922/941/848 923/952/852
f 737/953/853 852/954/854 736/949/714
f 810/955/855 923/952/852 924/956/856
f 737/957/853 854/958/857 853/959/858
f 810/955/855 925/960/859 811/961/764
f 738/962/730 855/963/860 854/958/857
f 811/961/764 926/964/861 812/965/762
f 740/966/724 855/963/860 739/967/722
f 812/968/762 927/969/862 813/970/763
f 741/971/725 856/972/863 740/966/724
f 814/973/788 927/969/862 928/974/864
f 759/975/755 875/976/865 761/977/866
f 743/978/731 858/979/867 742/980/732
f 814/973/788 929/981/868 815/982/781
f 733/939/719 857/983/869 741/971/725
f 759/975/755 876/984/870 874/985/871
f 743/978/731 860/986/872 859/987/873
f 807/940/759 929/981/868 921/988/874
f 762/989/765 877/990/875 876/984/870
f 745/991/707 862/992/876 861/993/877
f 763/994/761 878/995/878 877/990/875
f 744/996/708 858/979/867 860/997/872
f 765/998/790 878/995/878 764/999/879
f 747/1000/728 862/992/876 746/1001/706
f 765/998/790 880/1002/880 879/1003/881
f 748/1004/729 863/1005/882 747/1000/728
f 767/1006/794 880/1002/880 766/1007/791
f 748/1004/729 865/1008/883 864/1009/884
f 768/1010/793 881/1011/885 767/1006/794
f 749/1012/712 866/1013/886 865/1008/883
f 769/1014/796 882/1015/887 768/1010/793
f 750/1016/710 867/1017/888 866/1018/886
f 704/1019/702 875/976/865 820/1020/889
f 769/1014/796 884/1021/890 883/1022/891
f 752/1023/739 867/1017/888 751/1024/738
f 771/1025/892 884/1021/890 770/1026/799
f 752/1023/739 869/1027/893 868/1028/894
f 772/1029/798 885/1030/895 771/1025/892
f 704/1019/702 821/1031/896 705/1032/711
f 773/1033/797 886/1034/897 772/1029/798
f 745/991/707 869/1027/893 753/1035/733
f 705/1032/711 822/1036/898 706/1037/709
f 773/1033/797 888/1038/899 887/1039/900
f 706/1037/709 823/1040/901 707/1041/902
f 775/1042/801 888/1038/899 774/1043/800
f 708/1044/740 823/1040/901 824/1045/903
f 775/1042/801 890/1046/904 889/1047/905
f 708/1044/740 825/1048/906 709/1049/741
f 819/1050/795 892/868/809 933/884/819
f 710/1051/743 825/1048/906 826/1052/907
f 779/1053/784 931/1054/908 817/1055/786
f 711/1056/746 826/1052/907 827/1057/909
f 780/1058/910 893/1059/911 779/1053/784
f 712/1060/749 827/1057/909 828/1061/912
f 781/1062/783 894/1063/913 780/1058/910
f 712/1060/749 829/1064/914 713/1065/750
f 781/1062/783 896/1066/915 895/1067/916
f 714/1068/917 829/1064/914 830/1069/918
f 783/1070/919 896/1066/915 782/1071/782
f 816/1072/789 932/1073/920 818/867/792
f 715/1074/921 830/1069/918 831/1075/922
f 783/1070/919 898/1076/923 897/1077/924
f 816/1072/789 931/1054/908 930/1078/925
f 716/1079/751 831/1075/922 832/1080/926
f 785/1081/787 898/1082/923 784/1083/785
f 716/1079/751 833/1084/927 717/1085/753
f 785/1081/787 900/1086/928 899/1087/929
f 718/1088/754 833/1084/927 834/1089/930
f 787/1090/770 900/1086/928 786/1091/773
f 718/1088/754 890/1092/904 776/1093/752
f 787/1090/770 902/860/803 901/1094/931
f 760/755/701 761/1095/866 704/756/702
f 760/755/701 703/757/703 732/758/704
f 744/762/708 743/785/731 746/760/706
f 743/785/731 747/782/728 746/760/706
f 706/763/709 751/792/738 750/764/710
f 705/765/711 750/764/710 749/766/712
f 749/766/712 748/783/729 703/757/703
f 731/767/713 737/1096/853 736/768/714
f 791/769/715 736/768/714 730/770/716
f 728/774/720 729/781/727 734/772/718
f 729/781/727 735/780/726 734/772/718
f 727/775/721 740/778/724 739/776/722
f 740/778/724 727/775/721 733/773/719
f 730/770/716 736/768/714 735/780/726
f 747/782/728 732/758/704 703/757/703
f 747/782/728 743/785/731 731/767/713
f 738/784/730 737/1096/853 731/767/713
f 726/777/723 739/776/722 742/786/732
f 739/776/722 738/784/730 743/785/731
f 744/762/708 745/761/707 753/787/733
f 755/789/735 720/1097/806 721/790/736
f 721/790/736 722/1098/814 724/788/734
f 722/1098/814 723/1099/817 724/788/734
f 724/788/734 725/791/737 742/786/732
f 742/786/732 753/787/733 755/789/735
f 753/787/733 754/796/742 755/789/735
f 751/792/738 754/796/742 753/787/733
f 706/763/709 707/1100/902 708/794/740
f 708/794/740 754/796/742 751/792/738
f 709/795/741 756/799/745 754/796/742
f 756/799/745 709/795/741 710/797/743
f 710/797/743 711/800/746 719/798/744
f 711/800/746 712/803/749 757/801/747
f 777/802/748 757/801/747 712/803/749
f 713/804/750 714/1101/917 715/1102/921
f 716/805/751 717/807/753 777/802/748
f 713/804/750 715/1102/921 716/805/751
f 776/806/752 777/802/748 717/807/753
f 759/809/755 761/1095/866 760/755/701
f 760/755/701 794/759/705 793/811/757
f 809/831/777 805/834/780 808/814/760
f 805/834/780 806/812/758 808/814/760
f 763/815/761 762/819/765 812/816/762
f 811/818/764 812/816/762 762/819/765
f 758/810/756 810/1103/855 811/818/764
f 792/820/766 791/769/715 798/821/767
f 789/823/769 798/821/767 791/769/715
f 797/830/776 788/1104/804 796/826/772
f 788/1104/804 787/824/770 796/826/772
f 786/827/773 785/841/787 801/828/774
f 802/829/775 803/1105/839 795/825/771
f 789/823/769 788/1104/804 797/830/776
f 809/831/777 810/1103/855 758/810/756
f 792/820/766 805/834/780 809/831/777
f 800/832/778 805/834/780 792/820/766
f 800/832/778 801/828/774 785/841/787
f 785/841/787 804/833/779 800/832/778
f 806/812/758 804/833/779 815/835/781
f 780/1106/910 779/838/784 781/837/783
f 779/838/784 817/840/786 782/836/782
f 817/840/786 783/1107/919 782/836/782
f 784/839/785 783/1107/919 817/840/786
f 817/840/786 816/843/789 815/835/781
f 815/835/781 804/833/779 817/840/786
f 815/835/781 816/843/789 813/817/763
f 765/844/790 764/1108/879 763/815/761
f 763/815/761 813/817/763 765/844/790
f 816/843/789 818/846/792 766/845/791
f 767/848/794 766/845/791 818/846/792
f 818/846/792 778/1109/810 768/847/793
f 768/847/793 778/1109/810 819/849/795
f 777/802/748 770/853/799 769/850/796
f 772/852/798 771/1110/892 770/853/799
f 770/853/799 777/802/748 773/851/797
f 777/802/748 774/854/800 773/851/797
f 774/854/800 777/802/748 776/806/752
f 757/856/747 873/948/850 835/857/802
f 789/859/769 903/866/808 902/860/803
f 755/862/735 871/907/832 836/863/805
f 789/859/769 790/921/717 904/865/807
f 818/867/792 932/1073/920 892/868/809
f 721/870/736 720/864/806 836/863/805
f 791/872/715 792/878/766 906/873/812
f 722/875/814 721/870/736 837/871/811
f 793/877/757 907/882/818 906/873/812
f 722/875/814 838/876/815 839/879/816
f 794/881/705 908/1111/845 907/882/818
f 777/883/748 819/1050/795 933/884/819
f 724/886/734 723/880/817 839/879/816
f 796/888/772 795/931/771 909/889/822
f 725/891/737 724/1112/734 840/892/821
f 797/894/776 796/888/772 910/890/823
f 726/896/723 725/891/737 841/893/824
f 798/898/767 797/894/776 911/895/825
f 754/900/742 756/932/745 872/901/828
f 727/903/721 726/896/723 842/897/826
f 799/905/768 798/898/767 912/899/827
f 754/900/742 870/902/829 871/907/832
f 727/903/721 843/904/830 844/908/833
f 799/910/768 913/1113/831 914/911/834
f 729/913/727 728/909/720 844/908/833
f 800/912/778 914/911/834 915/915/836
f 730/917/716 729/913/727 845/914/835
f 802/919/775 801/916/774 915/915/836
f 730/917/716 846/918/837 904/865/807
f 803/922/839 802/919/775 916/920/838
f 791/872/715 905/874/813 847/924/841
f 805/926/780 804/946/779 918/927/842
f 732/929/704 731/925/713 847/924/841
f 795/931/771 803/922/839 917/923/840
f 756/932/745 719/858/744 835/857/802
f 794/933/705 732/929/704 848/930/844
f 805/926/780 919/928/843 920/935/846
f 734/937/718 850/944/849 849/938/847
f 807/940/759 921/988/874 922/941/848
f 735/943/726 851/950/851 850/944/849
f 806/945/758 920/1114/846 918/927/842
f 777/947/748 891/1115/820 873/948/850
f 736/949/714 852/954/854 851/950/851
f 809/951/777 808/942/760 922/941/848
f 737/953/853 853/1116/858 852/954/854
f 810/955/855 809/951/777 923/952/852
f 737/957/853 738/962/730 854/958/857
f 810/955/855 924/956/856 925/960/859
f 738/962/730 739/967/722 855/963/860
f 811/961/764 925/960/859 926/964/861
f 740/966/724 856/972/863 855/963/860
f 812/968/762 926/1117/861 927/969/862
f 741/971/725 857/983/869 856/972/863
f 814/973/788 813/970/763 927/969/862
f 759/975/755 874/985/871 875/976/865
f 743/978/731 859/987/873 858/979/867
f 814/973/788 928/974/864 929/981/868
f 733/939/719 849/938/847 857/983/869
f 759/975/755 762/989/765 876/984/870
f 743/978/731 744/1118/708 860/986/872
f 807/940/759 815/982/781 929/981/868
f 762/989/765 763/994/761 877/990/875
f 745/991/707 746/1001/706 862/992/876
f 763/994/761 764/999/879 878/995/878
f 744/996/708 742/980/732 858/979/867
f 765/998/790 879/1003/881 878/995/878
f 747/1000/728 863/1005/882 862/992/876
f 765/998/790 766/1007/791 880/1002/880
f 748/1004/729 864/1009/884 863/1005/882
f 767/1006/794 881/1011/885 880/1002/880
f 748/1004/729 749/1012/712 865/1008/883
f 768/1010/793 882/1015/887 881/1011/885
f 749/1012/712 750/1119/710 866/1013/886
f 769/1014/796 883/1022/891 882/1015/887
f 750/1016/710 751/1024/738 867/1017/888
f 704/1019/702 761/977/866 875/976/865
f 769/1014/796 770/1026/799 884/1021/890
f 752/1023/739 868/1028/894 867/1017/888
f 771/1025/892 885/1030/895 884/1021/890
f 752/1023/739 753/1035/733 869/1027/893
f 772/1029/798 886/1034/897 885/1030/895
f 704/1019/702 820/1020/889 821/1031/896
f 773/1033/797 887/1039/900 886/1034/897
f 745/991/707 861/993/877 869/1027/893
f 705/1032/711 821/1031/896 822/1036/898
f 773/1033/797 774/1043/800 888/1038/899
f 706/1037/709 822/1036/898 823/1040/901
f 775/1042/801 889/1047/905 888/1038/899
f 708/1044/740 707/1041/902 823/1040/901
f 775/1042/801 776/1120/752 890/1046/904
f 708/1044/740 824/1045/903 825/1048/906
f 819/1050/795 778/869/810 892/868/809
f 710/1051/743 709/1049/741 825/1048/906
f 779/1053/784 893/1059/911 931/1054/908
f 711/1056/746 710/1051/743 826/1052/907
f 780/1058/910 894/1063/913 893/1059/911
f 712/1060/749 711/1056/746 827/1057/909
f 781/1062/783 895/1067/916 894/1063/913
f 712/1060/749 828/1061/912 829/1064/914
f 781/1062/783 782/1071/782 896/1066/915
f 714/1068/917 713/1065/750 829/1064/914
f 783/1070/919 897/1077/924 896/1066/915
f 816/1072/789 930/1078/925 932/1073/920
f 715/1074/921 714/1068/917 830/1069/918
f 783/1070/919 784/1121/785 898/1076/923
f 816/1072/789 817/1055/786 931/1054/908
f 716/1079/751 715/1074/921 831/1075/922
f 785/1081/787 899/1087/929 898/1082/923
f 716/1079/751 832/1080/926 833/1084/927
f 785/1081/787 786/1091/773 900/1086/928
f 718/1088/754 717/1085/753 833/1084/927
f 787/1090/770 901/1094/931 900/1086/928
f 718/1088/754 834/1089/930 890/1092/904
f 787/1090/770 788/861/804 902/860/803
f 1362/1122/932 983/1123/933 984/1124/934
f 985/1125/935 934/1126/936 984/1124/934
f 941/1127/937 939/1128/938 985/1125/935
f 936/1129/939 1362/1122/932 935/1130/940
f 988/1131/941 989/1132/942 990/1133/943
f 987/1134/944 982/1135/945 986/1136/946
f 986/1136/946 983/1123/933 981/1137/947
f 983/1123/933 936/1129/939 981/1137/947
f 942/1138/948 991/1139/949 992/1140/950
f 951/1141/951 949/1142/952 952/1143/953
f 953/1144/954 948/1145/955 947/1146/956
f 954/1147/957 947/1146/956 946/1148/958
f 1140/1149/959 946/1148/958 1139/1150/960
f 946/1148/958 1138/1151/961 1139/1150/960
f 943/1152/962 945/1153/963 944/1154/964
f 942/1138/948 1138/1151/961 943/1152/962
f 1137/1155/965 992/1140/950 937/1156/966
f 993/1157/967 1083/1158/968 992/1140/950
f 994/1159/969 1082/1160/970 993/1157/967
f 995/1161/971 1081/1162/972 994/1159/969
f 937/1156/966 1083/1158/968 1084/1163/973
f 954/1164/974 1084/1163/973 1085/1165/975
f 955/1166/976 1085/1165/975 1086/1167/977
f 999/1168/978 1001/1169/979 1002/1170/980
f 998/1171/981 1002/1170/980 981/1137/947
f 938/1172/982 981/1137/947 936/1129/939
f 1006/1173/983 1439/1174/984 1011/1175/985
f 1007/1176/986 1006/1173/983 1011/1175/985
f 998/1171/981 1005/1177/987 1003/1178/988
f 1005/1177/987 1007/1176/986 1008/1179/989
f 1004/1180/990 1008/1179/989 1009/1181/991
f 1009/1181/991 1014/1182/992 1015/1183/993
f 1014/1182/992 1437/1184/994 1013/1185/995
f 1012/1186/996 1437/1184/994 1358/1187/997
f 1015/1183/993 1004/1180/990 1009/1181/991
f 1018/1188/998 1016/1189/999 1017/1190/1000
f 996/1191/1001 1003/1178/988 1018/1188/998
f 1018/1188/998 1019/1192/1002 1020/1193/1003
f 1135/1194/1004 995/1161/971 1134/1195/1005
f 995/1161/971 1020/1193/1003 1134/1195/1005
f 1022/1196/1006 1133/1197/1007 1134/1195/1005
f 1135/1194/1004 1078/1198/1008 1080/1199/1009
f 1078/1198/1008 1100/1200/1010 1077/1201/1011
f 1100/1200/1010 1136/1202/1012 1099/1203/1013
f 1033/1204/1014 1136/1202/1012 1133/1197/1007
f 1023/1205/1015 1033/1204/1014 1133/1197/1007
f 1024/1206/1016 1032/1207/1017 1033/1204/1014
f 1027/1208/1018 1041/1209/1019 1032/1207/1017
f 1071/1210/1020 1097/1211/1021 1098/1212/1022
f 1099/1203/1013 1071/1210/1020 1098/1212/1022
f 1069/1213/1023 1099/1203/1013 1136/1202/1012
f 1069/1213/1023 1034/1214/1024 1068/1215/1025
f 1068/1215/1025 1035/1216/1026 1067/1217/1027
f 1067/1217/1027 1036/1218/1028 1066/1219/1029
f 1037/1220/1030 1065/1221/1031 1042/1222/1032
f 1037/1220/1030 1066/1219/1029 1036/1218/1028
f 1043/1223/1033 1075/1224/1034 1076/1225/1035
f 1096/1226/1036 1072/1227/1037 1073/1228/1038
f 1074/1229/1039 1096/1226/1036 1073/1228/1038
f 1075/1224/1034 1095/1230/1040 1074/1229/1039
f 1094/1231/1041 1043/1223/1033 1120/1232/1042
f 1093/1233/1043 1119/1234/1044 1118/1235/1045
f 1116/1236/1046 1118/1235/1045 1117/1237/1047
f 1091/1238/1048 1093/1233/1043 1115/1239/1049
f 1121/1240/1050 1109/1241/1051 1108/1242/1052
f 1110/1243/1053 1132/1244/1054 1131/1245/1055
f 1131/1245/1055 1113/1246/1056 1112/1247/1057
f 1131/1245/1055 1114/1248/1058 1113/1246/1056
f 1130/1249/1059 1115/1239/1049 1114/1248/1058
f 1130/1249/1059 1127/1250/1060 1126/1251/1061
f 1127/1250/1060 1129/1252/1062 1128/1253/1063
f 1090/1254/1064 1088/1255/1065 1089/1256/1066
f 1125/1257/1067 955/1166/976 1087/1258/1068
f 1124/1259/1069 1123/1260/1070 957/1261/1071
f 957/1261/1071 960/1262/1072 959/1263/1073
f 961/1264/1074 960/1262/1072 1123/1260/1070
f 964/1265/1075 963/1266/1076 961/1264/1074
f 965/1267/1077 1122/1268/1078 1121/1240/1050
f 1121/1240/1050 967/1269/1079 966/1270/1080
f 1107/1271/1081 1106/1272/1082 968/1273/1083
f 971/1274/1084 973/1275/1085 972/1276/1086
f 974/1277/1087 977/1278/1088 976/1279/1089
f 969/1280/1090 971/1274/1084 970/1281/1091
f 1120/1232/1042 1043/1223/1033 1044/1282/1092
f 1046/1283/1093 1047/1284/1094 1103/1285/1095
f 1049/1286/1096 1103/1285/1095 1048/1287/1097
f 1061/1288/1098 1143/1289/1099 1059/1290/1100
f 1065/1221/1031 1038/1291/1101 1141/1292/1102
f 1142/1293/1103 1141/1292/1102 1038/1291/1101
f 1027/1208/1018 1028/1294/1104 1142/1293/1103
f 1030/1295/1105 1031/1296/1106 1358/1187/997
f 1165/1297/1107 952/1298/953 953/1299/954
f 1269/1300/1108 1057/1301/1109 1056/1302/1110
f 1166/1303/1111 953/1299/954 954/1304/957
f 1270/1305/1112 1058/1306/1113 1057/1301/1109
f 955/1307/976 1166/1308/1114 954/1309/974
f 1058/1306/1113 1272/1310/1115 1059/1311/1100
f 956/1312/1116 1167/1313/1117 955/1307/976
f 1272/1310/1115 1060/1314/1118 1059/1311/1100
f 957/1315/1071 1168/1316/1119 956/1312/1116
f 1060/1314/1118 1274/1317/1120 1061/1318/1098
f 1170/1319/1121 957/1315/1071 958/1320/1122
f 1353/1321/1123 954/1322/957 1140/1323/959
f 1061/1324/1098 1275/1325/1124 1062/1326/1125
f 959/1327/1073 1170/1319/1121 958/1320/1122
f 954/1328/974 1149/1329/1126 937/1330/966
f 1062/1326/1125 1276/1331/1127 1063/1332/1128
f 960/1333/1072 1171/1334/1129 959/1327/1073
f 1276/1331/1127 1064/1335/1130 1063/1332/1128
f 961/1336/1074 1172/1337/1131 960/1333/1072
f 1277/1338/1132 1065/1339/1031 1064/1335/1130
f 1174/1340/1133 961/1336/1074 962/1341/1134
f 1066/1342/1029 1280/1343/1135 1067/1344/1027
f 963/1345/1076 1174/1340/1133 962/1341/1134
f 1278/1346/1136 1042/1347/1032 1065/1339/1031
f 964/1348/1075 1175/1349/1137 963/1345/1076
f 1067/1350/1027 1281/1351/1138 1068/1352/1025
f 965/1353/1077 1176/1354/1139 964/1348/1075
f 1068/1352/1025 1282/1355/1140 1069/1356/1023
f 1178/1357/1141 965/1353/1077 966/1358/1080
f 1069/1356/1023 1283/1359/1142 1070/1360/1143
f 1179/1361/1144 966/1358/1080 967/1362/1079
f 1283/1359/1142 1071/1363/1020 1070/1360/1143
f 1180/1364/1145 967/1362/1079 968/1365/1083
f 1284/1366/1146 1072/1367/1037 1071/1363/1020
f 1181/1368/1147 968/1365/1083 969/1369/1090
f 1285/1370/1148 1073/1371/1038 1072/1367/1037
f 1182/1372/1149 969/1369/1090 970/1373/1091
f 1286/1374/1150 1074/1375/1039 1073/1371/1038
f 1183/1376/1151 970/1373/1091 971/1377/1084
f 1287/1378/1152 1075/1379/1034 1074/1375/1039
f 972/1380/1086 1183/1376/1151 971/1377/1084
f 1075/1379/1034 1289/1381/1153 1076/1382/1035
f 973/1383/1085 1184/1384/1154 972/1380/1086
f 1290/1385/1155 1078/1386/1008 1077/1387/1011
f 1186/1388/1156 973/1383/1085 974/1389/1087
f 1010/1390/1157 1223/1391/1158 1437/1392/994
f 1076/1382/1035 1279/1393/1159 1066/1342/1029
f 1187/1394/1160 974/1389/1087 975/1395/1161
f 1078/1386/1008 1292/1396/1162 1079/1397/1163
f 1188/1398/1164 975/1395/1161 976/1399/1089
f 1079/1397/1163 1293/1400/1165 1080/1401/1009
f 977/1402/1088 1188/1403/1164 976/1404/1089
f 1080/1401/1009 1294/1405/1166 1081/1406/972
f 978/1407/1167 1189/1408/1168 977/1402/1088
f 1081/1406/972 1295/1409/1169 1082/1410/970
f 1191/1411/1170 978/1407/1167 979/1412/1171
f 1082/1410/970 1296/1413/1172 1083/1414/968
f 1192/1415/1173 979/1412/1171 980/1416/1174
f 1296/1413/1172 1084/1417/973 1083/1414/968
f 1193/1418/1175 986/1419/946 981/1420/947
f 1297/1421/1176 1085/1422/975 1084/1417/973
f 1145/1423/1177 1142/1424/1103 1358/1425/997
f 1298/1426/1178 1086/1427/977 1085/1422/975
f 1194/1428/1179 983/1429/933 982/1430/945
f 1299/1431/1180 1087/1432/1068 1086/1427/977
f 1195/1433/1181 984/1434/934 983/1429/933
f 1300/1435/1182 1088/1436/1065 1087/1432/1068
f 984/1434/934 1197/1437/1183 985/1438/935
f 1301/1439/1184 1089/1440/1066 1088/1436/1065
f 1197/1437/1183 982/1441/945 985/1438/935
f 1089/1440/1066 1303/1442/1185 1090/1443/1064
f 986/1419/946 1199/1444/1186 987/1445/944
f 1303/1442/1185 1091/1446/1048 1090/1443/1064
f 987/1445/944 1200/1447/1187 988/1448/941
f 1304/1449/1188 1092/1450/1189 1091/1446/1048
f 1200/1447/1187 989/1451/942 988/1448/941
f 1305/1452/1190 1093/1453/1043 1092/1450/1189
f 1201/1454/1191 990/1455/943 989/1451/942
f 1093/1453/1043 1307/1456/1192 1094/1457/1041
f 990/1455/943 1203/1458/1193 991/1459/949
f 1307/1460/1192 1095/1461/1040 1094/1462/1041
f 1203/1458/1193 992/1463/950 991/1459/949
f 1095/1461/1040 1309/1464/1194 1096/1465/1036
f 1204/1466/1195 993/1467/967 992/1463/950
f 1096/1465/1036 1310/1468/1196 1097/1469/1021
f 1205/1470/1197 994/1471/969 993/1467/967
f 1097/1469/1021 1311/1472/1198 1098/1473/1022
f 1206/1474/1199 995/1475/971 994/1471/969
f 1098/1473/1022 1312/1476/1200 1099/1477/1013
f 1207/1478/1201 996/1479/1001 995/1475/971
f 1099/1477/1013 1313/1480/1202 1100/1481/1010
f 996/1479/1001 1209/1482/1203 997/1483/1204
f 1102/1484/1205 1314/1485/1206 1101/1486/1207
f 997/1487/1204 1210/1488/1208 998/1489/981
f 1100/1481/1010 1290/1385/1155 1077/1387/1011
f 998/1489/981 1211/1490/1209 999/1491/978
f 1316/1492/1210 1102/1484/1205 1103/1493/1095
f 999/1491/978 1212/1494/1211 1000/1495/1212
f 1317/1496/1213 1103/1493/1095 1104/1497/1214
f 1000/1495/1212 1213/1498/1215 1001/1499/979
f 1105/1500/1216 1317/1496/1213 1104/1497/1214
f 1001/1499/979 1214/1501/1217 1002/1502/980
f 1106/1503/1082 1318/1504/1218 1105/1500/1216
f 1003/1505/988 1216/1506/1219 1004/1507/990
f 1107/1508/1081 1319/1509/1220 1106/1503/1082
f 1214/1501/1217 981/1420/947 1002/1502/980
f 1108/1510/1052 1320/1511/1221 1107/1508/1081
f 1216/1512/1219 1005/1513/987 1004/1514/990
f 1322/1515/1222 1108/1510/1052 1109/1516/1051
f 1005/1513/987 1215/1517/1223 1003/1505/988
f 1323/1518/1224 1109/1516/1051 1110/1519/1053
f 1150/1520/1225 1006/1521/983 938/1522/982
f 1324/1523/1226 1110/1519/1053 1111/1524/1227
f 1218/1525/1228 1432/1526/1229 1006/1521/983
f 1112/1527/1057 1324/1523/1226 1111/1524/1227
f 1007/1528/986 1220/1529/1230 1008/1530/989
f 1326/1531/1231 1112/1527/1057 1113/1532/1056
f 1220/1529/1230 1009/1533/991 1008/1530/989
f 1114/1534/1058 1326/1531/1231 1113/1532/1056
f 1221/1535/1232 1010/1390/1157 1009/1533/991
f 1328/1536/1233 1114/1534/1058 1115/1537/1049
f 1011/1538/985 1219/1539/1234 1007/1528/986
f 1116/1540/1046 1328/1536/1233 1115/1537/1049
f 1439/1541/984 1224/1542/1235 1011/1538/985
f 1330/1543/1236 1116/1540/1046 1117/1544/1047
f 1225/1545/1237 1013/1546/995 1012/1547/996
f 1331/1548/1238 1117/1544/1047 1118/1549/1045
f 1226/1550/1239 1014/1551/992 1013/1546/995
f 1332/1552/1240 1118/1549/1045 1119/1553/1044
f 1014/1551/992 1228/1554/1241 1015/1555/993
f 1333/1556/1242 1119/1553/1044 1120/1557/1042
f 1015/1555/993 1229/1558/1243 1016/1559/999
f 1335/1560/1244 1121/1561/1050 1122/1562/1078
f 1016/1559/999 1230/1563/1245 1017/1564/1000
f 1101/1486/1207 1333/1565/1242 1120/1566/1042
f 1017/1564/1000 1231/1567/1246 1018/1568/998
f 1336/1569/1247 1122/1562/1078 1123/1570/1070
f 1231/1567/1246 1019/1571/1002 1018/1568/998
f 1337/1572/1248 1123/1570/1070 1124/1573/1069
f 1232/1574/1249 1020/1575/1003 1019/1571/1002
f 1338/1576/1250 1124/1573/1069 1125/1577/1067
f 1020/1575/1003 1234/1578/1251 1021/1579/1252
f 1126/1580/1061 1338/1576/1250 1125/1577/1067
f 1021/1579/1252 1235/1581/1253 1022/1582/1006
f 1127/1583/1060 1339/1584/1254 1126/1580/1061
f 1022/1582/1006 1236/1585/1255 1023/1586/1015
f 1128/1587/1063 1340/1588/1256 1127/1583/1060
f 1023/1586/1015 1237/1589/1257 1024/1590/1016
f 1342/1591/1258 1128/1587/1063 1129/1592/1062
f 1024/1590/1016 1238/1593/1259 1025/1594/1260
f 1130/1595/1059 1342/1591/1258 1129/1592/1062
f 1025/1594/1260 1239/1596/1261 1026/1597/1262
f 1131/1598/1055 1343/1599/1263 1130/1595/1059
f 1239/1596/1261 1027/1600/1018 1026/1597/1262
f 1345/1601/1264 1131/1602/1055 1132/1603/1054
f 1240/1604/1265 1028/1605/1104 1027/1600/1018
f 1133/1606/1007 1347/1607/1266 1134/1608/1005
f 1028/1605/1104 1242/1609/1267 1029/1610/1268
f 1334/1611/1269 1132/1603/1054 1121/1561/1050
f 1242/1612/1267 1030/1613/1105 1029/1614/1268
f 1134/1608/1005 1348/1615/1270 1135/1616/1004
f 1243/1617/1271 1031/1618/1106 1030/1613/1105
f 1348/1615/1270 1136/1619/1012 1135/1616/1004
f 1245/1620/1272 1033/1621/1014 1032/1622/1017
f 1349/1623/1273 1133/1624/1007 1136/1619/1012
f 1244/1625/1274 1012/1547/996 1031/1618/1106
f 1246/1626/1275 1034/1627/1024 1033/1621/1014
f 1034/1627/1024 1248/1628/1276 1035/1629/1026
f 937/1330/966 1350/1630/1277 1137/1631/965
f 1035/1629/1026 1249/1632/1278 1036/1633/1028
f 1137/1631/965 1351/1634/1279 1138/1635/961
f 1036/1633/1028 1250/1636/1280 1037/1637/1030
f 1144/1638/1281 1359/1639/1282 934/1640/936
f 1141/1641/1102 1356/1642/1283 1143/1643/1099
f 1138/1644/961 1352/1645/1284 1139/1646/960
f 1037/1637/1030 1251/1647/1285 1038/1648/1101
f 1142/1424/1103 1354/1649/1286 1141/1641/1102
f 1352/1645/1284 1140/1323/959 1139/1646/960
f 1251/1650/1285 1039/1651/1287 1038/1652/1101
f 935/1653/940 1148/1654/1288 936/1655/939
f 1143/1656/1099 1192/1415/1173 980/1416/1174
f 1039/1651/1287 1253/1657/1289 1040/1658/1290
f 1040/1658/1290 1254/1659/1291 1041/1660/1019
f 1148/1654/1288 938/1522/982 936/1655/939
f 1255/1661/1292 1043/1662/1033 1042/1347/1032
f 1151/1663/1293 934/1640/936 939/1664/938
f 1254/1659/1291 1032/1622/1017 1041/1660/1019
f 1152/1665/1294 939/1664/938 940/1666/1295
f 1256/1667/1296 1044/1668/1092 1043/1662/1033
f 1153/1669/1297 940/1666/1295 941/1670/937
f 1044/1668/1092 1258/1671/1298 1045/1672/1299
f 1154/1673/1300 941/1670/937 942/1674/948
f 1045/1672/1299 1259/1675/1301 1046/1676/1093
f 943/1677/962 1154/1673/1300 942/1674/948
f 1259/1675/1301 1047/1678/1094 1046/1676/1093
f 944/1679/964 1155/1680/1302 943/1677/962
f 1047/1678/1094 1261/1681/1303 1048/1682/1097
f 945/1683/963 1156/1684/1304 944/1679/964
f 1048/1682/1097 1262/1685/1305 1049/1686/1096
f 946/1687/958 1157/1688/1306 945/1683/963
f 1049/1686/1096 1263/1689/1307 1050/1690/1308
f 947/1691/956 1158/1692/1309 946/1687/958
f 1050/1690/1308 1264/1693/1310 1051/1694/1311
f 948/1695/955 1159/1696/1312 947/1691/956
f 1264/1693/1310 1052/1697/1313 1051/1694/1311
f 949/1698/952 1160/1699/1314 948/1695/955
f 1052/1697/1313 1266/1700/1315 1053/1701/1316
f 950/1702/1317 1161/1703/1318 949/1698/952
f 1266/1700/1315 1054/1704/1319 1053/1701/1316
f 951/1705/951 1162/1706/1320 950/1702/1317
f 1267/1707/1321 1055/1708/1322 1054/1704/1319
f 1164/1709/1323 951/1705/951 952/1298/953
f 1268/1710/1324 1056/1302/1110 1055/1708/1322
f 969/1280/1090 1106/1272/1082 978/1711/1167
f 977/1278/1088 969/1280/1090 978/1711/1167
f 1050/1712/1308 1104/1713/1214 1049/1286/1096
f 978/1711/1167 1051/1714/1311 979/1715/1171
f 980/1716/1174 1052/1717/1313 1143/1289/1099
f 979/1715/1171 1052/1717/1313 980/1716/1174
f 1056/1718/1110 1058/1719/1113 1055/1720/1322
f 1059/1290/1100 1143/1289/1099 1058/1719/1113
f 1054/1721/1319 1058/1719/1113 1143/1289/1099
f 1052/1717/1313 1054/1721/1319 1143/1289/1099
f 1409/1722/1325 1362/1122/932 1359/1723/1282
f 1357/1724/1326 1410/1725/1327 1409/1722/1325
f 1366/1726/1328 1364/1727/1329 1365/1728/1330
f 1362/1122/932 1360/1729/1331 935/1130/940
f 1410/1725/1327 1366/1726/1328 1415/1730/1332
f 1412/1731/1333 1411/1732/1334 1407/1733/1335
f 1411/1732/1334 1406/1734/1336 1408/1735/1337
f 1408/1735/1337 1406/1734/1336 1360/1729/1331
f 1367/1736/1338 1416/1737/1339 1366/1726/1328
f 1377/1738/1340 1374/1739/1341 1376/1740/1342
f 1378/1741/1343 1373/1742/1344 1377/1738/1340
f 1379/1743/1345 1372/1744/1346 1378/1741/1343
f 1568/1745/1347 1371/1746/1348 1379/1743/1345
f 1371/1746/1348 1566/1747/1349 1370/1748/1350
f 1370/1748/1350 1368/1749/1351 1369/1750/1352
f 1566/1747/1349 1367/1736/1338 1368/1749/1351
f 1417/1751/1353 1565/1752/1354 1361/1753/1355
f 1511/1754/1356 1418/1755/1357 1417/1751/1353
f 1419/1756/1358 1510/1757/1359 1509/1758/1360
f 1420/1759/1361 1509/1758/1360 1508/1760/1362
f 1511/1754/1356 1361/1753/1355 1512/1761/1363
f 1512/1761/1363 1379/1762/1364 1513/1763/1365
f 1380/1764/1366 1513/1763/1365 1379/1762/1364
f 1424/1765/1367 1426/1766/1368 1425/1767/1369
f 1423/1768/1370 1427/1769/1371 1424/1765/1367
f 1363/1770/1372 1406/1734/1336 1423/1768/1370
f 1431/1771/1373 1439/1174/984 1432/1772/1229
f 1433/1773/1374 1431/1771/1373 1363/1770/1372
f 1430/1774/1375 1363/1770/1372 1423/1768/1370
f 1433/1773/1374 1430/1774/1375 1434/1775/1376
f 1434/1775/1376 1429/1776/1377 1435/1777/1378
f 1435/1777/1378 1442/1778/1379 1436/1779/1380
f 1437/1184/994 1442/1778/1379 1441/1780/1381
f 1440/1781/1382 1437/1184/994 1441/1780/1381
f 1443/1782/1383 1429/1776/1377 1444/1783/1384
f 1446/1784/1385 1445/1785/1386 1444/1783/1384
f 1421/1786/1387 1428/1787/1388 1422/1788/1389
f 1448/1789/1390 1446/1784/1385 1421/1786/1387
f 1420/1759/1361 1563/1790/1391 1562/1791/1392
f 1420/1759/1361 1562/1791/1392 1448/1789/1390
f 1562/1791/1392 1450/1792/1393 1449/1793/1394
f 1508/1760/1362 1506/1794/1395 1563/1790/1391
f 1506/1794/1395 1528/1795/1396 1564/1796/1397
f 1528/1795/1396 1527/1797/1398 1564/1796/1397
f 1461/1798/1399 1564/1796/1397 1462/1799/1400
f 1461/1798/1399 1452/1800/1401 1451/1801/1402
f 1452/1800/1401 1460/1802/1403 1453/1803/1404
f 1460/1802/1403 1469/1804/1405 1455/1805/1406
f 1499/1806/1407 1525/1807/1408 1500/1808/1409
f 1527/1797/1398 1499/1806/1407 1498/1809/1410
f 1497/1810/1411 1527/1797/1398 1498/1809/1410
f 1497/1810/1411 1462/1799/1400 1564/1796/1397
f 1463/1811/1412 1496/1812/1413 1495/1813/1414
f 1464/1814/1415 1495/1813/1414 1494/1815/1416
f 1465/1816/1417 1493/1817/1418 1466/1818/1419
f 1465/1816/1417 1494/1815/1416 1470/1819/1420
f 1504/1820/1421 1503/1821/1422 1471/1822/1423
f 1500/1808/1409 1524/1823/1424 1501/1824/1425
f 1502/1825/1426 1524/1823/1424 1523/1826/1427
f 1503/1821/1422 1523/1826/1427 1522/1827/1428
f 1471/1822/1423 1503/1821/1422 1522/1827/1428
f 1521/1828/1429 1547/1829/1430 1522/1827/1428
f 1546/1830/1431 1544/1831/1432 1545/1832/1433
f 1519/1833/1434 1543/1834/1435 1521/1828/1429
f 1537/1835/1436 1549/1836/1437 1536/1837/1438
f 1560/1838/1439 1538/1839/1440 1559/1840/1441
f 1540/1841/1442 1559/1840/1441 1538/1839/1440
f 1542/1842/1443 1559/1840/1441 1541/1843/1444
f 1543/1834/1435 1558/1844/1445 1542/1842/1443
f 1518/1845/1446 1553/1846/1447 1554/1847/1448
f 1555/1848/1449 1557/1849/1450 1558/1844/1445
f 1516/1850/1451 1518/1845/1446 1517/1851/1452
f 1553/1846/1447 1515/1852/1453 1380/1764/1366
f 1382/1853/1454 1551/1854/1455 1552/1855/1456
f 1385/1856/1457 1551/1854/1455 1382/1853/1454
f 1386/1857/1458 1551/1854/1455 1385/1856/1457
f 1389/1858/1459 1550/1859/1460 1551/1854/1455
f 1390/1860/1461 1550/1859/1460 1389/1858/1459
f 1392/1861/1462 1536/1837/1438 1549/1836/1437
f 1393/1862/1463 1534/1863/1464 1535/1864/1465
f 1396/1865/1466 1398/1866/1467 1399/1867/1468
f 1402/1868/1469 1396/1865/1466 1399/1867/1468
f 1396/1865/1466 1394/1869/1470 1395/1870/1471
f 1472/1871/1472 1529/1872/1473 1473/1873/1474
f 1475/1874/1475 1474/1875/1476 1531/1876/1477
f 1477/1877/1478 1531/1876/1477 1532/1878/1479
f 1534/1863/1464 1403/1879/1480 1533/1880/1481
f 1571/1881/1482 1569/1882/1483 1489/1883/1484
f 1569/1882/1483 1493/1817/1418 1492/1884/1485
f 1466/1818/1419 1570/1885/1486 1468/1886/1487
f 1455/1805/1406 1469/1804/1405 1570/1885/1486
f 1358/1187/997 1459/1887/1488 1458/1888/1489
f 1377/1889/1340 1590/1890/1490 1378/1891/1343
f 1485/1892/1491 1695/1893/1492 1484/1894/1493
f 1378/1891/1343 1591/1895/1494 1379/1896/1345
f 1486/1897/1495 1696/1898/1496 1485/1892/1491
f 1380/1899/1366 1591/1900/1497 1592/1901/1498
f 1486/1897/1495 1698/1902/1499 1697/1903/1500
f 1381/1904/1501 1592/1901/1498 1593/1905/1502
f 1488/1906/1503 1698/1902/1499 1487/1907/1504
f 1382/1908/1454 1593/1905/1502 1594/1909/1505
f 1488/1906/1503 1700/1910/1506 1699/1911/1507
f 1382/1908/1454 1595/1912/1508 1383/1913/1509
f 1379/1914/1345 1779/1915/1510 1568/1916/1347
f 1489/1917/1484 1701/1918/1511 1700/1919/1506
f 1384/1920/1512 1595/1912/1508 1596/1921/1513
f 1379/1922/1364 1574/1923/1514 1591/1924/1515
f 1490/1925/1516 1702/1926/1517 1701/1918/1511
f 1385/1927/1457 1596/1921/1513 1597/1928/1518
f 1492/1929/1485 1702/1926/1517 1491/1930/1519
f 1386/1931/1458 1597/1928/1518 1598/1932/1520
f 1493/1933/1418 1703/1934/1521 1492/1929/1485
f 1386/1931/1458 1599/1935/1522 1387/1936/1523
f 1494/1937/1416 1706/1938/1524 1705/1939/1525
f 1388/1940/1526 1599/1935/1522 1600/1941/1527
f 1470/1942/1420 1704/1943/1528 1493/1933/1418
f 1389/1944/1459 1600/1941/1527 1601/1945/1529
f 1495/1946/1414 1707/1947/1530 1706/1938/1524
f 1390/1948/1461 1601/1945/1529 1602/1949/1531
f 1496/1950/1413 1708/1951/1532 1707/1947/1530
f 1390/1948/1461 1603/1952/1533 1391/1953/1534
f 1497/1954/1411 1709/1955/1535 1708/1951/1532
f 1391/1953/1534 1604/1956/1536 1392/1957/1462
f 1499/1958/1407 1709/1955/1535 1498/1959/1410
f 1392/1957/1462 1605/1960/1537 1393/1961/1463
f 1500/1962/1409 1710/1963/1538 1499/1958/1407
f 1393/1961/1463 1606/1964/1539 1394/1965/1470
f 1501/1966/1425 1711/1967/1540 1500/1962/1409
f 1394/1965/1470 1607/1968/1541 1395/1969/1471
f 1502/1970/1426 1712/1971/1542 1501/1966/1425
f 1395/1969/1471 1608/1972/1543 1396/1973/1466
f 1503/1974/1422 1713/1975/1544 1502/1970/1426
f 1397/1976/1545 1608/1972/1543 1609/1977/1546
f 1503/1974/1422 1715/1978/1547 1714/1979/1548
f 1398/1980/1467 1609/1977/1546 1610/1981/1549
f 1506/1982/1395 1716/1983/1550 1505/1984/1551
f 1398/1980/1467 1611/1985/1552 1399/1986/1468
f 1436/1987/1380 1223/1988/1158 1648/1989/1553
f 1504/1990/1421 1705/1939/1525 1715/1991/1547
f 1399/1986/1468 1612/1992/1554 1400/1993/1555
f 1506/1982/1395 1718/1994/1556 1717/1995/1557
f 1400/1993/1555 1613/1996/1558 1401/1997/1559
f 1507/1998/1560 1719/1999/1561 1718/1994/1556
f 1402/2000/1469 1613/2001/1558 1614/2002/1562
f 1508/2003/1362 1720/2004/1563 1719/1999/1561
f 1403/2005/1480 1614/2002/1562 1615/2006/1564
f 1509/2007/1360 1721/2008/1565 1720/2004/1563
f 1403/2005/1480 1616/2009/1566 1404/2010/1567
f 1510/2011/1359 1722/2012/1568 1721/2008/1565
f 1404/2010/1567 1617/2013/1569 1405/2014/1570
f 1512/2015/1363 1722/2012/1568 1511/2016/1356
f 1411/2017/1334 1618/2018/1571 1406/2019/1336
f 1513/2020/1365 1723/2021/1572 1512/2015/1363
f 1570/2022/1486 1145/1423/1177 1358/1425/997
f 1514/2023/1573 1724/2024/1574 1513/2020/1365
f 1408/2025/1337 1619/2026/1575 1407/2027/1335
f 1515/2028/1453 1725/2029/1576 1514/2023/1573
f 1409/2030/1325 1620/2031/1577 1408/2025/1337
f 1516/2032/1451 1726/2033/1578 1515/2028/1453
f 1409/2030/1325 1622/2034/1579 1621/2035/1580
f 1517/2036/1452 1727/2037/1581 1516/2032/1451
f 1407/2038/1335 1622/2034/1579 1410/2039/1327
f 1517/2036/1452 1729/2040/1582 1728/2041/1583
f 1411/2017/1334 1624/2042/1584 1623/2043/1585
f 1519/2044/1434 1729/2040/1582 1518/2045/1446
f 1412/2046/1333 1625/2047/1586 1624/2042/1584
f 1519/2044/1434 1731/2048/1587 1730/2049/1588
f 1414/2050/1589 1625/2047/1586 1413/2051/1590
f 1521/2052/1429 1731/2048/1587 1520/2053/1591
f 1415/2054/1332 1626/2055/1592 1414/2050/1589
f 1521/2052/1429 1733/2056/1593 1732/2057/1594
f 1415/2054/1332 1628/2058/1595 1627/2059/1596
f 1523/2060/1427 1733/2061/1593 1522/2062/1428
f 1417/2063/1353 1628/2058/1595 1416/2064/1339
f 1523/2060/1427 1735/2065/1597 1734/2066/1598
f 1418/2067/1357 1629/2068/1599 1417/2063/1353
f 1524/2069/1424 1736/2070/1600 1735/2065/1597
f 1419/2071/1358 1630/2072/1601 1418/2067/1357
f 1525/2073/1408 1737/2074/1602 1736/2070/1600
f 1420/2075/1361 1631/2076/1603 1419/2071/1358
f 1526/2077/1604 1738/2078/1605 1737/2074/1602
f 1421/2079/1387 1632/2080/1606 1420/2075/1361
f 1527/2081/1398 1739/2082/1607 1738/2078/1605
f 1421/2079/1387 1634/2083/1608 1633/2084/1609
f 1530/2085/1610 1740/2086/1611 1741/2087/1612
f 1422/2088/1389 1635/2089/1613 1634/2090/1608
f 1528/2091/1396 1716/1983/1550 1739/2082/1607
f 1423/2092/1370 1636/2093/1614 1635/2089/1613
f 1530/2085/1610 1742/2094/1615 1531/2095/1477
f 1424/2096/1367 1637/2097/1616 1636/2093/1614
f 1531/2098/1477 1743/2099/1617 1532/2100/1479
f 1425/2101/1369 1638/2102/1618 1637/2097/1616
f 1533/2103/1481 1743/2099/1617 1744/2104/1619
f 1426/2105/1368 1639/2106/1620 1638/2102/1618
f 1534/2107/1464 1744/2104/1619 1745/2108/1621
f 1428/2109/1388 1641/2110/1622 1640/2111/1623
f 1535/2112/1465 1745/2108/1621 1746/2113/1624
f 1406/2019/1336 1639/2106/1620 1427/2114/1371
f 1536/2115/1438 1746/2113/1624 1747/2116/1625
f 1430/2117/1375 1641/2118/1622 1429/2119/1377
f 1536/2115/1438 1748/2120/1626 1537/2121/1436
f 1430/2117/1375 1640/2111/1623 1642/2122/1627
f 1537/2121/1436 1749/2123/1628 1538/2124/1440
f 1431/2125/1373 1575/2126/1629 1363/2127/1372
f 1538/2124/1440 1750/2128/1630 1539/2129/1631
f 1432/2130/1229 1643/2131/1632 1431/2125/1373
f 1540/2132/1442 1750/2128/1630 1751/2133/1633
f 1433/2134/1374 1646/2135/1634 1645/2136/1635
f 1540/2132/1442 1752/2137/1636 1541/2138/1444
f 1435/2139/1378 1646/2135/1634 1434/2140/1376
f 1542/2141/1443 1752/2137/1636 1753/2142/1637
f 1436/1987/1380 1647/2143/1638 1435/2139/1378
f 1542/2141/1443 1754/2144/1639 1543/2145/1435
f 1438/2146/1640 1645/2136/1635 1649/2147/1641
f 1544/2148/1432 1754/2144/1639 1755/2149/1642
f 1439/1541/984 1649/2147/1641 1650/2150/1643
f 1544/2148/1432 1756/2151/1644 1545/2152/1433
f 1441/2153/1381 1651/2154/1645 1440/2155/1382
f 1545/2152/1433 1757/2156/1646 1546/2157/1431
f 1442/2158/1379 1652/2159/1647 1441/2153/1381
f 1546/2157/1431 1758/2160/1648 1547/2161/1430
f 1442/2158/1379 1654/2162/1649 1653/2163/1650
f 1547/2161/1430 1759/2164/1651 1548/2165/1652
f 1443/2166/1383 1655/2167/1653 1654/2162/1649
f 1549/2168/1437 1761/2169/1654 1550/2170/1460
f 1444/2171/1384 1656/2172/1655 1655/2167/1653
f 1529/2173/1473 1759/2164/1651 1740/2086/1611
f 1445/2174/1386 1657/2175/1656 1656/2172/1655
f 1550/2170/1460 1762/2176/1657 1551/2177/1455
f 1447/2178/1658 1657/2175/1656 1446/2179/1385
f 1551/2177/1455 1763/2180/1659 1552/2181/1456
f 1448/2182/1390 1658/2183/1660 1447/2178/1658
f 1552/2181/1456 1764/2184/1661 1553/2185/1447
f 1448/2182/1390 1660/2186/1662 1659/2187/1663
f 1554/2188/1448 1764/2184/1661 1765/2189/1664
f 1449/2190/1394 1661/2191/1665 1660/2186/1662
f 1555/2192/1449 1765/2189/1664 1766/2193/1666
f 1450/2194/1393 1662/2195/1667 1661/2191/1665
f 1556/2196/1668 1766/2193/1666 1767/2197/1669
f 1451/2198/1402 1663/2199/1670 1662/2195/1667
f 1556/2196/1668 1768/2200/1671 1557/2201/1450
f 1452/2202/1401 1664/2203/1672 1663/2199/1670
f 1558/2204/1445 1768/2200/1671 1769/2205/1673
f 1453/2206/1404 1665/2207/1674 1664/2203/1672
f 1559/2208/1441 1769/2205/1673 1770/2209/1675
f 1455/2210/1406 1665/2207/1674 1454/2211/1676
f 1559/2212/1441 1771/2213/1677 1560/2214/1439
f 1456/2215/1678 1666/2216/1679 1455/2210/1406
f 1561/2217/1680 1773/2218/1681 1772/2219/1682
f 1456/2215/1678 1668/2220/1683 1667/2221/1684
f 1560/2214/1439 1760/2222/1685 1549/2168/1437
f 1458/2223/1489 1668/2224/1683 1457/2225/1686
f 1562/2226/1392 1774/2227/1687 1773/2218/1681
f 1459/2228/1488 1669/2229/1688 1458/2223/1489
f 1564/2230/1397 1774/2227/1687 1563/2231/1391
f 1461/2232/1399 1671/2233/1689 1460/2234/1403
f 1561/2235/1680 1775/2236/1690 1564/2230/1397
f 1440/2155/1382 1670/2237/1691 1459/2228/1488
f 1462/2238/1400 1672/2239/1692 1461/2232/1399
f 1462/2238/1400 1674/2240/1693 1673/2241/1694
f 1361/2242/1355 1776/2243/1695 1574/1923/1514
f 1463/2244/1412 1675/2245/1696 1674/2240/1693
f 1565/2246/1354 1777/2247/1697 1776/2243/1695
f 1464/2248/1415 1676/2249/1698 1675/2245/1696
f 1357/2250/1326 1146/2251/1699 1572/2252/1700
f 1569/2253/1483 1782/2254/1701 1780/2255/1702
f 1566/2256/1349 1778/2257/1703 1777/2258/1697
f 1465/2259/1417 1677/2260/1704 1676/2249/1698
f 1570/2022/1486 1780/2255/1702 1781/2261/1705
f 1568/1916/1347 1778/2257/1703 1567/2262/1706
f 1467/2263/1707 1677/2260/1704 1466/2264/1419
f 935/1653/940 1573/2265/1708 1147/2266/1709
f 1571/2267/1482 1617/2013/1569 1782/2268/1701
f 1467/2263/1707 1679/2269/1710 1678/2270/1711
f 1468/2271/1487 1680/2272/1712 1679/2273/1710
f 1363/2127/1372 1573/2265/1708 1360/2274/1331
f 1471/2275/1423 1681/2276/1713 1470/1942/1420
f 1357/2250/1326 1576/2277/1714 1364/2278/1329
f 1460/2234/1403 1680/2272/1712 1469/2279/1405
f 1364/2278/1329 1577/2280/1715 1365/2281/1330
f 1472/2282/1472 1682/2283/1716 1471/2275/1423
f 1365/2281/1330 1578/2284/1717 1366/2285/1328
f 1472/2282/1472 1684/2286/1718 1683/2287/1719
f 1366/2285/1328 1579/2288/1720 1367/2289/1338
f 1473/2290/1474 1685/2291/1721 1684/2286/1718
f 1368/2292/1351 1579/2288/1720 1580/2293/1722
f 1475/2294/1475 1685/2291/1721 1474/2295/1476
f 1369/2296/1352 1580/2293/1722 1581/2297/1723
f 1475/2294/1475 1687/2298/1724 1686/2299/1725
f 1370/2300/1350 1581/2297/1723 1582/2301/1726
f 1476/2302/1727 1688/2303/1728 1687/2298/1724
f 1371/2304/1348 1582/2301/1726 1583/2305/1729
f 1477/2306/1478 1689/2307/1730 1688/2303/1728
f 1372/2308/1346 1583/2305/1729 1584/2309/1731
f 1478/2310/1732 1690/2311/1733 1689/2307/1730
f 1373/2312/1344 1584/2309/1731 1585/2313/1734
f 1480/2314/1735 1690/2311/1733 1479/2315/1736
f 1374/2316/1341 1585/2313/1734 1586/2317/1737
f 1480/2314/1735 1692/2318/1738 1691/2319/1739
f 1375/2320/1740 1586/2317/1737 1587/2321/1741
f 1482/2322/1742 1692/2318/1738 1481/2323/1743
f 1376/2324/1342 1587/2321/1741 1588/2325/1744
f 1483/2326/1745 1693/2327/1746 1482/2322/1742
f 1376/2324/1342 1589/2328/1747 1377/1889/1340
f 1484/1894/1493 1694/2329/1748 1483/2326/1745
f 1394/1869/1470 1534/1863/1464 1393/1862/1463
f 1402/1868/1469 1403/1879/1480 1394/1869/1470
f 1477/1877/1478 1479/2330/1736 1478/2331/1732
f 1403/1879/1480 1479/2330/1736 1532/1878/1479
f 1405/2332/1570 1571/1881/1482 1480/2333/1735
f 1480/2333/1735 1404/2334/1567 1405/2332/1570
f 1486/2335/1495 1484/2336/1493 1483/2337/1745
f 1487/2338/1504 1486/2335/1495 1571/1881/1482
f 1482/2339/1742 1486/2335/1495 1483/2337/1745
f 1480/2333/1735 1482/2339/1742 1481/2340/1743
f 1051/1714/1311 1104/1713/1214 1050/1712/1308
f 1106/1272/1082 1105/2341/1216 978/1711/1167
f 1105/2341/1216 1104/1713/1214 978/1711/1167
f 1533/1880/1481 1403/1879/1480 1532/1878/1479
f 984/1124/934 934/1126/936 1359/1723/1282
f 1359/1723/1282 1362/1122/932 984/1124/934
f 985/1125/935 939/1128/938 934/1126/936
f 941/1127/937 940/2342/1295 939/1128/938
f 936/1129/939 983/1123/933 1362/1122/932
f 990/1133/943 991/1139/949 941/1127/937
f 941/1127/937 985/1125/935 990/1133/943
f 985/1125/935 982/1135/945 990/1133/943
f 982/1135/945 988/1131/941 990/1133/943
f 988/1131/941 982/1135/945 987/1134/944
f 982/1135/945 983/1123/933 986/1136/946
f 942/1138/948 941/1127/937 991/1139/949
f 950/2343/1317 949/1142/952 951/1141/951
f 949/1142/952 948/1145/955 952/1143/953
f 953/1144/954 952/1143/953 948/1145/955
f 954/1147/957 953/1144/954 947/1146/956
f 1140/1149/959 954/1147/957 946/1148/958
f 946/1148/958 945/1153/963 1138/1151/961
f 943/1152/962 1138/1151/961 945/1153/963
f 942/1138/948 1137/1155/965 1138/1151/961
f 1137/1155/965 942/1138/948 992/1140/950
f 993/1157/967 1082/1160/970 1083/1158/968
f 994/1159/969 1081/1162/972 1082/1160/970
f 995/1161/971 1080/1199/1009 1081/1162/972
f 937/1156/966 992/1140/950 1083/1158/968
f 954/1164/974 937/1156/966 1084/1163/973
f 955/1166/976 954/1164/974 1085/1165/975
f 999/1168/978 1000/2344/1212 1001/1169/979
f 998/1171/981 999/1168/978 1002/1170/980
f 938/1172/982 998/1171/981 981/1137/947
f 1006/1173/983 1432/1772/1229 1439/1174/984
f 1007/1176/986 938/1172/982 1006/1173/983
f 1003/1178/988 997/2345/1204 998/1171/981
f 998/1171/981 938/1172/982 1005/1177/987
f 1005/1177/987 938/1172/982 1007/1176/986
f 1004/1180/990 1005/1177/987 1008/1179/989
f 1009/1181/991 1010/2346/1157 1014/1182/992
f 1014/1182/992 1010/2346/1157 1437/1184/994
f 1012/1186/996 1013/1185/995 1437/1184/994
f 1015/1183/993 1016/1189/999 1004/1180/990
f 1018/1188/998 1003/1178/988 1016/1189/999
f 1003/1178/988 1004/1180/990 1016/1189/999
f 996/1191/1001 997/2345/1204 1003/1178/988
f 1020/1193/1003 995/1161/971 996/1191/1001
f 996/1191/1001 1018/1188/998 1020/1193/1003
f 1135/1194/1004 1080/1199/1009 995/1161/971
f 1134/1195/1005 1020/1193/1003 1021/2347/1252
f 1021/2347/1252 1022/1196/1006 1134/1195/1005
f 1136/1202/1012 1078/1198/1008 1135/1194/1004
f 1078/1198/1008 1079/2348/1163 1080/1199/1009
f 1078/1198/1008 1136/1202/1012 1100/1200/1010
f 1033/1204/1014 1034/1214/1024 1136/1202/1012
f 1133/1197/1007 1022/1196/1006 1023/1205/1015
f 1023/1205/1015 1024/1206/1016 1033/1204/1014
f 1024/1206/1016 1025/2349/1260 1032/1207/1017
f 1032/1207/1017 1025/2349/1260 1027/1208/1018
f 1025/2349/1260 1026/2350/1262 1027/1208/1018
f 1071/1210/1020 1072/1227/1037 1097/1211/1021
f 1099/1203/1013 1070/2351/1143 1071/1210/1020
f 1069/1213/1023 1070/2351/1143 1099/1203/1013
f 1069/1213/1023 1136/1202/1012 1034/1214/1024
f 1068/1215/1025 1034/1214/1024 1035/1216/1026
f 1067/1217/1027 1035/1216/1026 1036/1218/1028
f 1037/1220/1030 1038/1291/1101 1065/1221/1031
f 1037/1220/1030 1042/1222/1032 1066/1219/1029
f 1066/1219/1029 1042/1222/1032 1076/1225/1035
f 1042/1222/1032 1043/1223/1033 1076/1225/1035
f 1096/1226/1036 1097/1211/1021 1072/1227/1037
f 1074/1229/1039 1095/1230/1040 1096/1226/1036
f 1075/1224/1034 1094/1231/1041 1095/1230/1040
f 1120/1232/1042 1119/1234/1044 1094/1231/1041
f 1094/1231/1041 1075/1224/1034 1043/1223/1033
f 1093/1233/1043 1094/1231/1041 1119/1234/1044
f 1116/1236/1046 1093/1233/1043 1118/1235/1045
f 1091/1238/1048 1092/2352/1189 1093/1233/1043
f 1093/1233/1043 1116/1236/1046 1115/1239/1049
f 1115/1239/1049 1090/1254/1064 1091/1238/1048
f 1121/1240/1050 1132/1244/1054 1109/1241/1051
f 1110/1243/1053 1109/1241/1051 1132/1244/1054
f 1112/1247/1057 1111/2353/1227 1110/1243/1053
f 1110/1243/1053 1131/1245/1055 1112/1247/1057
f 1131/1245/1055 1130/1249/1059 1114/1248/1058
f 1130/1249/1059 1090/1254/1064 1115/1239/1049
f 1126/1251/1061 1125/1257/1067 1090/1254/1064
f 1090/1254/1064 1130/1249/1059 1126/1251/1061
f 1127/1250/1060 1130/1249/1059 1129/1252/1062
f 1090/1254/1064 1125/1257/1067 1088/1255/1065
f 1088/1255/1065 1125/1257/1067 1087/1258/1068
f 1125/1257/1067 956/2354/1116 955/1166/976
f 1087/1258/1068 955/1166/976 1086/1167/977
f 957/1261/1071 956/2354/1116 1124/1259/1069
f 956/2354/1116 1125/1257/1067 1124/1259/1069
f 959/1263/1073 958/2355/1122 957/1261/1071
f 957/1261/1071 1123/1260/1070 960/1262/1072
f 962/2356/1134 961/1264/1074 963/1266/1076
f 961/1264/1074 1123/1260/1070 964/1265/1075
f 1123/1260/1070 1122/1268/1078 964/1265/1075
f 965/1267/1077 964/1265/1075 1122/1268/1078
f 966/1270/1080 965/1267/1077 1121/1240/1050
f 1121/1240/1050 1108/1242/1052 967/1269/1079
f 968/1273/1083 967/1269/1079 1107/1271/1081
f 967/1269/1079 1108/1242/1052 1107/1271/1081
f 971/1274/1084 974/1277/1087 973/1275/1085
f 976/1279/1089 975/2357/1161 974/1277/1087
f 974/1277/1087 971/1274/1084 977/1278/1088
f 969/1280/1090 977/1278/1088 971/1274/1084
f 1044/1282/1092 1045/2358/1299 1101/2359/1207
f 1045/2358/1299 1102/2360/1205 1101/2359/1207
f 1101/2359/1207 1120/1232/1042 1044/1282/1092
f 1047/1284/1094 1048/1287/1097 1103/1285/1095
f 1103/1285/1095 1102/2360/1205 1046/1283/1093
f 1102/2360/1205 1045/2358/1299 1046/1283/1093
f 1049/1286/1096 1104/1713/1214 1103/1285/1095
f 1059/1290/1100 1060/2361/1118 1061/1288/1098
f 1061/1288/1098 1141/1292/1102 1143/1289/1099
f 1141/1292/1102 1061/1288/1098 1062/2362/1125
f 1062/2362/1125 1063/2363/1128 1141/1292/1102
f 1063/2363/1128 1064/2364/1130 1141/1292/1102
f 1064/2364/1130 1065/1221/1031 1141/1292/1102
f 1038/1291/1101 1039/2365/1287 1040/2366/1290
f 1040/2366/1290 1142/1293/1103 1038/1291/1101
f 1358/1187/997 1142/1293/1103 1029/2367/1268
f 1142/1293/1103 1040/2366/1290 1041/1209/1019
f 1029/2367/1268 1142/1293/1103 1028/1294/1104
f 1041/1209/1019 1027/1208/1018 1142/1293/1103
f 1358/1187/997 1029/2367/1268 1030/1295/1105
f 1031/1296/1106 1012/1186/996 1358/1187/997
f 1165/1297/1107 1164/1709/1323 952/1298/953
f 1269/1300/1108 1270/1305/1112 1057/1301/1109
f 1166/1303/1111 1165/1297/1107 953/1299/954
f 1270/1305/1112 1271/2368/1749 1058/1306/1113
f 955/1307/976 1167/1313/1117 1166/1308/1114
f 1058/1306/1113 1271/2368/1749 1272/1310/1115
f 956/1312/1116 1168/1316/1119 1167/1313/1117
f 1272/1310/1115 1273/2369/1750 1060/1314/1118
f 957/1315/1071 1169/2370/1751 1168/1316/1119
f 1060/1314/1118 1273/2369/1750 1274/1317/1120
f 1170/1319/1121 1169/2370/1751 957/1315/1071
f 1353/1321/1123 1166/2371/1752 954/1322/957
f 1061/1324/1098 1274/2372/1120 1275/1325/1124
f 959/1327/1073 1171/1334/1129 1170/1319/1121
f 954/1328/974 1166/2373/1753 1149/1329/1126
f 1062/1326/1125 1275/1325/1124 1276/1331/1127
f 960/1333/1072 1172/1337/1131 1171/1334/1129
f 1276/1331/1127 1277/1338/1132 1064/1335/1130
f 961/1336/1074 1173/2374/1754 1172/1337/1131
f 1277/1338/1132 1278/1346/1136 1065/1339/1031
f 1174/1340/1133 1173/2374/1754 961/1336/1074
f 1066/1342/1029 1279/1393/1159 1280/1343/1135
f 963/1345/1076 1175/1349/1137 1174/1340/1133
f 1278/1346/1136 1255/1661/1292 1042/1347/1032
f 964/1348/1075 1176/1354/1139 1175/1349/1137
f 1067/1350/1027 1280/2375/1135 1281/1351/1138
f 965/1353/1077 1177/2376/1755 1176/1354/1139
f 1068/1352/1025 1281/1351/1138 1282/1355/1140
f 1178/1357/1141 1177/2376/1755 965/1353/1077
f 1069/1356/1023 1282/1355/1140 1283/1359/1142
f 1179/1361/1144 1178/1357/1141 966/1358/1080
f 1283/1359/1142 1284/1366/1146 1071/1363/1020
f 1180/1364/1145 1179/1361/1144 967/1362/1079
f 1284/1366/1146 1285/1370/1148 1072/1367/1037
f 1181/1368/1147 1180/1364/1145 968/1365/1083
f 1285/1370/1148 1286/1374/1150 1073/1371/1038
f 1182/1372/1149 1181/1368/1147 969/1369/1090
f 1286/1374/1150 1287/1378/1152 1074/1375/1039
f 1183/1376/1151 1182/1372/1149 970/1373/1091
f 1287/1378/1152 1288/2377/1756 1075/1379/1034
f 972/1380/1086 1184/1384/1154 1183/1376/1151
f 1075/1379/1034 1288/2377/1756 1289/1381/1153
f 973/1383/1085 1185/2378/1757 1184/1384/1154
f 1290/1385/1155 1291/2379/1758 1078/1386/1008
f 1186/1388/1156 1185/2378/1757 973/1383/1085
f 1010/1390/1157 1222/2380/1759 1223/1391/1158
f 1076/1382/1035 1289/1381/1153 1279/1393/1159
f 1187/1394/1160 1186/1388/1156 974/1389/1087
f 1078/1386/1008 1291/2379/1758 1292/1396/1162
f 1188/1398/1164 1187/1394/1160 975/1395/1161
f 1079/1397/1163 1292/1396/1162 1293/1400/1165
f 977/1402/1088 1189/1408/1168 1188/1403/1164
f 1080/1401/1009 1293/1400/1165 1294/1405/1166
f 978/1407/1167 1190/2381/1760 1189/1408/1168
f 1081/1406/972 1294/1405/1166 1295/1409/1169
f 1191/1411/1170 1190/2381/1760 978/1407/1167
f 1082/1410/970 1295/1409/1169 1296/1413/1172
f 1192/1415/1173 1191/1411/1170 979/1412/1171
f 1296/1413/1172 1297/1421/1176 1084/1417/973
f 1193/1418/1175 1198/2382/1761 986/1419/946
f 1297/1421/1176 1298/1426/1178 1085/1422/975
f 1145/1423/1177 1355/2383/1762 1142/1424/1103
f 1298/1426/1178 1299/1431/1180 1086/1427/977
f 1194/1428/1179 1195/1433/1181 983/1429/933
f 1299/1431/1180 1300/1435/1182 1087/1432/1068
f 1195/1433/1181 1196/2384/1763 984/1434/934
f 1300/1435/1182 1301/1439/1184 1088/1436/1065
f 984/1434/934 1196/2384/1763 1197/1437/1183
f 1301/1439/1184 1302/2385/1764 1089/1440/1066
f 1197/1437/1183 1194/2386/1179 982/1441/945
f 1089/1440/1066 1302/2385/1764 1303/1442/1185
f 986/1419/946 1198/2382/1761 1199/1444/1186
f 1303/1442/1185 1304/1449/1188 1091/1446/1048
f 987/1445/944 1199/1444/1186 1200/1447/1187
f 1304/1449/1188 1305/1452/1190 1092/1450/1189
f 1200/1447/1187 1201/1454/1191 989/1451/942
f 1305/1452/1190 1306/2387/1765 1093/1453/1043
f 1201/1454/1191 1202/2388/1766 990/1455/943
f 1093/1453/1043 1306/2387/1765 1307/1456/1192
f 990/1455/943 1202/2388/1766 1203/1458/1193
f 1307/1460/1192 1308/2389/1767 1095/1461/1040
f 1203/1458/1193 1204/1466/1195 992/1463/950
f 1095/1461/1040 1308/2389/1767 1309/1464/1194
f 1204/1466/1195 1205/1470/1197 993/1467/967
f 1096/1465/1036 1309/1464/1194 1310/1468/1196
f 1205/1470/1197 1206/1474/1199 994/1471/969
f 1097/1469/1021 1310/1468/1196 1311/1472/1198
f 1206/1474/1199 1207/1478/1201 995/1475/971
f 1098/1473/1022 1311/1472/1198 1312/1476/1200
f 1207/1478/1201 1208/2390/1768 996/1479/1001
f 1099/1477/1013 1312/1476/1200 1313/1480/1202
f 996/1479/1001 1208/2390/1768 1209/1482/1203
f 1102/1484/1205 1315/2391/1769 1314/1485/1206
f 997/1487/1204 1209/2392/1203 1210/1488/1208
f 1100/1481/1010 1313/1480/1202 1290/1385/1155
f 998/1489/981 1210/1488/1208 1211/1490/1209
f 1316/1492/1210 1315/2391/1769 1102/1484/1205
f 999/1491/978 1211/1490/1209 1212/1494/1211
f 1317/1496/1213 1316/1492/1210 1103/1493/1095
f 1000/1495/1212 1212/1494/1211 1213/1498/1215
f 1105/1500/1216 1318/1504/1218 1317/1496/1213
f 1001/1499/979 1213/1498/1215 1214/1501/1217
f 1106/1503/1082 1319/1509/1220 1318/1504/1218
f 1003/1505/988 1215/1517/1223 1216/1506/1219
f 1107/1508/1081 1320/1511/1221 1319/1509/1220
f 1214/1501/1217 1193/1418/1175 981/1420/947
f 1108/1510/1052 1321/2393/1770 1320/1511/1221
f 1216/1512/1219 1217/2394/1771 1005/1513/987
f 1322/1515/1222 1321/2393/1770 1108/1510/1052
f 1005/1513/987 1217/2394/1771 1215/1517/1223
f 1323/1518/1224 1322/1515/1222 1109/1516/1051
f 1150/1520/1225 1218/1525/1228 1006/1521/983
f 1324/1523/1226 1323/1518/1224 1110/1519/1053
f 1218/1525/1228 1644/2395/1772 1432/1526/1229
f 1112/1527/1057 1325/2396/1773 1324/1523/1226
f 1007/1528/986 1219/1539/1234 1220/1529/1230
f 1326/1531/1231 1325/2396/1773 1112/1527/1057
f 1220/1529/1230 1221/1535/1232 1009/1533/991
f 1114/1534/1058 1327/2397/1774 1326/1531/1231
f 1221/1535/1232 1222/2380/1759 1010/1390/1157
f 1328/1536/1233 1327/2397/1774 1114/1534/1058
f 1011/1538/985 1224/1542/1235 1219/1539/1234
f 1116/1540/1046 1329/2398/1775 1328/1536/1233
f 1439/1541/984 1650/2150/1643 1224/1542/1235
f 1330/1543/1236 1329/2398/1775 1116/1540/1046
f 1225/1545/1237 1226/1550/1239 1013/1546/995
f 1331/1548/1238 1330/1543/1236 1117/1544/1047
f 1226/1550/1239 1227/2399/1776 1014/1551/992
f 1332/1552/1240 1331/1548/1238 1118/1549/1045
f 1014/1551/992 1227/2399/1776 1228/1554/1241
f 1333/1556/1242 1332/1552/1240 1119/1553/1044
f 1015/1555/993 1228/1554/1241 1229/1558/1243
f 1335/1560/1244 1334/1611/1269 1121/1561/1050
f 1016/1559/999 1229/1558/1243 1230/1563/1245
f 1101/1486/1207 1314/1485/1206 1333/1565/1242
f 1017/1564/1000 1230/1563/1245 1231/1567/1246
f 1336/1569/1247 1335/1560/1244 1122/1562/1078
f 1231/1567/1246 1232/1574/1249 1019/1571/1002
f 1337/1572/1248 1336/1569/1247 1123/1570/1070
f 1232/1574/1249 1233/2400/1777 1020/1575/1003
f 1338/1576/1250 1337/1572/1248 1124/1573/1069
f 1020/1575/1003 1233/2400/1777 1234/1578/1251
f 1126/1580/1061 1339/1584/1254 1338/1576/1250
f 1021/1579/1252 1234/1578/1251 1235/1581/1253
f 1127/1583/1060 1340/1588/1256 1339/1584/1254
f 1022/1582/1006 1235/1581/1253 1236/1585/1255
f 1128/1587/1063 1341/2401/1778 1340/1588/1256
f 1023/1586/1015 1236/1585/1255 1237/1589/1257
f 1342/1591/1258 1341/2401/1778 1128/1587/1063
f 1024/1590/1016 1237/1589/1257 1238/1593/1259
f 1130/1595/1059 1343/1599/1263 1342/1591/1258
f 1025/1594/1260 1238/1593/1259 1239/1596/1261
f 1131/1598/1055 1344/2402/1779 1343/1599/1263
f 1239/1596/1261 1240/1604/1265 1027/1600/1018
f 1345/1601/1264 1344/2403/1779 1131/1602/1055
f 1240/1604/1265 1241/2404/1780 1028/1605/1104
f 1133/1606/1007 1346/2405/1781 1347/1607/1266
f 1028/1605/1104 1241/2404/1780 1242/1609/1267
f 1334/1611/1269 1345/1601/1264 1132/1603/1054
f 1242/1612/1267 1243/1617/1271 1030/1613/1105
f 1134/1608/1005 1347/1607/1266 1348/1615/1270
f 1243/1617/1271 1244/1625/1274 1031/1618/1106
f 1348/1615/1270 1349/1623/1273 1136/1619/1012
f 1245/1620/1272 1246/1626/1275 1033/1621/1014
f 1349/1623/1273 1346/2406/1781 1133/1624/1007
f 1244/1625/1274 1225/1545/1237 1012/1547/996
f 1246/1626/1275 1247/2407/1782 1034/1627/1024
f 1034/1627/1024 1247/2407/1782 1248/1628/1276
f 937/1330/966 1149/1329/1126 1350/1630/1277
f 1035/1629/1026 1248/1628/1276 1249/1632/1278
f 1137/1631/965 1350/1630/1277 1351/1634/1279
f 1036/1633/1028 1249/1632/1278 1250/1636/1280
f 1144/1638/1281 1146/2408/1699 1359/1639/1282
f 1141/1641/1102 1354/1649/1286 1356/1642/1283
f 1138/1644/961 1351/2409/1279 1352/1645/1284
f 1037/1637/1030 1250/1636/1280 1251/1647/1285
f 1142/1424/1103 1355/2383/1762 1354/1649/1286
f 1352/1645/1284 1353/1321/1123 1140/1323/959
f 1251/1650/1285 1252/2410/1783 1039/1651/1287
f 935/1653/940 1147/2266/1709 1148/1654/1288
f 1143/1656/1099 1356/2411/1283 1192/1415/1173
f 1039/1651/1287 1252/2410/1783 1253/1657/1289
f 1040/1658/1290 1253/1657/1289 1254/1659/1291
f 1148/1654/1288 1150/1520/1225 938/1522/982
f 1255/1661/1292 1256/1667/1296 1043/1662/1033
f 1151/1663/1293 1144/1638/1281 934/1640/936
f 1254/1659/1291 1245/1620/1272 1032/1622/1017
f 1152/1665/1294 1151/1663/1293 939/1664/938
f 1256/1667/1296 1257/2412/1784 1044/1668/1092
f 1153/1669/1297 1152/1665/1294 940/1666/1295
f 1044/1668/1092 1257/2412/1784 1258/1671/1298
f 1154/1673/1300 1153/1669/1297 941/1670/937
f 1045/1672/1299 1258/1671/1298 1259/1675/1301
f 943/1677/962 1155/1680/1302 1154/1673/1300
f 1259/1675/1301 1260/2413/1785 1047/1678/1094
f 944/1679/964 1156/1684/1304 1155/1680/1302
f 1047/1678/1094 1260/2413/1785 1261/1681/1303
f 945/1683/963 1157/1688/1306 1156/1684/1304
f 1048/1682/1097 1261/1681/1303 1262/1685/1305
f 946/1687/958 1158/1692/1309 1157/1688/1306
f 1049/1686/1096 1262/1685/1305 1263/1689/1307
f 947/1691/956 1159/1696/1312 1158/1692/1309
f 1050/1690/1308 1263/1689/1307 1264/1693/1310
f 948/1695/955 1160/1699/1314 1159/1696/1312
f 1264/1693/1310 1265/2414/1786 1052/1697/1313
f 949/1698/952 1161/1703/1318 1160/1699/1314
f 1052/1697/1313 1265/2414/1786 1266/1700/1315
f 950/1702/1317 1162/1706/1320 1161/1703/1318
f 1266/1700/1315 1267/1707/1321 1054/1704/1319
f 951/1705/951 1163/2415/1787 1162/1706/1320
f 1267/1707/1321 1268/1710/1324 1055/1708/1322
f 1164/1709/1323 1163/2415/1787 951/1705/951
f 1268/1710/1324 1269/1300/1108 1056/1302/1110
f 969/1280/1090 968/1273/1083 1106/1272/1082
f 978/1711/1167 1104/1713/1214 1051/1714/1311
f 979/1715/1171 1051/1714/1311 1052/1717/1313
f 1056/1718/1110 1057/2416/1109 1058/1719/1113
f 1054/1721/1319 1055/1720/1322 1058/1719/1113
f 1052/1717/1313 1053/2417/1316 1054/1721/1319
f 1359/1723/1282 1357/1724/1326 1409/1722/1325
f 1409/1722/1325 1408/1735/1337 1362/1122/932
f 1357/1724/1326 1364/1727/1329 1410/1725/1327
f 1366/1726/1328 1410/1725/1327 1364/1727/1329
f 1362/1122/932 1408/1735/1337 1360/1729/1331
f 1366/1726/1328 1416/1737/1339 1415/1730/1332
f 1415/1730/1332 1414/2418/1589 1413/2419/1590
f 1413/2419/1590 1407/1733/1335 1415/1730/1332
f 1407/1733/1335 1410/1725/1327 1415/1730/1332
f 1408/1735/1337 1407/1733/1335 1411/1732/1334
f 1407/1733/1335 1413/2419/1590 1412/1731/1333
f 1367/1736/1338 1417/1751/1353 1416/1737/1339
f 1373/1742/1344 1374/1739/1341 1377/1738/1340
f 1374/1739/1341 1375/2420/1740 1376/1740/1342
f 1378/1741/1343 1372/1744/1346 1373/1742/1344
f 1379/1743/1345 1371/1746/1348 1372/1744/1346
f 1568/1745/1347 1567/2421/1706 1371/1746/1348
f 1371/1746/1348 1567/2421/1706 1566/1747/1349
f 1370/1748/1350 1566/1747/1349 1368/1749/1351
f 1566/1747/1349 1565/1752/1354 1367/1736/1338
f 1417/1751/1353 1367/1736/1338 1565/1752/1354
f 1511/1754/1356 1510/1757/1359 1418/1755/1357
f 1419/1756/1358 1418/1755/1357 1510/1757/1359
f 1420/1759/1361 1419/1756/1358 1509/1758/1360
f 1511/1754/1356 1417/1751/1353 1361/1753/1355
f 1512/1761/1363 1361/1753/1355 1379/1762/1364
f 1380/1764/1366 1514/2422/1573 1513/1763/1365
f 1424/1765/1367 1427/1769/1371 1426/1766/1368
f 1423/1768/1370 1406/1734/1336 1427/1769/1371
f 1363/1770/1372 1360/1729/1331 1406/1734/1336
f 1431/1771/1373 1438/2423/1640 1439/1174/984
f 1433/1773/1374 1438/2423/1640 1431/1771/1373
f 1423/1768/1370 1422/1788/1389 1428/1787/1388
f 1428/1787/1388 1430/1774/1375 1423/1768/1370
f 1433/1773/1374 1363/1770/1372 1430/1774/1375
f 1434/1775/1376 1430/1774/1375 1429/1776/1377
f 1435/1777/1378 1443/1782/1383 1442/1778/1379
f 1437/1184/994 1436/1779/1380 1442/1778/1379
f 1440/1781/1382 1358/1187/997 1437/1184/994
f 1443/1782/1383 1435/1777/1378 1429/1776/1377
f 1429/1776/1377 1428/1787/1388 1444/1783/1384
f 1428/1787/1388 1446/1784/1385 1444/1783/1384
f 1421/1786/1387 1446/1784/1385 1428/1787/1388
f 1421/1786/1387 1420/1759/1361 1448/1789/1390
f 1448/1789/1390 1447/2424/1658 1446/1784/1385
f 1420/1759/1361 1508/1760/1362 1563/1790/1391
f 1449/1793/1394 1448/1789/1390 1562/1791/1392
f 1562/1791/1392 1561/2425/1680 1450/1792/1393
f 1507/2426/1560 1506/1794/1395 1508/1760/1362
f 1506/1794/1395 1564/1796/1397 1563/1790/1391
f 1506/1794/1395 1505/2427/1551 1528/1795/1396
f 1461/1798/1399 1561/2425/1680 1564/1796/1397
f 1451/1801/1402 1450/1792/1393 1561/2425/1680
f 1561/2425/1680 1461/1798/1399 1451/1801/1402
f 1452/1800/1401 1461/1798/1399 1460/1802/1403
f 1454/2428/1676 1453/1803/1404 1455/1805/1406
f 1453/1803/1404 1460/1802/1403 1455/1805/1406
f 1499/1806/1407 1526/2429/1604 1525/1807/1408
f 1527/1797/1398 1526/2429/1604 1499/1806/1407
f 1497/1810/1411 1564/1796/1397 1527/1797/1398
f 1497/1810/1411 1496/1812/1413 1462/1799/1400
f 1463/1811/1412 1462/1799/1400 1496/1812/1413
f 1464/1814/1415 1463/1811/1412 1495/1813/1414
f 1465/1816/1417 1470/1819/1420 1493/1817/1418
f 1465/1816/1417 1464/1814/1415 1494/1815/1416
f 1471/1822/1423 1470/1819/1420 1504/1820/1421
f 1470/1819/1420 1494/1815/1416 1504/1820/1421
f 1500/1808/1409 1525/1807/1408 1524/1823/1424
f 1502/1825/1426 1501/1824/1425 1524/1823/1424
f 1503/1821/1422 1502/1825/1426 1523/1826/1427
f 1522/1827/1428 1547/1829/1430 1548/2430/1652
f 1548/2430/1652 1471/1822/1423 1522/1827/1428
f 1521/1828/1429 1546/1830/1431 1547/1829/1430
f 1546/1830/1431 1521/1828/1429 1544/1831/1432
f 1519/1833/1434 1518/1845/1446 1543/1834/1435
f 1543/1834/1435 1544/1831/1432 1521/1828/1429
f 1521/1828/1429 1520/2431/1591 1519/1833/1434
f 1537/1835/1436 1560/1838/1439 1549/1836/1437
f 1560/1838/1439 1537/1835/1436 1538/1839/1440
f 1538/1839/1440 1539/2432/1631 1540/1841/1442
f 1540/1841/1442 1541/1843/1444 1559/1840/1441
f 1542/1842/1443 1558/1844/1445 1559/1840/1441
f 1543/1834/1435 1518/1845/1446 1558/1844/1445
f 1554/1847/1448 1555/1848/1449 1558/1844/1445
f 1558/1844/1445 1518/1845/1446 1554/1847/1448
f 1555/1848/1449 1556/2433/1668 1557/1849/1450
f 1516/1850/1451 1553/1846/1447 1518/1845/1446
f 1381/2434/1501 1553/1846/1447 1380/1764/1366
f 1553/1846/1447 1516/1850/1451 1515/1852/1453
f 1380/1764/1366 1515/1852/1453 1514/2422/1573
f 1553/1846/1447 1381/2434/1501 1552/1855/1456
f 1381/2434/1501 1382/1853/1454 1552/1855/1456
f 1382/1853/1454 1383/2435/1509 1384/2436/1512
f 1384/2436/1512 1385/1856/1457 1382/1853/1454
f 1551/1854/1455 1386/1857/1458 1389/1858/1459
f 1386/1857/1458 1387/2437/1523 1388/2438/1526
f 1389/1858/1459 1386/1857/1458 1388/2438/1526
f 1390/1860/1461 1549/1836/1437 1550/1859/1460
f 1549/1836/1437 1390/1860/1461 1391/2439/1534
f 1391/2439/1534 1392/1861/1462 1549/1836/1437
f 1536/1837/1438 1392/1861/1462 1535/1864/1465
f 1392/1861/1462 1393/1862/1463 1535/1864/1465
f 1396/1865/1466 1397/2440/1545 1398/1866/1467
f 1399/1867/1468 1400/2441/1555 1401/2442/1559
f 1401/2442/1559 1402/1868/1469 1399/1867/1468
f 1396/1865/1466 1402/1868/1469 1394/1869/1470
f 1472/1871/1472 1471/1822/1423 1548/2430/1652
f 1529/1872/1473 1530/2443/1610 1473/1873/1474
f 1472/1871/1472 1548/2430/1652 1529/1872/1473
f 1474/1875/1476 1473/1873/1474 1530/2443/1610
f 1530/2443/1610 1531/1876/1477 1474/1875/1476
f 1531/1876/1477 1476/2444/1727 1475/1874/1475
f 1477/1877/1478 1476/2444/1727 1531/1876/1477
f 1489/1883/1484 1488/2445/1503 1487/2338/1504
f 1487/2338/1504 1571/1881/1482 1489/1883/1484
f 1490/2446/1516 1489/1883/1484 1569/1882/1483
f 1569/1882/1483 1466/1818/1419 1493/1817/1418
f 1492/1884/1485 1491/2447/1519 1569/1882/1483
f 1491/2447/1519 1490/2446/1516 1569/1882/1483
f 1468/1886/1487 1467/2448/1707 1466/1818/1419
f 1466/1818/1419 1569/1882/1483 1570/1885/1486
f 1468/1886/1487 1570/1885/1486 1469/1804/1405
f 1570/1885/1486 1358/1187/997 1457/2449/1686
f 1457/2449/1686 1456/2450/1678 1570/1885/1486
f 1456/2450/1678 1455/1805/1406 1570/1885/1486
f 1458/1888/1489 1457/2449/1686 1358/1187/997
f 1358/1187/997 1440/1781/1382 1459/1887/1488
f 1377/1889/1340 1589/2328/1747 1590/1890/1490
f 1485/1892/1491 1696/1898/1496 1695/1893/1492
f 1378/1891/1343 1590/1890/1490 1591/1895/1494
f 1486/1897/1495 1697/1903/1500 1696/1898/1496
f 1380/1899/1366 1379/2451/1364 1591/1900/1497
f 1486/1897/1495 1487/1907/1504 1698/1902/1499
f 1381/1904/1501 1380/1899/1366 1592/1901/1498
f 1488/1906/1503 1699/1911/1507 1698/1902/1499
f 1382/1908/1454 1381/1904/1501 1593/1905/1502
f 1488/1906/1503 1489/2452/1484 1700/1910/1506
f 1382/1908/1454 1594/1909/1505 1595/1912/1508
f 1379/1914/1345 1591/2453/1788 1779/1915/1510
f 1489/1917/1484 1490/1925/1516 1701/1918/1511
f 1384/1920/1512 1383/1913/1509 1595/1912/1508
f 1379/1922/1364 1361/2242/1355 1574/1923/1514
f 1490/1925/1516 1491/1930/1519 1702/1926/1517
f 1385/1927/1457 1384/1920/1512 1596/1921/1513
f 1492/1929/1485 1703/1934/1521 1702/1926/1517
f 1386/1931/1458 1385/1927/1457 1597/1928/1518
f 1493/1933/1418 1704/1943/1528 1703/1934/1521
f 1386/1931/1458 1598/1932/1520 1599/1935/1522
f 1494/1937/1416 1495/1946/1414 1706/1938/1524
f 1388/1940/1526 1387/1936/1523 1599/1935/1522
f 1470/1942/1420 1681/2276/1713 1704/1943/1528
f 1389/1944/1459 1388/1940/1526 1600/1941/1527
f 1495/1946/1414 1496/1950/1413 1707/1947/1530
f 1390/1948/1461 1389/1944/1459 1601/1945/1529
f 1496/1950/1413 1497/1954/1411 1708/1951/1532
f 1390/1948/1461 1602/1949/1531 1603/1952/1533
f 1497/1954/1411 1498/1959/1410 1709/1955/1535
f 1391/1953/1534 1603/1952/1533 1604/1956/1536
f 1499/1958/1407 1710/1963/1538 1709/1955/1535
f 1392/1957/1462 1604/1956/1536 1605/1960/1537
f 1500/1962/1409 1711/1967/1540 1710/1963/1538
f 1393/1961/1463 1605/1960/1537 1606/1964/1539
f 1501/1966/1425 1712/1971/1542 1711/1967/1540
f 1394/1965/1470 1606/1964/1539 1607/1968/1541
f 1502/1970/1426 1713/1975/1544 1712/1971/1542
f 1395/1969/1471 1607/1968/1541 1608/1972/1543
f 1503/1974/1422 1714/1979/1548 1713/1975/1544
f 1397/1976/1545 1396/1973/1466 1608/1972/1543
f 1503/1974/1422 1504/2454/1421 1715/1978/1547
f 1398/1980/1467 1397/1976/1545 1609/1977/1546
f 1506/1982/1395 1717/1995/1557 1716/1983/1550
f 1398/1980/1467 1610/1981/1549 1611/1985/1552
f 1436/1987/1380 1437/2455/994 1223/1988/1158
f 1504/1990/1421 1494/1937/1416 1705/1939/1525
f 1399/1986/1468 1611/1985/1552 1612/1992/1554
f 1506/1982/1395 1507/1998/1560 1718/1994/1556
f 1400/1993/1555 1612/1992/1554 1613/1996/1558
f 1507/1998/1560 1508/2003/1362 1719/1999/1561
f 1402/2000/1469 1401/2456/1559 1613/2001/1558
f 1508/2003/1362 1509/2007/1360 1720/2004/1563
f 1403/2005/1480 1402/2000/1469 1614/2002/1562
f 1509/2007/1360 1510/2011/1359 1721/2008/1565
f 1403/2005/1480 1615/2006/1564 1616/2009/1566
f 1510/2011/1359 1511/2016/1356 1722/2012/1568
f 1404/2010/1567 1616/2009/1566 1617/2013/1569
f 1512/2015/1363 1723/2021/1572 1722/2012/1568
f 1411/2017/1334 1623/2043/1585 1618/2018/1571
f 1513/2020/1365 1724/2024/1574 1723/2021/1572
f 1570/2022/1486 1781/2261/1705 1145/1423/1177
f 1514/2023/1573 1725/2029/1576 1724/2024/1574
f 1408/2025/1337 1620/2031/1577 1619/2026/1575
f 1515/2028/1453 1726/2033/1578 1725/2029/1576
f 1409/2030/1325 1621/2035/1580 1620/2031/1577
f 1516/2032/1451 1727/2037/1581 1726/2033/1578
f 1409/2030/1325 1410/2039/1327 1622/2034/1579
f 1517/2036/1452 1728/2041/1583 1727/2037/1581
f 1407/2038/1335 1619/2457/1575 1622/2034/1579
f 1517/2036/1452 1518/2045/1446 1729/2040/1582
f 1411/2017/1334 1412/2046/1333 1624/2042/1584
f 1519/2044/1434 1730/2049/1588 1729/2040/1582
f 1412/2046/1333 1413/2051/1590 1625/2047/1586
f 1519/2044/1434 1520/2053/1591 1731/2048/1587
f 1414/2050/1589 1626/2055/1592 1625/2047/1586
f 1521/2052/1429 1732/2057/1594 1731/2048/1587
f 1415/2054/1332 1627/2059/1596 1626/2055/1592
f 1521/2052/1429 1522/2458/1428 1733/2056/1593
f 1415/2054/1332 1416/2064/1339 1628/2058/1595
f 1523/2060/1427 1734/2066/1598 1733/2061/1593
f 1417/2063/1353 1629/2068/1599 1628/2058/1595
f 1523/2060/1427 1524/2069/1424 1735/2065/1597
f 1418/2067/1357 1630/2072/1601 1629/2068/1599
f 1524/2069/1424 1525/2073/1408 1736/2070/1600
f 1419/2071/1358 1631/2076/1603 1630/2072/1601
f 1525/2073/1408 1526/2077/1604 1737/2074/1602
f 1420/2075/1361 1632/2080/1606 1631/2076/1603
f 1526/2077/1604 1527/2081/1398 1738/2078/1605
f 1421/2079/1387 1633/2084/1609 1632/2080/1606
f 1527/2081/1398 1528/2091/1396 1739/2082/1607
f 1421/2079/1387 1422/2459/1389 1634/2083/1608
f 1530/2085/1610 1529/2173/1473 1740/2086/1611
f 1422/2088/1389 1423/2092/1370 1635/2089/1613
f 1528/2091/1396 1505/1984/1551 1716/1983/1550
f 1423/2092/1370 1424/2096/1367 1636/2093/1614
f 1530/2085/1610 1741/2087/1612 1742/2094/1615
f 1424/2096/1367 1425/2101/1369 1637/2097/1616
f 1531/2098/1477 1742/2460/1615 1743/2099/1617
f 1425/2101/1369 1426/2105/1368 1638/2102/1618
f 1533/2103/1481 1532/2100/1479 1743/2099/1617
f 1426/2105/1368 1427/2114/1371 1639/2106/1620
f 1534/2107/1464 1533/2103/1481 1744/2104/1619
f 1428/2109/1388 1429/2461/1377 1641/2110/1622
f 1535/2112/1465 1534/2107/1464 1745/2108/1621
f 1406/2019/1336 1618/2018/1571 1639/2106/1620
f 1536/2115/1438 1535/2112/1465 1746/2113/1624
f 1430/2117/1375 1642/2122/1627 1641/2118/1622
f 1536/2115/1438 1747/2116/1625 1748/2120/1626
f 1430/2117/1375 1428/2109/1388 1640/2111/1623
f 1537/2121/1436 1748/2120/1626 1749/2123/1628
f 1431/2125/1373 1643/2131/1632 1575/2126/1629
f 1538/2124/1440 1749/2123/1628 1750/2128/1630
f 1432/2130/1229 1644/2462/1772 1643/2131/1632
f 1540/2132/1442 1539/2129/1631 1750/2128/1630
f 1433/2134/1374 1434/2140/1376 1646/2135/1634
f 1540/2132/1442 1751/2133/1633 1752/2137/1636
f 1435/2139/1378 1647/2143/1638 1646/2135/1634
f 1542/2141/1443 1541/2138/1444 1752/2137/1636
f 1436/1987/1380 1648/1989/1553 1647/2143/1638
f 1542/2141/1443 1753/2142/1637 1754/2144/1639
f 1438/2146/1640 1433/2134/1374 1645/2136/1635
f 1544/2148/1432 1543/2145/1435 1754/2144/1639
f 1439/1541/984 1438/2146/1640 1649/2147/1641
f 1544/2148/1432 1755/2149/1642 1756/2151/1644
f 1441/2153/1381 1652/2159/1647 1651/2154/1645
f 1545/2152/1433 1756/2151/1644 1757/2156/1646
f 1442/2158/1379 1653/2163/1650 1652/2159/1647
f 1546/2157/1431 1757/2156/1646 1758/2160/1648
f 1442/2158/1379 1443/2166/1383 1654/2162/1649
f 1547/2161/1430 1758/2160/1648 1759/2164/1651
f 1443/2166/1383 1444/2171/1384 1655/2167/1653
f 1549/2168/1437 1760/2222/1685 1761/2169/1654
f 1444/2171/1384 1445/2174/1386 1656/2172/1655
f 1529/2173/1473 1548/2165/1652 1759/2164/1651
f 1445/2174/1386 1446/2179/1385 1657/2175/1656
f 1550/2170/1460 1761/2169/1654 1762/2176/1657
f 1447/2178/1658 1658/2183/1660 1657/2175/1656
f 1551/2177/1455 1762/2176/1657 1763/2180/1659
f 1448/2182/1390 1659/2187/1663 1658/2183/1660
f 1552/2181/1456 1763/2180/1659 1764/2184/1661
f 1448/2182/1390 1449/2190/1394 1660/2186/1662
f 1554/2188/1448 1553/2185/1447 1764/2184/1661
f 1449/2190/1394 1450/2194/1393 1661/2191/1665
f 1555/2192/1449 1554/2188/1448 1765/2189/1664
f 1450/2194/1393 1451/2198/1402 1662/2195/1667
f 1556/2196/1668 1555/2192/1449 1766/2193/1666
f 1451/2198/1402 1452/2202/1401 1663/2199/1670
f 1556/2196/1668 1767/2197/1669 1768/2200/1671
f 1452/2202/1401 1453/2206/1404 1664/2203/1672
f 1558/2204/1445 1557/2201/1450 1768/2200/1671
f 1453/2206/1404 1454/2211/1676 1665/2207/1674
f 1559/2208/1441 1558/2204/1445 1769/2205/1673
f 1455/2210/1406 1666/2216/1679 1665/2207/1674
f 1559/2212/1441 1770/2463/1675 1771/2213/1677
f 1456/2215/1678 1667/2221/1684 1666/2216/1679
f 1561/2217/1680 1562/2226/1392 1773/2218/1681
f 1456/2215/1678 1457/2464/1686 1668/2220/1683
f 1560/2214/1439 1771/2213/1677 1760/2222/1685
f 1458/2223/1489 1669/2229/1688 1668/2224/1683
f 1562/2226/1392 1563/2231/1391 1774/2227/1687
f 1459/2228/1488 1670/2237/1691 1669/2229/1688
f 1564/2230/1397 1775/2236/1690 1774/2227/1687
f 1461/2232/1399 1672/2239/1692 1671/2233/1689
f 1561/2235/1680 1772/2465/1682 1775/2236/1690
f 1440/2155/1382 1651/2154/1645 1670/2237/1691
f 1462/2238/1400 1673/2241/1694 1672/2239/1692
f 1462/2238/1400 1463/2244/1412 1674/2240/1693
f 1361/2242/1355 1565/2246/1354 1776/2243/1695
f 1463/2244/1412 1464/2248/1415 1675/2245/1696
f 1565/2246/1354 1566/2466/1349 1777/2247/1697
f 1464/2248/1415 1465/2259/1417 1676/2249/1698
f 1357/2250/1326 1359/2467/1282 1146/2251/1699
f 1569/2253/1483 1571/2468/1482 1782/2254/1701
f 1566/2256/1349 1567/2262/1706 1778/2257/1703
f 1465/2259/1417 1466/2264/1419 1677/2260/1704
f 1570/2022/1486 1569/2253/1483 1780/2255/1702
f 1568/1916/1347 1779/1915/1510 1778/2257/1703
f 1467/2263/1707 1678/2270/1711 1677/2260/1704
f 935/1653/940 1360/2274/1331 1573/2265/1708
f 1571/2267/1482 1405/2014/1570 1617/2013/1569
f 1467/2263/1707 1468/2469/1487 1679/2269/1710
f 1468/2271/1487 1469/2279/1405 1680/2272/1712
f 1363/2127/1372 1575/2126/1629 1573/2265/1708
f 1471/2275/1423 1682/2283/1716 1681/2276/1713
f 1357/2250/1326 1572/2252/1700 1576/2277/1714
f 1460/2234/1403 1671/2233/1689 1680/2272/1712
f 1364/2278/1329 1576/2277/1714 1577/2280/1715
f 1472/2282/1472 1683/2287/1719 1682/2283/1716
f 1365/2281/1330 1577/2280/1715 1578/2284/1717
f 1472/2282/1472 1473/2290/1474 1684/2286/1718
f 1366/2285/1328 1578/2284/1717 1579/2288/1720
f 1473/2290/1474 1474/2295/1476 1685/2291/1721
f 1368/2292/1351 1367/2289/1338 1579/2288/1720
f 1475/2294/1475 1686/2299/1725 1685/2291/1721
f 1369/2296/1352 1368/2292/1351 1580/2293/1722
f 1475/2294/1475 1476/2302/1727 1687/2298/1724
f 1370/2300/1350 1369/2296/1352 1581/2297/1723
f 1476/2302/1727 1477/2306/1478 1688/2303/1728
f 1371/2304/1348 1370/2300/1350 1582/2301/1726
f 1477/2306/1478 1478/2310/1732 1689/2307/1730
f 1372/2308/1346 1371/2304/1348 1583/2305/1729
f 1478/2310/1732 1479/2315/1736 1690/2311/1733
f 1373/2312/1344 1372/2308/1346 1584/2309/1731
f 1480/2314/1735 1691/2319/1739 1690/2311/1733
f 1374/2316/1341 1373/2312/1344 1585/2313/1734
f 1480/2314/1735 1481/2323/1743 1692/2318/1738
f 1375/2320/1740 1374/2316/1341 1586/2317/1737
f 1482/2322/1742 1693/2327/1746 1692/2318/1738
f 1376/2324/1342 1375/2320/1740 1587/2321/1741
f 1483/2326/1745 1694/2329/1748 1693/2327/1746
f 1376/2324/1342 1588/2325/1744 1589/2328/1747
f 1484/1894/1493 1695/1893/1492 1694/2329/1748
f 1394/1869/1470 1403/1879/1480 1534/1863/1464
f 1477/1877/1478 1532/1878/1479 1479/2330/1736
f 1403/1879/1480 1404/2334/1567 1479/2330/1736
f 1480/2333/1735 1479/2330/1736 1404/2334/1567
f 1486/2335/1495 1485/2470/1491 1484/2336/1493
f 1482/2339/1742 1571/1881/1482 1486/2335/1495
f 1480/2333/1735 1571/1881/1482 1482/2339/1742
f 8/2/2 3/1/1 4/2471/2
f 5/4/7 3/1/1 7/3/3
f 1/6/5 6/5/5 2/2472/5
f 1788/2473/1789 1818/2474/1790 1785/2475/1791
f 2072/2476/1792 1799/2477/1793 2071/2478/1794
f 1811/2479/1795 1794/2480/1796 1792/2481/1797
f 1784/2482/1798 1973/2483/1799 1972/2484/1800
f 2063/2485/1801 1801/2486/1802 2062/2487/1803
f 1793/2488/1804 2036/2489/1805 2035/2490/1806
f 1800/2491/1807 1815/2492/1808 1788/2473/1789
f 1955/2493/1809 1783/2494/1810 1954/2495/1811
f 1790/2496/1812 2054/2497/1813 2053/2498/1814
f 1787/2499/1815 1814/2500/1816 1789/2501/1817
f 1802/2502/1818 1800/2491/1807 1801/2486/1802
f 1809/2503/1819 1793/2488/1804 1794/2480/1796
f 2136/2504/1820 1856/2505/1821 2156/2506/1822
f 2000/2507/1823 1797/2508/1824 1999/2509/1825
f 1789/2501/1817 2045/2510/1826 2044/2511/1827
f 1783/2494/1810 1964/2512/1828 1963/2513/1829
f 2027/2514/1830 1798/2515/1831 2026/2516/1832
f 1786/2517/1833 1819/2518/1834 1784/2482/1798
f 2018/2519/1835 1796/2520/1836 2017/2521/1837
f 1991/2522/1838 1795/2523/1839 1990/2524/1840
f 2063/2485/1801 1821/2525/1841 1802/2502/1818
f 1819/2518/1834 1974/2526/1842 1973/2483/1799
f 1811/2479/1795 1828/2527/1843 1809/2503/1819
f 2072/2476/1792 1823/2528/1844 1804/2529/1845
f 1991/2522/1838 1827/2530/1846 1808/2531/1847
f 2018/2519/1835 1826/2532/1848 1807/2533/1849
f 1819/2518/1834 1836/2534/1850 1838/2535/1851
f 1815/2492/1808 1822/2536/1852 1834/2537/1853
f 2027/2514/1830 1824/2538/1854 1805/2539/1855
f 1964/2512/1828 1839/2540/1856 1965/2541/1857
f 1814/2500/1816 2046/2542/1858 2045/2510/1826
f 2001/2543/1859 1806/2544/1860 2000/2507/1823
f 1828/2527/1843 1810/2545/1861 1809/2503/1819
f 1821/2525/1841 1803/2546/1862 1802/2502/1818
f 1816/2547/1863 1833/2548/1864 1814/2500/1816
f 2054/2497/1813 1832/2549/1865 2055/2550/1866
f 1956/2551/1867 1820/2552/1868 1955/2493/1809
f 1834/2537/1853 1818/2474/1790 1815/2492/1808
f 2036/2489/1805 1829/2553/1869 2037/2554/1870
f 1992/2555/1871 1846/2556/1872 1827/2530/1846
f 2019/2557/1873 1845/2558/1874 1826/2532/1848
f 1838/2535/1851 1855/2559/1875 1857/2560/1876
f 1834/2537/1853 1841/2561/1877 1853/2562/1878
f 2028/2563/1879 1843/2564/1880 1824/2538/1854
f 1965/2541/1857 1858/2565/1881 1966/2566/1882
f 1833/2548/1864 2047/2567/1883 2046/2542/1858
f 2002/2568/1884 1825/2569/1885 2001/2543/1859
f 1853/2562/1878 1837/2570/1886 1834/2537/1853
f 1847/2571/1887 1829/2553/1869 1828/2527/1843
f 1875/2572/1888 2196/2573/1889 2176/2574/1890
f 1840/2575/1891 1822/2536/1852 1821/2525/1841
f 1835/2576/1892 1852/2577/1893 1833/2548/1864
f 2055/2550/1866 1851/2578/1894 2056/2579/1895
f 1957/2580/1896 1839/2540/1856 1956/2551/1867
f 2156/2506/1822 1875/2572/1888 2176/2574/1890
f 2037/2554/1870 1848/2581/1897 2038/2582/1898
f 2064/2583/1899 1840/2575/1891 1821/2525/1841
f 1838/2535/1851 1975/2584/1900 1974/2526/1842
f 1830/2585/1901 1847/2571/1887 1828/2527/1843
f 2073/2586/1902 1842/2587/1903 1823/2528/1844
f 1852/2577/1893 2048/2588/1904 2047/2567/1883
f 2003/2589/1905 1844/2590/1906 2002/2568/1884
f 1872/2591/1907 1856/2505/1821 1853/2562/1878
f 1866/2592/1908 1848/2581/1897 1847/2571/1887
f 1860/2593/1909 1853/2562/1878 1841/2561/1877
f 1859/2594/1910 1841/2561/1877 1840/2575/1891
f 1854/2595/1911 1871/2596/1912 1852/2577/1893
f 2056/2579/1895 1870/2597/1913 2057/2598/1914
f 1958/2599/1915 1858/2565/1881 1957/2580/1896
f 1891/2600/1916 1875/2572/1888 1872/2591/1907
f 2038/2582/1898 1867/2601/1917 2039/2602/1918
f 2065/2603/1919 1859/2594/1910 1840/2575/1891
f 1857/2560/1876 1976/2604/1920 1975/2584/1900
f 1849/2605/1921 1866/2592/1908 1847/2571/1887
f 2074/2606/1922 1861/2607/1923 1842/2587/1903
f 1993/2608/1924 1865/2609/1925 1846/2556/1872
f 2020/2610/1926 1864/2611/1927 1845/2558/1874
f 1857/2560/1876 1874/2612/1928 1876/2613/1929
f 2029/2614/1930 1862/2615/1931 1843/2564/1880
f 1966/2566/1882 1877/2616/1932 1967/2617/1933
f 1878/2618/1934 1860/2593/1909 1859/2594/1910
f 1873/2619/1935 1890/2620/1936 1871/2596/1912
f 1870/2597/1913 2058/2621/1937 2057/2598/1914
f 1959/2622/1938 1877/2616/1932 1958/2599/1915
f 1894/2623/1939 2216/2624/1940 2196/2573/1889
f 1867/2601/1917 2040/2625/1941 2039/2602/1918
f 2067/2626/1942 1859/2594/1910 2066/2627/1943
f 1876/2613/1929 1977/2628/1944 1976/2604/1920
f 1887/2629/1945 1866/2592/1908 1868/2630/1946
f 2076/2631/1947 1861/2607/1923 2075/2632/1948
f 1879/2633/1949 1872/2591/1907 1860/2593/1909
f 1995/2634/1950 1865/2609/1925 1994/2635/1951
f 2022/2636/1952 1864/2611/1927 2021/2637/1953
f 1874/2612/1928 1895/2638/1954 1876/2613/1929
f 2031/2639/1955 1862/2615/1931 2030/2640/1956
f 1877/2616/1932 1968/2641/1957 1967/2617/1933
f 1871/2596/1912 2049/2642/1958 2048/2588/1904
f 2004/2643/1959 1863/2644/1960 2003/2589/1905
f 2216/2624/1940 1932/2645/1961 2236/2646/1962
f 1885/2647/1963 1867/2601/1917 1866/2592/1908
f 2040/2625/1941 1905/2648/1964 2041/2649/1965
f 2068/2650/1966 1878/2618/1934 2067/2626/1942
f 1895/2638/1954 1978/2651/1967 1977/2628/1944
f 1887/2629/1945 1904/2652/1968 1885/2647/1963
f 2077/2653/1969 1880/2654/1970 2076/2631/1947
f 1995/2634/1950 1903/2655/1971 1884/2656/1972
f 2022/2636/1952 1902/2657/1973 1883/2658/1974
f 1895/2638/1954 1912/2659/1975 1914/2660/1976
f 1891/2600/1916 1898/2661/1977 1910/2662/1978
f 2031/2639/1955 1900/2663/1979 1881/2664/1980
f 1968/2641/1957 1915/2665/1981 1969/2666/1982
f 1890/2620/1936 2050/2667/1983 2049/2642/1958
f 2005/2668/1984 1882/2669/1985 2004/2643/1959
f 1904/2652/1968 1886/2670/1986 1885/2647/1963
f 1897/2671/1987 1879/2633/1949 1878/2618/1934
f 1892/2672/1988 1909/2673/1989 1890/2620/1936
f 1889/2674/1990 2059/2675/1991 2058/2621/1937
f 1960/2676/1992 1896/2677/1993 1959/2622/1938
f 1910/2662/1978 1894/2623/1939 1891/2600/1916
f 1996/2678/1994 1922/2679/1995 1903/2655/1971
f 2023/2680/1996 1921/2681/1997 1902/2657/1973
f 1914/2660/1976 1931/2682/1998 1933/2683/1999
f 1910/2662/1978 1917/2684/2000 1929/2685/2001
f 2032/2686/2002 1919/2687/2003 1900/2663/1979
f 1969/2666/1982 1934/2688/2004 1970/2689/2005
f 1909/2673/1989 2051/2690/2006 2050/2667/1983
f 2006/2691/2007 1901/2692/2008 2005/2668/1984
f 1929/2685/2001 1913/2693/2009 1910/2662/1978
f 1923/2694/2010 1905/2648/1964 1904/2652/1968
f 1916/2695/2011 1898/2661/1977 1897/2671/1987
f 1911/2696/2012 1928/2697/2013 1909/2673/1989
f 1908/2698/2014 2060/2699/2015 2059/2675/1991
f 1960/2676/1992 1934/2688/2004 1915/2665/1981
f 2236/2646/1962 1951/2700/2016 2256/2701/2017
f 2041/2649/1965 1924/2702/2018 2042/2703/2019
f 2069/2704/2020 1897/2671/1987 2068/2650/1966
f 1914/2660/1976 1979/2705/2021 1978/2651/1967
f 1906/2706/2022 1923/2694/2010 1904/2652/1968
f 2078/2707/2023 1899/2708/2024 2077/2653/1969
f 1970/2689/2005 1953/2709/2025 1971/2710/2026
f 1928/2697/2013 2052/2711/2027 2051/2690/2006
f 2007/2712/2028 1920/2713/2029 2006/2691/2007
f 1948/2714/2030 1932/2645/1961 1929/2685/2001
f 1942/2715/2031 1924/2702/2018 1923/2694/2010
f 1936/2716/2032 1929/2685/2001 1917/2684/2000
f 1935/2717/2033 1917/2684/2000 1916/2695/2011
f 1930/2718/2034 1947/2719/2035 1928/2697/2013
f 1927/2720/2036 2061/2721/2037 2060/2699/2015
f 1961/2722/2038 1953/2709/2025 1934/2688/2004
f 1818/2474/1790 2136/2504/1820 2116/2723/2039
f 2042/2703/2019 1943/2724/2040 2043/2725/2041
f 2070/2726/2042 1916/2695/2011 2069/2704/2020
f 1933/2683/1999 1980/2727/2043 1979/2705/2021
f 1944/2728/2044 1923/2694/2010 1925/2729/2045
f 2079/2730/2046 1918/2731/2047 2078/2707/2023
f 1997/2732/2048 1941/2733/2049 1922/2679/1995
f 2024/2734/2050 1940/2735/2051 1921/2681/1997
f 1933/2683/1999 1950/2736/2052 1952/2737/2053
f 2033/2738/2054 1938/2739/2055 1919/2687/2003
f 2116/2723/2039 1785/2475/1791 1818/2474/1790
f 2238/2740/2056 1962/2741/2057 1961/2722/2038
f 2218/2742/2058 1961/2722/2038 1960/2676/1992
f 2198/2743/2059 1960/2676/1992 1959/2622/1938
f 2198/2743/2059 1958/2599/1915 2178/2744/2060
f 2178/2744/2060 1957/2580/1896 2158/2745/2061
f 2158/2745/2061 1956/2551/1867 2138/2746/2062
f 2138/2746/2062 1955/2493/1809 2118/2747/2063
f 2118/2747/2063 1954/2495/1811 2081/2748/5
f 1931/2682/1998 1971/2710/2026 1950/2736/2052
f 1912/2659/1975 1970/2689/2005 1931/2682/1998
f 1893/2749/2064 1969/2666/1982 1912/2659/1975
f 1967/2617/1933 1893/2749/2064 1874/2612/1928
f 1855/2559/1875 1967/2617/1933 1874/2612/1928
f 1836/2534/1850 1966/2566/1882 1855/2559/1875
f 1817/2750/2065 1965/2541/1857 1836/2534/1850
f 1963/2513/1829 1817/2750/2065 1786/2517/1833
f 1979/2705/2021 1949/2751/2066 1930/2718/2034
f 1978/2651/1967 1930/2718/2034 1911/2696/2012
f 1977/2628/1944 1911/2696/2012 1892/2672/1988
f 1976/2604/1920 1892/2672/1988 1873/2619/1935
f 1975/2584/1900 1873/2619/1935 1854/2595/1911
f 1974/2526/1842 1854/2595/1911 1835/2576/1892
f 1973/2483/1799 1835/2576/1892 1816/2547/1863
f 1972/2484/1800 1816/2547/1863 1787/2499/1815
f 1926/2752/2067 1989/2753/2068 1945/2754/2069
f 1907/2755/2070 1988/2756/2071 1926/2752/2067
f 1888/2757/2072 1987/2758/2073 1907/2755/2070
f 1985/2759/2074 1888/2757/2072 1869/2760/2075
f 1850/2761/2076 1985/2759/2074 1869/2760/2075
f 1831/2762/2077 1984/2763/2078 1850/2761/2076
f 1812/2764/2079 1983/2765/2080 1831/2762/2077
f 1981/2766/2081 1812/2764/2079 1791/2767/2082
f 1926/2752/2067 1998/2768/2083 1997/2732/2048
f 1907/2755/2070 1997/2732/2048 1996/2678/1994
f 1888/2757/2072 1996/2678/1994 1995/2634/1950
f 1888/2757/2072 1994/2635/1951 1869/2760/2075
f 1850/2761/2076 1994/2635/1951 1993/2608/1924
f 1831/2762/2077 1993/2608/1924 1992/2555/1871
f 1812/2764/2079 1992/2555/1871 1991/2522/1838
f 1812/2764/2079 1990/2524/1840 1791/2767/2082
f 1941/2733/2049 2006/2691/2007 1922/2679/1995
f 1922/2679/1995 2005/2668/1984 1903/2655/1971
f 1903/2655/1971 2004/2643/1959 1884/2656/1972
f 1884/2656/1972 2003/2589/1905 1865/2609/1925
f 1865/2609/1925 2002/2568/1884 1846/2556/1872
f 1846/2556/1872 2001/2543/1859 1827/2530/1846
f 1827/2530/1846 2000/2507/1823 1808/2531/1847
f 1808/2531/1847 1999/2509/1825 1795/2523/1839
f 1920/2713/2029 2016/2769/2084 2015/2770/2085
f 1901/2692/2008 2015/2770/2085 2014/2771/2086
f 1882/2669/1985 2014/2771/2086 2013/2772/2087
f 1882/2669/1985 2012/2773/2088 1863/2644/1960
f 1844/2590/1906 2012/2773/2088 2011/2774/2089
f 1825/2569/1885 2011/2774/2089 2010/2775/2090
f 1806/2544/1860 2010/2775/2090 2009/2776/2091
f 1806/2544/1860 2008/2777/2092 1797/2508/1824
f 2015/2770/2085 2025/2778/2093 2024/2734/2050
f 2014/2771/2086 2024/2734/2050 2023/2680/1996
f 2013/2772/2087 2023/2680/1996 2022/2636/1952
f 2013/2772/2087 2021/2637/1953 2012/2773/2088
f 2011/2774/2089 2021/2637/1953 2020/2610/1926
f 2010/2775/2090 2020/2610/1926 2019/2557/1873
f 2009/2776/2091 2019/2557/1873 2018/2519/1835
f 2009/2776/2091 2017/2521/1837 2008/2777/2092
f 1921/2681/1997 2034/2779/2094 2033/2738/2054
f 1902/2657/1973 2033/2738/2054 2032/2686/2002
f 1883/2658/1974 2032/2686/2002 2031/2639/1955
f 1883/2658/1974 2030/2640/1956 1864/2611/1927
f 1845/2558/1874 2030/2640/1956 2029/2614/1930
f 1826/2532/1848 2029/2614/1930 2028/2563/1879
f 1807/2533/1849 2028/2563/1879 2027/2514/1830
f 1807/2533/1849 2026/2516/1832 1796/2520/1836
f 1988/2756/2071 2043/2725/2041 1989/2753/2068
f 1987/2758/2073 2042/2703/2019 1988/2756/2071
f 1986/2780/2095 2041/2649/1965 1987/2758/2073
f 2039/2602/1918 1986/2780/2095 1985/2759/2074
f 1984/2763/2078 2039/2602/1918 1985/2759/2074
f 1983/2765/2080 2038/2582/1898 1984/2763/2078
f 1982/2781/2096 2037/2554/1870 1983/2765/2080
f 2035/2490/1806 1982/2781/2096 1981/2766/2081
f 2051/2690/2006 1946/2782/2097 1927/2720/2036
f 2050/2667/1983 1927/2720/2036 1908/2698/2014
f 1889/2674/1990 2050/2667/1983 1908/2698/2014
f 2048/2588/1904 1889/2674/1990 1870/2597/1913
f 1851/2578/1894 2048/2588/1904 1870/2597/1913
f 2046/2542/1858 1851/2578/1894 1832/2549/1865
f 2045/2510/1826 1832/2549/1865 1813/2783/2098
f 2044/2511/1827 1813/2783/2098 1790/2496/1812
f 1925/2729/2045 2061/2721/2037 1944/2728/2044
f 2059/2675/1991 1925/2729/2045 1906/2706/2022
f 1887/2629/1945 2059/2675/1991 1906/2706/2022
f 2057/2598/1914 1887/2629/1945 1868/2630/1946
f 1849/2605/1921 2057/2598/1914 1868/2630/1946
f 2055/2550/1866 1849/2605/1921 1830/2585/1901
f 2054/2497/1813 1830/2585/1901 1811/2479/1795
f 2053/2498/1814 1811/2479/1795 1792/2481/1797
f 1918/2731/2047 2070/2726/2042 2069/2704/2020
f 1899/2708/2024 2069/2704/2020 2068/2650/1966
f 1880/2654/1970 2068/2650/1966 2067/2626/1942
f 1880/2654/1970 2066/2627/1943 1861/2607/1923
f 1861/2607/1923 2065/2603/1919 1842/2587/1903
f 1842/2587/1903 2064/2583/1899 1823/2528/1844
f 1823/2528/1844 2063/2485/1801 1804/2529/1845
f 1804/2529/1845 2062/2487/1803 1799/2477/1793
f 1919/2687/2003 2079/2730/2046 2078/2707/2023
f 1900/2663/1979 2078/2707/2023 2077/2653/1969
f 1881/2664/1980 2077/2653/1969 2076/2631/1947
f 1881/2664/1980 2075/2632/1948 1862/2615/1931
f 1843/2564/1880 2075/2632/1948 2074/2606/1922
f 1824/2538/1854 2074/2606/1922 2073/2586/1902
f 1805/2539/1855 2073/2586/1902 2072/2476/1792
f 1805/2539/1855 2071/2478/1794 1798/2515/1831
f 2116/2723/2039 2086/2784/2099 2083/2785/2100
f 2097/2786/2101 2378/2787/2102 2377/2788/2103
f 2092/2789/2104 2109/2790/2105 2090/2791/2106
f 2279/2792/2107 2082/2793/2108 2278/2794/2109
f 2099/2795/2110 2369/2796/2111 2368/2797/2112
f 2342/2798/2113 2091/2799/2114 2341/2800/2115
f 2098/2801/2116 2113/2802/2117 2101/2803/2118
f 2080/2804/2119 2261/2805/2120 2260/2806/2121
f 2360/2807/2122 2088/2808/2123 2359/2809/2124
f 2112/2810/2125 2085/2811/2126 2087/2812/2127
f 2098/2801/2116 2100/2813/2128 2099/2795/2110
f 2091/2799/2114 2107/2814/2129 2092/2789/2104
f 2095/2815/2130 2306/2816/2131 2305/2817/2132
f 2351/2818/2133 2087/2812/2127 2350/2819/2134
f 2270/2820/2135 2080/2804/2119 2269/2821/2136
f 2096/2822/2137 2333/2823/2138 2332/2824/2139
f 2117/2825/2140 2084/2826/2141 2082/2793/2108
f 2094/2827/2142 2324/2828/2143 2323/2829/2144
f 2093/2830/2145 2297/2831/2146 2296/2832/2147
f 2369/2796/2111 2120/2833/2148 2370/2834/2149
f 2280/2835/2150 2117/2825/2140 2279/2792/2107
f 2109/2790/2105 2127/2836/2151 2129/2837/2152
f 2378/2787/2102 2122/2838/2153 2379/2839/2154
f 2297/2831/2146 2126/2840/2155 2298/2841/2156
f 2324/2828/2143 2125/2842/2157 2325/2843/2158
f 2117/2825/2140 2135/2844/2159 2115/2845/2160
f 2113/2802/2117 2121/2846/2161 2101/2803/2118
f 2333/2823/2138 2123/2847/2162 2334/2848/2163
f 2270/2820/2135 2139/2849/2164 2119/2850/2165
f 2352/2851/2166 2112/2810/2125 2351/2818/2133
f 2104/2852/2167 2307/2853/2168 2306/2816/2131
f 2108/2854/2169 2127/2836/2151 2107/2814/2129
f 2101/2803/2118 2120/2833/2148 2100/2813/2128
f 2132/2855/2170 2114/2856/2171 2112/2810/2125
f 2360/2807/2122 2131/2857/2172 2111/2858/2173
f 2119/2850/2165 2262/2859/2174 2261/2805/2120
f 2133/2860/2175 2116/2723/2039 2136/2504/1820
f 2342/2798/2113 2128/2861/2176 2108/2854/2169
f 2298/2841/2156 2146/2862/2177 2299/2863/2178
f 2325/2843/2158 2145/2864/2179 2326/2865/2180
f 2137/2866/2181 2155/2867/2182 2135/2844/2159
f 2133/2860/2175 2141/2868/2183 2121/2846/2161
f 2334/2848/2163 2143/2869/2184 2335/2870/2185
f 2271/2871/2186 2159/2872/2187 2139/2849/2164
f 2353/2873/2188 2132/2855/2170 2352/2851/2166
f 2124/2874/2189 2308/2875/2190 2307/2853/2168
f 2153/2876/2191 2136/2504/1820 2156/2506/1822
f 2128/2861/2176 2147/2877/2192 2127/2836/2151
f 2121/2846/2161 2140/2878/2193 2120/2833/2148
f 2152/2879/2194 2134/2880/2195 2132/2855/2170
f 2361/2881/2196 2151/2882/2197 2131/2857/2172
f 2139/2849/2164 2263/2883/2198 2262/2859/2174
f 2343/2884/2199 2148/2885/2200 2128/2861/2176
f 2370/2834/2149 2140/2878/2193 2371/2886/2201
f 2281/2887/2202 2137/2866/2181 2280/2835/2150
f 2129/2837/2152 2147/2877/2192 2149/2888/2203
f 2379/2839/2154 2142/2889/2204 2380/2890/2205
f 2354/2891/2206 2152/2879/2194 2353/2873/2188
f 2144/2892/2207 2309/2893/2208 2308/2875/2190
f 2173/2894/2209 2156/2506/1822 2176/2574/1890
f 2148/2885/2200 2167/2895/2210 2147/2877/2192
f 2161/2896/2211 2153/2876/2191 2173/2894/2209
f 2141/2868/2183 2160/2897/2212 2140/2878/2193
f 2172/2898/2213 2154/2899/2214 2152/2879/2194
f 2362/2900/2215 2171/2901/2216 2151/2882/2197
f 2159/2872/2187 2264/2902/2217 2263/2883/2198
f 2173/2894/2209 2196/2573/1889 2193/2903/2218
f 2344/2904/2219 2168/2905/2220 2148/2885/2200
f 2371/2886/2201 2160/2897/2212 2372/2906/2221
f 2282/2907/2222 2157/2908/2223 2281/2887/2202
f 2149/2888/2203 2167/2895/2210 2169/2909/2224
f 2380/2890/2205 2162/2910/2225 2381/2911/2226
f 2299/2863/2178 2166/2912/2227 2300/2913/2228
f 2326/2865/2180 2165/2914/2229 2327/2915/2230
f 2157/2908/2223 2175/2916/2231 2155/2867/2182
f 2335/2870/2185 2163/2917/2232 2336/2918/2233
f 2272/2919/2234 2179/2920/2235 2159/2872/2187
f 2161/2896/2211 2180/2921/2236 2160/2897/2212
f 2192/2922/2237 2174/2923/2238 2172/2898/2213
f 2364/2924/2239 2171/2901/2216 2363/2925/2240
f 2179/2920/2235 2265/2926/2241 2264/2902/2217
f 2346/2927/2242 2168/2905/2220 2345/2928/2243
f 2160/2897/2212 2373/2929/2244 2372/2906/2221
f 2283/2930/2245 2177/2931/2246 2282/2907/2222
f 2167/2895/2210 2189/2932/2247 2169/2909/2224
f 2162/2910/2225 2382/2933/2248 2381/2911/2226
f 2161/2896/2211 2193/2903/2218 2181/2934/2249
f 2166/2912/2227 2301/2935/2250 2300/2913/2228
f 2165/2914/2229 2328/2936/2251 2327/2915/2230
f 2197/2937/2252 2175/2916/2231 2177/2931/2246
f 2163/2917/2232 2337/2938/2253 2336/2918/2233
f 2274/2939/2254 2179/2920/2235 2273/2940/2255
f 2355/2941/2256 2172/2898/2213 2354/2891/2206
f 2164/2942/2257 2310/2943/2258 2309/2893/2208
f 2168/2905/2220 2187/2944/2259 2167/2895/2210
f 2346/2927/2242 2208/2945/2260 2188/2946/2261
f 2180/2921/2236 2374/2947/2262 2373/2929/2244
f 2284/2948/2263 2197/2937/2252 2283/2930/2245
f 2189/2932/2247 2207/2949/2264 2209/2950/2265
f 2182/2951/2266 2383/2952/2267 2382/2933/2248
f 2301/2935/2250 2206/2953/2268 2302/2954/2269
f 2328/2936/2251 2205/2955/2270 2329/2956/2271
f 2197/2937/2252 2215/2957/2272 2195/2958/2273
f 2193/2903/2218 2201/2959/2274 2181/2934/2249
f 2337/2938/2253 2203/2960/2275 2338/2961/2276
f 2274/2939/2254 2219/2962/2277 2199/2963/2278
f 2356/2964/2279 2192/2922/2237 2355/2941/2256
f 2184/2965/2280 2311/2966/2281 2310/2943/2258
f 2188/2946/2261 2207/2949/2264 2187/2944/2259
f 2181/2934/2249 2200/2967/2282 2180/2921/2236
f 2212/2968/2283 2194/2969/2284 2192/2922/2237
f 2365/2970/2285 2191/2971/2286 2364/2924/2239
f 2199/2963/2278 2266/2972/2287 2265/2926/2241
f 2213/2973/2288 2196/2573/1889 2216/2624/1940
f 2302/2954/2269 2226/2974/2289 2303/2975/2290
f 2329/2956/2271 2225/2976/2291 2330/2977/2292
f 2217/2978/2293 2235/2979/2294 2215/2957/2272
f 2213/2973/2288 2221/2980/2295 2201/2959/2274
f 2338/2961/2276 2223/2981/2296 2339/2982/2297
f 2275/2983/2298 2239/2984/2299 2219/2962/2277
f 2357/2985/2300 2212/2968/2283 2356/2964/2279
f 2204/2986/2301 2312/2987/2302 2311/2966/2281
f 2233/2988/2303 2216/2624/1940 2236/2646/1962
f 2208/2945/2260 2227/2989/2304 2207/2949/2264
f 2201/2959/2274 2220/2990/2305 2200/2967/2282
f 2232/2991/2306 2214/2992/2307 2212/2968/2283
f 2366/2993/2308 2211/2994/2309 2365/2970/2285
f 2266/2972/2287 2239/2984/2299 2267/2995/2310
f 2347/2996/2311 2228/2997/2312 2208/2945/2260
f 2200/2967/2282 2375/2998/2313 2374/2947/2262
f 2285/2999/2314 2217/2978/2293 2284/2948/2263
f 2209/2950/2265 2227/2989/2304 2229/3000/2315
f 2202/3001/2316 2384/3002/2317 2383/2952/2267
f 2276/3003/2318 2259/3004/2319 2239/2984/2299
f 2358/3005/2320 2232/2991/2306 2357/2985/2300
f 2224/3006/2321 2313/3007/2322 2312/2987/2302
f 2253/3008/2323 2236/2646/1962 2256/2701/2017
f 2228/2997/2312 2247/3009/2324 2227/2989/2304
f 2241/3010/2325 2233/2988/2303 2253/3008/2323
f 2221/2980/2295 2240/3011/2326 2220/2990/2305
f 2252/3012/2327 2234/3013/2328 2232/2991/2306
f 2367/3014/2329 2231/3015/2330 2366/2993/2308
f 2267/2995/2310 2259/3004/2319 2268/3016/2331
f 2348/3017/2332 2248/3018/2333 2228/2997/2312
f 2220/2990/2305 2376/3019/2334 2375/2998/2313
f 2286/3020/2335 2237/3021/2336 2285/2999/2314
f 2227/2989/2304 2249/3022/2337 2229/3000/2315
f 2222/3023/2338 2385/3024/2339 2384/3002/2317
f 2303/2975/2290 2246/3025/2340 2304/3026/2341
f 2330/2977/2292 2245/3027/2342 2331/3028/2343
f 2237/3021/2336 2255/3029/2344 2235/2979/2294
f 2339/2982/2297 2243/3030/2345 2340/3031/2346
f 2238/2740/2056 2268/3016/2331 2258/3032/2347
f 2218/2742/2058 2267/2995/2310 2238/2740/2056
f 2198/2743/2059 2266/2972/2287 2218/2742/2058
f 2264/2902/2217 2198/2743/2059 2178/2744/2060
f 2263/2883/2198 2178/2744/2060 2158/2745/2061
f 2262/2859/2174 2158/2745/2061 2138/2746/2062
f 2261/2805/2120 2138/2746/2062 2118/2747/2063
f 2260/2806/2121 2118/2747/2063 2081/2748/5
f 2235/2979/2294 2277/3033/2348 2276/3003/2318
f 2215/2957/2272 2276/3003/2318 2275/2983/2298
f 2195/2958/2273 2275/2983/2298 2274/2939/2254
f 2195/2958/2273 2273/2940/2255 2175/2916/2231
f 2155/2867/2182 2273/2940/2255 2272/2919/2234
f 2135/2844/2159 2272/2919/2234 2271/2871/2186
f 2115/2845/2160 2271/2871/2186 2270/2820/2135
f 2115/2845/2160 2269/2821/2136 2084/2826/2141
f 2254/3034/2349 2285/2999/2314 2234/3013/2328
f 2234/3013/2328 2284/2948/2263 2214/2992/2307
f 2214/2992/2307 2283/2930/2245 2194/2969/2284
f 2194/2969/2284 2282/2907/2222 2174/2923/2238
f 2174/2923/2238 2281/2887/2202 2154/2899/2214
f 2154/2899/2214 2280/2835/2150 2134/2880/2195
f 2134/2880/2195 2279/2792/2107 2114/2856/2171
f 2114/2856/2171 2278/2794/2109 2085/2811/2126
f 2230/3035/2350 2295/3036/2351 2294/3037/2352
f 2210/3038/2353 2294/3037/2352 2293/3039/2354
f 2190/3040/2355 2293/3039/2354 2292/3041/2356
f 2190/3040/2355 2291/3042/2357 2170/3043/2358
f 2150/3044/2359 2291/3042/2357 2290/3045/2360
f 2130/3046/2361 2290/3045/2360 2289/3047/2362
f 2110/3048/2363 2289/3047/2362 2288/3049/2364
f 2110/3048/2363 2287/3050/2365 2089/3051/2366
f 2230/3035/2350 2304/3026/2341 2250/3052/2367
f 2210/3038/2353 2303/2975/2290 2230/3035/2350
f 2190/3040/2355 2302/2954/2269 2210/3038/2353
f 2300/2913/2228 2190/3040/2355 2170/3043/2358
f 2150/3044/2359 2300/2913/2228 2170/3043/2358
f 2130/3046/2361 2299/2863/2178 2150/3044/2359
f 2110/3048/2363 2298/2841/2156 2130/3046/2361
f 2296/2832/2147 2110/3048/2363 2089/3051/2366
f 2312/2987/2302 2246/3025/2340 2226/2974/2289
f 2311/2966/2281 2226/2974/2289 2206/2953/2268
f 2310/2943/2258 2206/2953/2268 2186/3053/2368
f 2309/2893/2208 2186/3053/2368 2166/2912/2227
f 2308/2875/2190 2166/2912/2227 2146/2862/2177
f 2307/2853/2168 2146/2862/2177 2126/2840/2155
f 2306/2816/2131 2126/2840/2155 2106/3054/2369
f 2305/2817/2132 2106/3054/2369 2093/2830/2145
f 2224/3006/2321 2322/3055/2370 2244/3056/2371
f 2204/2986/2301 2321/3057/2372 2224/3006/2321
f 2184/2965/2280 2320/3058/2373 2204/2986/2301
f 2318/3059/2374 2184/2965/2280 2164/2942/2257
f 2144/2892/2207 2318/3059/2374 2164/2942/2257
f 2124/2874/2189 2317/3060/2375 2144/2892/2207
f 2104/2852/2167 2316/3061/2376 2124/2874/2189
f 2314/3062/2377 2104/2852/2167 2095/2815/2130
f 2321/3057/2372 2331/3028/2343 2322/3055/2370
f 2320/3058/2373 2330/2977/2292 2321/3057/2372
f 2319/3063/2378 2329/2956/2271 2320/3058/2373
f 2327/2915/2230 2319/3063/2378 2318/3059/2374
f 2317/3060/2375 2327/2915/2230 2318/3059/2374
f 2316/3061/2376 2326/2865/2180 2317/3060/2375
f 2315/3064/2379 2325/2843/2158 2316/3061/2376
f 2323/2829/2144 2315/3064/2379 2314/3062/2377
f 2225/2976/2291 2340/3031/2346 2245/3027/2342
f 2205/2955/2270 2339/2982/2297 2225/2976/2291
f 2185/3065/2380 2338/2961/2276 2205/2955/2270
f 2336/2918/2233 2185/3065/2380 2165/2914/2229
f 2145/2864/2179 2336/2918/2233 2165/2914/2229
f 2125/2842/2157 2335/2870/2185 2145/2864/2179
f 2105/3066/2381 2334/2848/2163 2125/2842/2157
f 2332/2824/2139 2105/3066/2381 2094/2827/2142
f 2294/3037/2352 2349/3067/2382 2348/3017/2332
f 2293/3039/2354 2348/3017/2332 2347/2996/2311
f 2292/3041/2356 2347/2996/2311 2346/2927/2242
f 2292/3041/2356 2345/2928/2243 2291/3042/2357
f 2290/3045/2360 2345/2928/2243 2344/2904/2219
f 2289/3047/2362 2344/2904/2219 2343/2884/2199
f 2288/3049/2364 2343/2884/2199 2342/2798/2113
f 2288/3049/2364 2341/2800/2115 2287/3050/2365
f 2251/3068/2383 2357/2985/2300 2231/3015/2330
f 2231/3015/2330 2356/2964/2279 2211/2994/2309
f 2191/2971/2286 2356/2964/2279 2355/2941/2256
f 2191/2971/2286 2354/2891/2206 2171/2901/2216
f 2151/2882/2197 2354/2891/2206 2353/2873/2188
f 2151/2882/2197 2352/2851/2166 2131/2857/2172
f 2131/2857/2172 2351/2818/2133 2111/2858/2173
f 2111/2858/2173 2350/2819/2134 2088/2808/2123
f 2229/3000/2315 2367/3014/2329 2366/2993/2308
f 2229/3000/2315 2365/2970/2285 2209/2950/2265
f 2189/2932/2247 2365/2970/2285 2364/2924/2239
f 2189/2932/2247 2363/2925/2240 2169/2909/2224
f 2149/2888/2203 2363/2925/2240 2362/2900/2215
f 2149/2888/2203 2361/2881/2196 2129/2837/2152
f 2129/2837/2152 2360/2807/2122 2109/2790/2105
f 2109/2790/2105 2359/2809/2124 2090/2791/2106
f 2222/3023/2338 2376/3019/2334 2242/3069/2384
f 2202/3001/2316 2375/2998/2313 2222/3023/2338
f 2182/2951/2266 2374/2947/2262 2202/3001/2316
f 2372/2906/2221 2182/2951/2266 2162/2910/2225
f 2371/2886/2201 2162/2910/2225 2142/2889/2204
f 2370/2834/2149 2142/2889/2204 2122/2838/2153
f 2369/2796/2111 2122/2838/2153 2102/3070/2385
f 2368/2797/2112 2102/3070/2385 2097/2786/2101
f 2223/2981/2296 2385/3024/2339 2243/3030/2345
f 2203/2960/2275 2384/3002/2317 2223/2981/2296
f 2183/3071/2386 2383/2952/2267 2203/2960/2275
f 2381/2911/2226 2183/3071/2386 2163/2917/2232
f 2143/2869/2184 2381/2911/2226 2163/2917/2232
f 2123/2847/2162 2380/2890/2205 2143/2869/2184
f 2103/3072/2387 2379/2839/2154 2123/2847/2162
f 2377/2788/2103 2103/3072/2387 2096/2822/2137
f 2244/3073/2388 2322/3074/2388 2253/3075/2388
f 1797/3076/7 2008/3077/7 1788/3078/7
f 1788/2473/1789 1815/2492/1808 1818/2474/1790
f 2072/2476/1792 1804/2529/1845 1799/2477/1793
f 1811/2479/1795 1809/2503/1819 1794/2480/1796
f 1784/2482/1798 1819/2518/1834 1973/2483/1799
f 2063/2485/1801 1802/2502/1818 1801/2486/1802
f 1793/2488/1804 1810/2545/1861 2036/2489/1805
f 1800/2491/1807 1803/2546/1862 1815/2492/1808
f 1955/2493/1809 1820/2552/1868 1783/2494/1810
f 1790/2496/1812 1813/2783/2098 2054/2497/1813
f 1787/2499/1815 1816/2547/1863 1814/2500/1816
f 1802/2502/1818 1803/2546/1862 1800/2491/1807
f 1809/2503/1819 1810/2545/1861 1793/2488/1804
f 2136/2504/1820 1837/2570/1886 1856/2505/1821
f 2000/2507/1823 1806/2544/1860 1797/2508/1824
f 1789/2501/1817 1814/2500/1816 2045/2510/1826
f 1783/2494/1810 1820/2552/1868 1964/2512/1828
f 2027/2514/1830 1805/2539/1855 1798/2515/1831
f 1786/2517/1833 1817/2750/2065 1819/2518/1834
f 2018/2519/1835 1807/2533/1849 1796/2520/1836
f 1991/2522/1838 1808/2531/1847 1795/2523/1839
f 2063/2485/1801 2064/2583/1899 1821/2525/1841
f 1819/2518/1834 1838/2535/1851 1974/2526/1842
f 1811/2479/1795 1830/2585/1901 1828/2527/1843
f 2072/2476/1792 2073/2586/1902 1823/2528/1844
f 1991/2522/1838 1992/2555/1871 1827/2530/1846
f 2018/2519/1835 2019/2557/1873 1826/2532/1848
f 1819/2518/1834 1817/2750/2065 1836/2534/1850
f 1815/2492/1808 1803/2546/1862 1822/2536/1852
f 2027/2514/1830 2028/2563/1879 1824/2538/1854
f 1964/2512/1828 1820/2552/1868 1839/2540/1856
f 1814/2500/1816 1833/2548/1864 2046/2542/1858
f 2001/2543/1859 1825/2569/1885 1806/2544/1860
f 1828/2527/1843 1829/2553/1869 1810/2545/1861
f 1821/2525/1841 1822/2536/1852 1803/2546/1862
f 1816/2547/1863 1835/2576/1892 1833/2548/1864
f 2054/2497/1813 1813/2783/2098 1832/2549/1865
f 1956/2551/1867 1839/2540/1856 1820/2552/1868
f 1834/2537/1853 1837/2570/1886 1818/2474/1790
f 2036/2489/1805 1810/2545/1861 1829/2553/1869
f 1992/2555/1871 1993/2608/1924 1846/2556/1872
f 2019/2557/1873 2020/2610/1926 1845/2558/1874
f 1838/2535/1851 1836/2534/1850 1855/2559/1875
f 1834/2537/1853 1822/2536/1852 1841/2561/1877
f 2028/2563/1879 2029/2614/1930 1843/2564/1880
f 1965/2541/1857 1839/2540/1856 1858/2565/1881
f 1833/2548/1864 1852/2577/1893 2047/2567/1883
f 2002/2568/1884 1844/2590/1906 1825/2569/1885
f 1853/2562/1878 1856/2505/1821 1837/2570/1886
f 1847/2571/1887 1848/2581/1897 1829/2553/1869
f 1875/2572/1888 1894/2623/1939 2196/2573/1889
f 1840/2575/1891 1841/2561/1877 1822/2536/1852
f 1835/2576/1892 1854/2595/1911 1852/2577/1893
f 2055/2550/1866 1832/2549/1865 1851/2578/1894
f 1957/2580/1896 1858/2565/1881 1839/2540/1856
f 2156/2506/1822 1856/2505/1821 1875/2572/1888
f 2037/2554/1870 1829/2553/1869 1848/2581/1897
f 2064/2583/1899 2065/2603/1919 1840/2575/1891
f 1838/2535/1851 1857/2560/1876 1975/2584/1900
f 1830/2585/1901 1849/2605/1921 1847/2571/1887
f 2073/2586/1902 2074/2606/1922 1842/2587/1903
f 1852/2577/1893 1871/2596/1912 2048/2588/1904
f 2003/2589/1905 1863/2644/1960 1844/2590/1906
f 1872/2591/1907 1875/2572/1888 1856/2505/1821
f 1866/2592/1908 1867/2601/1917 1848/2581/1897
f 1860/2593/1909 1872/2591/1907 1853/2562/1878
f 1859/2594/1910 1860/2593/1909 1841/2561/1877
f 1854/2595/1911 1873/2619/1935 1871/2596/1912
f 2056/2579/1895 1851/2578/1894 1870/2597/1913
f 1958/2599/1915 1877/2616/1932 1858/2565/1881
f 1891/2600/1916 1894/2623/1939 1875/2572/1888
f 2038/2582/1898 1848/2581/1897 1867/2601/1917
f 2065/2603/1919 2066/2627/1943 1859/2594/1910
f 1857/2560/1876 1876/2613/1929 1976/2604/1920
f 1849/2605/1921 1868/2630/1946 1866/2592/1908
f 2074/2606/1922 2075/2632/1948 1861/2607/1923
f 1993/2608/1924 1994/2635/1951 1865/2609/1925
f 2020/2610/1926 2021/2637/1953 1864/2611/1927
f 1857/2560/1876 1855/2559/1875 1874/2612/1928
f 2029/2614/1930 2030/2640/1956 1862/2615/1931
f 1966/2566/1882 1858/2565/1881 1877/2616/1932
f 1878/2618/1934 1879/2633/1949 1860/2593/1909
f 1873/2619/1935 1892/2672/1988 1890/2620/1936
f 1870/2597/1913 1889/2674/1990 2058/2621/1937
f 1959/2622/1938 1896/2677/1993 1877/2616/1932
f 1894/2623/1939 1913/2693/2009 2216/2624/1940
f 1867/2601/1917 1886/2670/1986 2040/2625/1941
f 2067/2626/1942 1878/2618/1934 1859/2594/1910
f 1876/2613/1929 1895/2638/1954 1977/2628/1944
f 1887/2629/1945 1885/2647/1963 1866/2592/1908
f 2076/2631/1947 1880/2654/1970 1861/2607/1923
f 1879/2633/1949 1891/2600/1916 1872/2591/1907
f 1995/2634/1950 1884/2656/1972 1865/2609/1925
f 2022/2636/1952 1883/2658/1974 1864/2611/1927
f 1874/2612/1928 1893/2749/2064 1895/2638/1954
f 2031/2639/1955 1881/2664/1980 1862/2615/1931
f 1877/2616/1932 1896/2677/1993 1968/2641/1957
f 1871/2596/1912 1890/2620/1936 2049/2642/1958
f 2004/2643/1959 1882/2669/1985 1863/2644/1960
f 2216/2624/1940 1913/2693/2009 1932/2645/1961
f 1885/2647/1963 1886/2670/1986 1867/2601/1917
f 2040/2625/1941 1886/2670/1986 1905/2648/1964
f 2068/2650/1966 1897/2671/1987 1878/2618/1934
f 1895/2638/1954 1914/2660/1976 1978/2651/1967
f 1887/2629/1945 1906/2706/2022 1904/2652/1968
f 2077/2653/1969 1899/2708/2024 1880/2654/1970
f 1995/2634/1950 1996/2678/1994 1903/2655/1971
f 2022/2636/1952 2023/2680/1996 1902/2657/1973
f 1895/2638/1954 1893/2749/2064 1912/2659/1975
f 1891/2600/1916 1879/2633/1949 1898/2661/1977
f 2031/2639/1955 2032/2686/2002 1900/2663/1979
f 1968/2641/1957 1896/2677/1993 1915/2665/1981
f 1890/2620/1936 1909/2673/1989 2050/2667/1983
f 2005/2668/1984 1901/2692/2008 1882/2669/1985
f 1904/2652/1968 1905/2648/1964 1886/2670/1986
f 1897/2671/1987 1898/2661/1977 1879/2633/1949
f 1892/2672/1988 1911/2696/2012 1909/2673/1989
f 1889/2674/1990 1908/2698/2014 2059/2675/1991
f 1960/2676/1992 1915/2665/1981 1896/2677/1993
f 1910/2662/1978 1913/2693/2009 1894/2623/1939
f 1996/2678/1994 1997/2732/2048 1922/2679/1995
f 2023/2680/1996 2024/2734/2050 1921/2681/1997
f 1914/2660/1976 1912/2659/1975 1931/2682/1998
f 1910/2662/1978 1898/2661/1977 1917/2684/2000
f 2032/2686/2002 2033/2738/2054 1919/2687/2003
f 1969/2666/1982 1915/2665/1981 1934/2688/2004
f 1909/2673/1989 1928/2697/2013 2051/2690/2006
f 2006/2691/2007 1920/2713/2029 1901/2692/2008
f 1929/2685/2001 1932/2645/1961 1913/2693/2009
f 1923/2694/2010 1924/2702/2018 1905/2648/1964
f 1916/2695/2011 1917/2684/2000 1898/2661/1977
f 1911/2696/2012 1930/2718/2034 1928/2697/2013
f 1908/2698/2014 1927/2720/2036 2060/2699/2015
f 1960/2676/1992 1961/2722/2038 1934/2688/2004
f 2236/2646/1962 1932/2645/1961 1951/2700/2016
f 2041/2649/1965 1905/2648/1964 1924/2702/2018
f 2069/2704/2020 1916/2695/2011 1897/2671/1987
f 1914/2660/1976 1933/2683/1999 1979/2705/2021
f 1906/2706/2022 1925/2729/2045 1923/2694/2010
f 2078/2707/2023 1918/2731/2047 1899/2708/2024
f 1970/2689/2005 1934/2688/2004 1953/2709/2025
f 1928/2697/2013 1947/2719/2035 2052/2711/2027
f 2007/2712/2028 1939/3079/2389 1920/2713/2029
f 1948/2714/2030 1951/2700/2016 1932/2645/1961
f 1942/2715/2031 1943/2724/2040 1924/2702/2018
f 1936/2716/2032 1948/2714/2030 1929/2685/2001
f 1935/2717/2033 1936/2716/2032 1917/2684/2000
f 1930/2718/2034 1949/2751/2066 1947/2719/2035
f 1927/2720/2036 1946/2782/2097 2061/2721/2037
f 1961/2722/2038 1962/2741/2057 1953/2709/2025
f 1818/2474/1790 1837/2570/1886 2136/2504/1820
f 2042/2703/2019 1924/2702/2018 1943/2724/2040
f 2070/2726/2042 1935/2717/2033 1916/2695/2011
f 1933/2683/1999 1952/2737/2053 1980/2727/2043
f 1944/2728/2044 1942/2715/2031 1923/2694/2010
f 2079/2730/2046 1937/3080/2390 1918/2731/2047
f 1997/2732/2048 1998/2768/2083 1941/2733/2049
f 2024/2734/2050 2025/2778/2093 1940/2735/2051
f 1933/2683/1999 1931/2682/1998 1950/2736/2052
f 2033/2738/2054 2034/2779/2094 1938/2739/2055
f 2116/2723/2039 2083/2785/2100 1785/2475/1791
f 2238/2740/2056 2258/3032/2347 1962/2741/2057
f 2218/2742/2058 2238/2740/2056 1961/2722/2038
f 2198/2743/2059 2218/2742/2058 1960/2676/1992
f 2198/2743/2059 1959/2622/1938 1958/2599/1915
f 2178/2744/2060 1958/2599/1915 1957/2580/1896
f 2158/2745/2061 1957/2580/1896 1956/2551/1867
f 2138/2746/2062 1956/2551/1867 1955/2493/1809
f 2118/2747/2063 1955/2493/1809 1954/2495/1811
f 1931/2682/1998 1970/2689/2005 1971/2710/2026
f 1912/2659/1975 1969/2666/1982 1970/2689/2005
f 1893/2749/2064 1968/2641/1957 1969/2666/1982
f 1967/2617/1933 1968/2641/1957 1893/2749/2064
f 1855/2559/1875 1966/2566/1882 1967/2617/1933
f 1836/2534/1850 1965/2541/1857 1966/2566/1882
f 1817/2750/2065 1964/2512/1828 1965/2541/1857
f 1963/2513/1829 1964/2512/1828 1817/2750/2065
f 1979/2705/2021 1980/2727/2043 1949/2751/2066
f 1978/2651/1967 1979/2705/2021 1930/2718/2034
f 1977/2628/1944 1978/2651/1967 1911/2696/2012
f 1976/2604/1920 1977/2628/1944 1892/2672/1988
f 1975/2584/1900 1976/2604/1920 1873/2619/1935
f 1974/2526/1842 1975/2584/1900 1854/2595/1911
f 1973/2483/1799 1974/2526/1842 1835/2576/1892
f 1972/2484/1800 1973/2483/1799 1816/2547/1863
f 1926/2752/2067 1988/2756/2071 1989/2753/2068
f 1907/2755/2070 1987/2758/2073 1988/2756/2071
f 1888/2757/2072 1986/2780/2095 1987/2758/2073
f 1985/2759/2074 1986/2780/2095 1888/2757/2072
f 1850/2761/2076 1984/2763/2078 1985/2759/2074
f 1831/2762/2077 1983/2765/2080 1984/2763/2078
f 1812/2764/2079 1982/2781/2096 1983/2765/2080
f 1981/2766/2081 1982/2781/2096 1812/2764/2079
f 1926/2752/2067 1945/2754/2069 1998/2768/2083
f 1907/2755/2070 1926/2752/2067 1997/2732/2048
f 1888/2757/2072 1907/2755/2070 1996/2678/1994
f 1888/2757/2072 1995/2634/1950 1994/2635/1951
f 1850/2761/2076 1869/2760/2075 1994/2635/1951
f 1831/2762/2077 1850/2761/2076 1993/2608/1924
f 1812/2764/2079 1831/2762/2077 1992/2555/1871
f 1812/2764/2079 1991/2522/1838 1990/2524/1840
f 1941/2733/2049 2007/2712/2028 2006/2691/2007
f 1922/2679/1995 2006/2691/2007 2005/2668/1984
f 1903/2655/1971 2005/2668/1984 2004/2643/1959
f 1884/2656/1972 2004/2643/1959 2003/2589/1905
f 1865/2609/1925 2003/2589/1905 2002/2568/1884
f 1846/2556/1872 2002/2568/1884 2001/2543/1859
f 1827/2530/1846 2001/2543/1859 2000/2507/1823
f 1808/2531/1847 2000/2507/1823 1999/2509/1825
f 1920/2713/2029 1939/3079/2389 2016/2769/2084
f 1901/2692/2008 1920/2713/2029 2015/2770/2085
f 1882/2669/1985 1901/2692/2008 2014/2771/2086
f 1882/2669/1985 2013/2772/2087 2012/2773/2088
f 1844/2590/1906 1863/2644/1960 2012/2773/2088
f 1825/2569/1885 1844/2590/1906 2011/2774/2089
f 1806/2544/1860 1825/2569/1885 2010/2775/2090
f 1806/2544/1860 2009/2776/2091 2008/2777/2092
f 2015/2770/2085 2016/2769/2084 2025/2778/2093
f 2014/2771/2086 2015/2770/2085 2024/2734/2050
f 2013/2772/2087 2014/2771/2086 2023/2680/1996
f 2013/2772/2087 2022/2636/1952 2021/2637/1953
f 2011/2774/2089 2012/2773/2088 2021/2637/1953
f 2010/2775/2090 2011/2774/2089 2020/2610/1926
f 2009/2776/2091 2010/2775/2090 2019/2557/1873
f 2009/2776/2091 2018/2519/1835 2017/2521/1837
f 1921/2681/1997 1940/2735/2051 2034/2779/2094
f 1902/2657/1973 1921/2681/1997 2033/2738/2054
f 1883/2658/1974 1902/2657/1973 2032/2686/2002
f 1883/2658/1974 2031/2639/1955 2030/2640/1956
f 1845/2558/1874 1864/2611/1927 2030/2640/1956
f 1826/2532/1848 1845/2558/1874 2029/2614/1930
f 1807/2533/1849 1826/2532/1848 2028/2563/1879
f 1807/2533/1849 2027/2514/1830 2026/2516/1832
f 1988/2756/2071 2042/2703/2019 2043/2725/2041
f 1987/2758/2073 2041/2649/1965 2042/2703/2019
f 1986/2780/2095 2040/2625/1941 2041/2649/1965
f 2039/2602/1918 2040/2625/1941 1986/2780/2095
f 1984/2763/2078 2038/2582/1898 2039/2602/1918
f 1983/2765/2080 2037/2554/1870 2038/2582/1898
f 1982/2781/2096 2036/2489/1805 2037/2554/1870
f 2035/2490/1806 2036/2489/1805 1982/2781/2096
f 2051/2690/2006 2052/2711/2027 1946/2782/2097
f 2050/2667/1983 2051/2690/2006 1927/2720/2036
f 1889/2674/1990 2049/2642/1958 2050/2667/1983
f 2048/2588/1904 2049/2642/1958 1889/2674/1990
f 1851/2578/1894 2047/2567/1883 2048/2588/1904
f 2046/2542/1858 2047/2567/1883 1851/2578/1894
f 2045/2510/1826 2046/2542/1858 1832/2549/1865
f 2044/2511/1827 2045/2510/1826 1813/2783/2098
f 1925/2729/2045 2060/2699/2015 2061/2721/2037
f 2059/2675/1991 2060/2699/2015 1925/2729/2045
f 1887/2629/1945 2058/2621/1937 2059/2675/1991
f 2057/2598/1914 2058/2621/1937 1887/2629/1945
f 1849/2605/1921 2056/2579/1895 2057/2598/1914
f 2055/2550/1866 2056/2579/1895 1849/2605/1921
f 2054/2497/1813 2055/2550/1866 1830/2585/1901
f 2053/2498/1814 2054/2497/1813 1811/2479/1795
f 1918/2731/2047 1937/3080/2390 2070/2726/2042
f 1899/2708/2024 1918/2731/2047 2069/2704/2020
f 1880/2654/1970 1899/2708/2024 2068/2650/1966
f 1880/2654/1970 2067/2626/1942 2066/2627/1943
f 1861/2607/1923 2066/2627/1943 2065/2603/1919
f 1842/2587/1903 2065/2603/1919 2064/2583/1899
f 1823/2528/1844 2064/2583/1899 2063/2485/1801
f 1804/2529/1845 2063/2485/1801 2062/2487/1803
f 1919/2687/2003 1938/2739/2055 2079/2730/2046
f 1900/2663/1979 1919/2687/2003 2078/2707/2023
f 1881/2664/1980 1900/2663/1979 2077/2653/1969
f 1881/2664/1980 2076/2631/1947 2075/2632/1948
f 1843/2564/1880 1862/2615/1931 2075/2632/1948
f 1824/2538/1854 1843/2564/1880 2074/2606/1922
f 1805/2539/1855 1824/2538/1854 2073/2586/1902
f 1805/2539/1855 2072/2476/1792 2071/2478/1794
f 2116/2723/2039 2113/2802/2117 2086/2784/2099
f 2097/2786/2101 2102/3070/2385 2378/2787/2102
f 2092/2789/2104 2107/2814/2129 2109/2790/2105
f 2279/2792/2107 2117/2825/2140 2082/2793/2108
f 2099/2795/2110 2100/2813/2128 2369/2796/2111
f 2342/2798/2113 2108/2854/2169 2091/2799/2114
f 2098/2801/2116 2086/2784/2099 2113/2802/2117
f 2080/2804/2119 2119/2850/2165 2261/2805/2120
f 2360/2807/2122 2111/2858/2173 2088/2808/2123
f 2112/2810/2125 2114/2856/2171 2085/2811/2126
f 2098/2801/2116 2101/2803/2118 2100/2813/2128
f 2091/2799/2114 2108/2854/2169 2107/2814/2129
f 2095/2815/2130 2104/2852/2167 2306/2816/2131
f 2351/2818/2133 2112/2810/2125 2087/2812/2127
f 2270/2820/2135 2119/2850/2165 2080/2804/2119
f 2096/2822/2137 2103/3072/2387 2333/2823/2138
f 2117/2825/2140 2115/2845/2160 2084/2826/2141
f 2094/2827/2142 2105/3066/2381 2324/2828/2143
f 2093/2830/2145 2106/3054/2369 2297/2831/2146
f 2369/2796/2111 2100/2813/2128 2120/2833/2148
f 2280/2835/2150 2137/2866/2181 2117/2825/2140
f 2109/2790/2105 2107/2814/2129 2127/2836/2151
f 2378/2787/2102 2102/3070/2385 2122/2838/2153
f 2297/2831/2146 2106/3054/2369 2126/2840/2155
f 2324/2828/2143 2105/3066/2381 2125/2842/2157
f 2117/2825/2140 2137/2866/2181 2135/2844/2159
f 2113/2802/2117 2133/2860/2175 2121/2846/2161
f 2333/2823/2138 2103/3072/2387 2123/2847/2162
f 2270/2820/2135 2271/2871/2186 2139/2849/2164
f 2352/2851/2166 2132/2855/2170 2112/2810/2125
f 2104/2852/2167 2124/2874/2189 2307/2853/2168
f 2108/2854/2169 2128/2861/2176 2127/2836/2151
f 2101/2803/2118 2121/2846/2161 2120/2833/2148
f 2132/2855/2170 2134/2880/2195 2114/2856/2171
f 2360/2807/2122 2361/2881/2196 2131/2857/2172
f 2119/2850/2165 2139/2849/2164 2262/2859/2174
f 2133/2860/2175 2113/2802/2117 2116/2723/2039
f 2342/2798/2113 2343/2884/2199 2128/2861/2176
f 2298/2841/2156 2126/2840/2155 2146/2862/2177
f 2325/2843/2158 2125/2842/2157 2145/2864/2179
f 2137/2866/2181 2157/2908/2223 2155/2867/2182
f 2133/2860/2175 2153/2876/2191 2141/2868/2183
f 2334/2848/2163 2123/2847/2162 2143/2869/2184
f 2271/2871/2186 2272/2919/2234 2159/2872/2187
f 2353/2873/2188 2152/2879/2194 2132/2855/2170
f 2124/2874/2189 2144/2892/2207 2308/2875/2190
f 2153/2876/2191 2133/2860/2175 2136/2504/1820
f 2128/2861/2176 2148/2885/2200 2147/2877/2192
f 2121/2846/2161 2141/2868/2183 2140/2878/2193
f 2152/2879/2194 2154/2899/2214 2134/2880/2195
f 2361/2881/2196 2362/2900/2215 2151/2882/2197
f 2139/2849/2164 2159/2872/2187 2263/2883/2198
f 2343/2884/2199 2344/2904/2219 2148/2885/2200
f 2370/2834/2149 2120/2833/2148 2140/2878/2193
f 2281/2887/2202 2157/2908/2223 2137/2866/2181
f 2129/2837/2152 2127/2836/2151 2147/2877/2192
f 2379/2839/2154 2122/2838/2153 2142/2889/2204
f 2354/2891/2206 2172/2898/2213 2152/2879/2194
f 2144/2892/2207 2164/2942/2257 2309/2893/2208
f 2173/2894/2209 2153/2876/2191 2156/2506/1822
f 2148/2885/2200 2168/2905/2220 2167/2895/2210
f 2161/2896/2211 2141/2868/2183 2153/2876/2191
f 2141/2868/2183 2161/2896/2211 2160/2897/2212
f 2172/2898/2213 2174/2923/2238 2154/2899/2214
f 2362/2900/2215 2363/2925/2240 2171/2901/2216
f 2159/2872/2187 2179/2920/2235 2264/2902/2217
f 2173/2894/2209 2176/2574/1890 2196/2573/1889
f 2344/2904/2219 2345/2928/2243 2168/2905/2220
f 2371/2886/2201 2140/2878/2193 2160/2897/2212
f 2282/2907/2222 2177/2931/2246 2157/2908/2223
f 2149/2888/2203 2147/2877/2192 2167/2895/2210
f 2380/2890/2205 2142/2889/2204 2162/2910/2225
f 2299/2863/2178 2146/2862/2177 2166/2912/2227
f 2326/2865/2180 2145/2864/2179 2165/2914/2229
f 2157/2908/2223 2177/2931/2246 2175/2916/2231
f 2335/2870/2185 2143/2869/2184 2163/2917/2232
f 2272/2919/2234 2273/2940/2255 2179/2920/2235
f 2161/2896/2211 2181/2934/2249 2180/2921/2236
f 2192/2922/2237 2194/2969/2284 2174/2923/2238
f 2364/2924/2239 2191/2971/2286 2171/2901/2216
f 2179/2920/2235 2199/2963/2278 2265/2926/2241
f 2346/2927/2242 2188/2946/2261 2168/2905/2220
f 2160/2897/2212 2180/2921/2236 2373/2929/2244
f 2283/2930/2245 2197/2937/2252 2177/2931/2246
f 2167/2895/2210 2187/2944/2259 2189/2932/2247
f 2162/2910/2225 2182/2951/2266 2382/2933/2248
f 2161/2896/2211 2173/2894/2209 2193/2903/2218
f 2166/2912/2227 2186/3053/2368 2301/2935/2250
f 2165/2914/2229 2185/3065/2380 2328/2936/2251
f 2197/2937/2252 2195/2958/2273 2175/2916/2231
f 2163/2917/2232 2183/3071/2386 2337/2938/2253
f 2274/2939/2254 2199/2963/2278 2179/2920/2235
f 2355/2941/2256 2192/2922/2237 2172/2898/2213
f 2164/2942/2257 2184/2965/2280 2310/2943/2258
f 2168/2905/2220 2188/2946/2261 2187/2944/2259
f 2346/2927/2242 2347/2996/2311 2208/2945/2260
f 2180/2921/2236 2200/2967/2282 2374/2947/2262
f 2284/2948/2263 2217/2978/2293 2197/2937/2252
f 2189/2932/2247 2187/2944/2259 2207/2949/2264
f 2182/2951/2266 2202/3001/2316 2383/2952/2267
f 2301/2935/2250 2186/3053/2368 2206/2953/2268
f 2328/2936/2251 2185/3065/2380 2205/2955/2270
f 2197/2937/2252 2217/2978/2293 2215/2957/2272
f 2193/2903/2218 2213/2973/2288 2201/2959/2274
f 2337/2938/2253 2183/3071/2386 2203/2960/2275
f 2274/2939/2254 2275/2983/2298 2219/2962/2277
f 2356/2964/2279 2212/2968/2283 2192/2922/2237
f 2184/2965/2280 2204/2986/2301 2311/2966/2281
f 2188/2946/2261 2208/2945/2260 2207/2949/2264
f 2181/2934/2249 2201/2959/2274 2200/2967/2282
f 2212/2968/2283 2214/2992/2307 2194/2969/2284
f 2365/2970/2285 2211/2994/2309 2191/2971/2286
f 2199/2963/2278 2219/2962/2277 2266/2972/2287
f 2213/2973/2288 2193/2903/2218 2196/2573/1889
f 2302/2954/2269 2206/2953/2268 2226/2974/2289
f 2329/2956/2271 2205/2955/2270 2225/2976/2291
f 2217/2978/2293 2237/3021/2336 2235/2979/2294
f 2213/2973/2288 2233/2988/2303 2221/2980/2295
f 2338/2961/2276 2203/2960/2275 2223/2981/2296
f 2275/2983/2298 2276/3003/2318 2239/2984/2299
f 2357/2985/2300 2232/2991/2306 2212/2968/2283
f 2204/2986/2301 2224/3006/2321 2312/2987/2302
f 2233/2988/2303 2213/2973/2288 2216/2624/1940
f 2208/2945/2260 2228/2997/2312 2227/2989/2304
f 2201/2959/2274 2221/2980/2295 2220/2990/2305
f 2232/2991/2306 2234/3013/2328 2214/2992/2307
f 2366/2993/2308 2231/3015/2330 2211/2994/2309
f 2266/2972/2287 2219/2962/2277 2239/2984/2299
f 2347/2996/2311 2348/3017/2332 2228/2997/2312
f 2200/2967/2282 2220/2990/2305 2375/2998/2313
f 2285/2999/2314 2237/3021/2336 2217/2978/2293
f 2209/2950/2265 2207/2949/2264 2227/2989/2304
f 2202/3001/2316 2222/3023/2338 2384/3002/2317
f 2276/3003/2318 2277/3033/2348 2259/3004/2319
f 2358/3005/2320 2252/3012/2327 2232/2991/2306
f 2224/3006/2321 2244/3056/2371 2313/3007/2322
f 2253/3008/2323 2233/2988/2303 2236/2646/1962
f 2228/2997/2312 2248/3018/2333 2247/3009/2324
f 2241/3010/2325 2221/2980/2295 2233/2988/2303
f 2221/2980/2295 2241/3010/2325 2240/3011/2326
f 2252/3012/2327 2254/3034/2349 2234/3013/2328
f 2367/3014/2329 2251/3068/2383 2231/3015/2330
f 2267/2995/2310 2239/2984/2299 2259/3004/2319
f 2348/3017/2332 2349/3067/2382 2248/3018/2333
f 2220/2990/2305 2240/3011/2326 2376/3019/2334
f 2286/3020/2335 2257/3081/2391 2237/3021/2336
f 2227/2989/2304 2247/3009/2324 2249/3022/2337
f 2222/3023/2338 2242/3069/2384 2385/3024/2339
f 2303/2975/2290 2226/2974/2289 2246/3025/2340
f 2330/2977/2292 2225/2976/2291 2245/3027/2342
f 2237/3021/2336 2257/3081/2391 2255/3029/2344
f 2339/2982/2297 2223/2981/2296 2243/3030/2345
f 2238/2740/2056 2267/2995/2310 2268/3016/2331
f 2218/2742/2058 2266/2972/2287 2267/2995/2310
f 2198/2743/2059 2265/2926/2241 2266/2972/2287
f 2264/2902/2217 2265/2926/2241 2198/2743/2059
f 2263/2883/2198 2264/2902/2217 2178/2744/2060
f 2262/2859/2174 2263/2883/2198 2158/2745/2061
f 2261/2805/2120 2262/2859/2174 2138/2746/2062
f 2260/2806/2121 2261/2805/2120 2118/2747/2063
f 2235/2979/2294 2255/3029/2344 2277/3033/2348
f 2215/2957/2272 2235/2979/2294 2276/3003/2318
f 2195/2958/2273 2215/2957/2272 2275/2983/2298
f 2195/2958/2273 2274/2939/2254 2273/2940/2255
f 2155/2867/2182 2175/2916/2231 2273/2940/2255
f 2135/2844/2159 2155/2867/2182 2272/2919/2234
f 2115/2845/2160 2135/2844/2159 2271/2871/2186
f 2115/2845/2160 2270/2820/2135 2269/2821/2136
f 2254/3034/2349 2286/3020/2335 2285/2999/2314
f 2234/3013/2328 2285/2999/2314 2284/2948/2263
f 2214/2992/2307 2284/2948/2263 2283/2930/2245
f 2194/2969/2284 2283/2930/2245 2282/2907/2222
f 2174/2923/2238 2282/2907/2222 2281/2887/2202
f 2154/2899/2214 2281/2887/2202 2280/2835/2150
f 2134/2880/2195 2280/2835/2150 2279/2792/2107
f 2114/2856/2171 2279/2792/2107 2278/2794/2109
f 2230/3035/2350 2250/3052/2367 2295/3036/2351
f 2210/3038/2353 2230/3035/2350 2294/3037/2352
f 2190/3040/2355 2210/3038/2353 2293/3039/2354
f 2190/3040/2355 2292/3041/2356 2291/3042/2357
f 2150/3044/2359 2170/3043/2358 2291/3042/2357
f 2130/3046/2361 2150/3044/2359 2290/3045/2360
f 2110/3048/2363 2130/3046/2361 2289/3047/2362
f 2110/3048/2363 2288/3049/2364 2287/3050/2365
f 2230/3035/2350 2303/2975/2290 2304/3026/2341
f 2210/3038/2353 2302/2954/2269 2303/2975/2290
f 2190/3040/2355 2301/2935/2250 2302/2954/2269
f 2300/2913/2228 2301/2935/2250 2190/3040/2355
f 2150/3044/2359 2299/2863/2178 2300/2913/2228
f 2130/3046/2361 2298/2841/2156 2299/2863/2178
f 2110/3048/2363 2297/2831/2146 2298/2841/2156
f 2296/2832/2147 2297/2831/2146 2110/3048/2363
f 2312/2987/2302 2313/3007/2322 2246/3025/2340
f 2311/2966/2281 2312/2987/2302 2226/2974/2289
f 2310/2943/2258 2311/2966/2281 2206/2953/2268
f 2309/2893/2208 2310/2943/2258 2186/3053/2368
f 2308/2875/2190 2309/2893/2208 2166/2912/2227
f 2307/2853/2168 2308/2875/2190 2146/2862/2177
f 2306/2816/2131 2307/2853/2168 2126/2840/2155
f 2305/2817/2132 2306/2816/2131 2106/3054/2369
f 2224/3006/2321 2321/3057/2372 2322/3055/2370
f 2204/2986/2301 2320/3058/2373 2321/3057/2372
f 2184/2965/2280 2319/3063/2378 2320/3058/2373
f 2318/3059/2374 2319/3063/2378 2184/2965/2280
f 2144/2892/2207 2317/3060/2375 2318/3059/2374
f 2124/2874/2189 2316/3061/2376 2317/3060/2375
f 2104/2852/2167 2315/3064/2379 2316/3061/2376
f 2314/3062/2377 2315/3064/2379 2104/2852/2167
f 2321/3057/2372 2330/2977/2292 2331/3028/2343
f 2320/3058/2373 2329/2956/2271 2330/2977/2292
f 2319/3063/2378 2328/2936/2251 2329/2956/2271
f 2327/2915/2230 2328/2936/2251 2319/3063/2378
f 2317/3060/2375 2326/2865/2180 2327/2915/2230
f 2316/3061/2376 2325/2843/2158 2326/2865/2180
f 2315/3064/2379 2324/2828/2143 2325/2843/2158
f 2323/2829/2144 2324/2828/2143 2315/3064/2379
f 2225/2976/2291 2339/2982/2297 2340/3031/2346
f 2205/2955/2270 2338/2961/2276 2339/2982/2297
f 2185/3065/2380 2337/2938/2253 2338/2961/2276
f 2336/2918/2233 2337/2938/2253 2185/3065/2380
f 2145/2864/2179 2335/2870/2185 2336/2918/2233
f 2125/2842/2157 2334/2848/2163 2335/2870/2185
f 2105/3066/2381 2333/2823/2138 2334/2848/2163
f 2332/2824/2139 2333/2823/2138 2105/3066/2381
f 2294/3037/2352 2295/3036/2351 2349/3067/2382
f 2293/3039/2354 2294/3037/2352 2348/3017/2332
f 2292/3041/2356 2293/3039/2354 2347/2996/2311
f 2292/3041/2356 2346/2927/2242 2345/2928/2243
f 2290/3045/2360 2291/3042/2357 2345/2928/2243
f 2289/3047/2362 2290/3045/2360 2344/2904/2219
f 2288/3049/2364 2289/3047/2362 2343/2884/2199
f 2288/3049/2364 2342/2798/2113 2341/2800/2115
f 2251/3068/2383 2358/3005/2320 2357/2985/2300
f 2231/3015/2330 2357/2985/2300 2356/2964/2279
f 2191/2971/2286 2211/2994/2309 2356/2964/2279
f 2191/2971/2286 2355/2941/2256 2354/2891/2206
f 2151/2882/2197 2171/2901/2216 2354/2891/2206
f 2151/2882/2197 2353/2873/2188 2352/2851/2166
f 2131/2857/2172 2352/2851/2166 2351/2818/2133
f 2111/2858/2173 2351/2818/2133 2350/2819/2134
f 2229/3000/2315 2249/3022/2337 2367/3014/2329
f 2229/3000/2315 2366/2993/2308 2365/2970/2285
f 2189/2932/2247 2209/2950/2265 2365/2970/2285
f 2189/2932/2247 2364/2924/2239 2363/2925/2240
f 2149/2888/2203 2169/2909/2224 2363/2925/2240
f 2149/2888/2203 2362/2900/2215 2361/2881/2196
f 2129/2837/2152 2361/2881/2196 2360/2807/2122
f 2109/2790/2105 2360/2807/2122 2359/2809/2124
f 2222/3023/2338 2375/2998/2313 2376/3019/2334
f 2202/3001/2316 2374/2947/2262 2375/2998/2313
f 2182/2951/2266 2373/2929/2244 2374/2947/2262
f 2372/2906/2221 2373/2929/2244 2182/2951/2266
f 2371/2886/2201 2372/2906/2221 2162/2910/2225
f 2370/2834/2149 2371/2886/2201 2142/2889/2204
f 2369/2796/2111 2370/2834/2149 2122/2838/2153
f 2368/2797/2112 2369/2796/2111 2102/3070/2385
f 2223/2981/2296 2384/3002/2317 2385/3024/2339
f 2203/2960/2275 2383/2952/2267 2384/3002/2317
f 2183/3071/2386 2382/2933/2248 2383/2952/2267
f 2381/2911/2226 2382/2933/2248 2183/3071/2386
f 2143/2869/2184 2380/2890/2205 2381/2911/2226
f 2123/2847/2162 2379/2839/2154 2380/2890/2205
f 2103/3072/2387 2378/2787/2102 2379/2839/2154
f 2377/2788/2103 2378/2787/2102 2103/3072/2387
f 1962/3082/2388 2258/3083/2388 1951/3084/2388
f 2258/3083/2388 2268/3085/2388 2256/3086/2388
f 2268/3085/2388 2259/3087/2388 2256/3086/2388
f 2259/3087/2388 2277/3088/2388 2256/3086/2388
f 2258/3083/2388 2256/3086/2388 1951/3084/2388
f 1971/3089/2388 1953/3090/2388 1951/3084/2388
f 1953/3090/2388 1962/3082/2388 1951/3084/2388
f 2277/3088/2388 2255/3091/2388 2256/3086/2388
f 1950/3092/2388 1971/3089/2388 1951/3084/2388
f 2255/3091/2388 2257/3093/2388 2256/3086/2388
f 1952/3094/2388 1950/3092/2388 1951/3084/2388
f 1952/3094/2388 1941/3095/2388 1998/3096/2388
f 2052/3097/2388 1947/3098/2388 2043/3099/2388
f 1947/3098/2388 1949/3100/2388 1989/3101/2388
f 2061/3102/2388 1946/3103/2388 1943/3104/2388
f 1946/3103/2388 2052/3097/2388 2043/3099/2388
f 1943/3104/2388 1946/3103/2388 2043/3099/2388
f 1942/3105/2388 1944/3106/2388 1943/3104/2388
f 1944/3106/2388 2061/3102/2388 1943/3104/2388
f 1989/3101/2388 2043/3099/2388 1947/3098/2388
f 1989/3101/2388 1949/3100/2388 1945/3107/2388
f 1949/3100/2388 1980/3108/2388 1945/3107/2388
f 1945/3107/2388 1980/3108/2388 1998/3096/2388
f 1980/3108/2388 1952/3094/2388 1998/3096/2388
f 1941/3095/2388 1952/3094/2388 1951/3084/2388
f 2257/3093/2388 2286/3109/2388 2304/3110/2388
f 2007/3111/2388 1941/3095/2388 1951/3084/2388
f 2254/3112/2388 2252/3113/2388 2295/3114/2388
f 2252/3113/2388 2358/3115/2388 2349/3116/2388
f 2295/3114/2388 2252/3113/2388 2349/3116/2388
f 2286/3109/2388 2254/3112/2388 2250/3117/2388
f 1939/3118/2388 2007/3111/2388 1951/3084/2388
f 2256/3086/2388 2257/3093/2388 2246/3119/2388
f 2358/3115/2388 2251/3120/2388 2349/3116/2388
f 2251/3120/2388 2367/3121/2388 2248/3122/2388
f 2367/3121/2388 2249/3123/2388 2248/3122/2388
f 2249/3123/2388 2247/3124/2388 2248/3122/2388
f 2248/3122/2388 2349/3116/2388 2251/3120/2388
f 2016/3125/2388 1939/3118/2388 1948/3126/2388
f 2025/3127/2388 2016/3125/2388 1948/3126/2388
f 1939/3118/2388 1951/3084/2388 1948/3126/2388
f 2254/3112/2388 2295/3114/2388 2250/3117/2388
f 1940/3128/2388 2025/3127/2388 1948/3126/2388
f 2079/3129/2388 1938/3130/2388 1937/3131/2388
f 1938/3130/2388 2034/3132/2388 1936/3133/2388
f 2034/3132/2388 1940/3128/2388 1936/3133/2388
f 2250/3117/2388 2304/3110/2388 2286/3109/2388
f 2304/3110/2388 2246/3119/2388 2257/3093/2388
f 1938/3130/2388 1936/3133/2388 1935/3134/2388
f 2070/3135/2388 1937/3131/2388 1935/3134/2388
f 1935/3134/2388 1937/3131/2388 1938/3130/2388
f 1948/3126/2388 1936/3133/2388 1940/3128/2388
f 2241/3136/2388 2253/3075/2388 2245/3137/2388
f 2253/3075/2388 2256/3086/2388 2244/3073/2388
f 2241/3136/2388 2245/3137/2388 2340/3138/2388
f 2246/3119/2388 2313/3139/2388 2256/3086/2388
f 2240/3140/2388 2241/3136/2388 2243/3141/2388
f 2242/3142/2388 2376/3143/2388 2240/3140/2388
f 2243/3141/2388 2385/3144/2388 2242/3142/2388
f 2340/3138/2388 2243/3141/2388 2241/3136/2388
f 2243/3141/2388 2242/3142/2388 2240/3140/2388
f 2256/3086/2388 2313/3139/2388 2244/3073/2388
f 2245/3137/2388 2253/3075/2388 2331/3145/2388
f 2331/3145/2388 2253/3075/2388 2322/3074/2388
f 2269/3146/7 2080/3147/7 2083/3148/7
f 2080/3147/7 2260/3149/7 2083/3148/7
f 2260/3149/7 2081/3150/7 2083/3148/7
f 2081/3150/7 1954/3151/7 1785/3152/7
f 1954/3151/7 1783/3153/7 1785/3152/7
f 1783/3153/7 1963/3154/7 1785/3152/7
f 2081/3150/7 1785/3152/7 2083/3148/7
f 1963/3154/7 1786/3155/7 1785/3152/7
f 2084/3156/7 2269/3146/7 2083/3148/7
f 1786/3155/7 1784/3157/7 1785/3152/7
f 2082/3158/7 2084/3156/7 2083/3148/7
f 2082/3158/7 2093/3159/7 2296/3160/7
f 2350/3161/7 2087/3162/7 2341/3163/7
f 2087/3162/7 2085/3164/7 2287/3165/7
f 2359/3166/7 2088/3167/7 2341/3163/7
f 2088/3167/7 2350/3161/7 2341/3163/7
f 2092/3168/7 2090/3169/7 2091/3170/7
f 2090/3169/7 2359/3166/7 2091/3170/7
f 2341/3163/7 2091/3170/7 2359/3166/7
f 2287/3165/7 2341/3163/7 2087/3162/7
f 2085/3164/7 2278/3171/7 2089/3172/7
f 2085/3164/7 2089/3172/7 2287/3165/7
f 2089/3172/7 2278/3171/7 2296/3160/7
f 2278/3171/7 2082/3158/7 2296/3160/7
f 2093/3159/7 2082/3158/7 2083/3148/7
f 1784/3157/7 1972/3173/7 1990/3174/7
f 2305/3175/7 2093/3159/7 2083/3148/7
f 1787/3176/7 1789/3177/7 1981/3178/7
f 1789/3177/7 2044/3179/7 2035/3180/7
f 1981/3178/7 1789/3177/7 2035/3180/7
f 1972/3173/7 1787/3176/7 1791/3181/7
f 1784/3157/7 1795/3182/7 1785/3152/7
f 2095/3183/7 2305/3175/7 2086/3184/7
f 1795/3182/7 1784/3157/7 1990/3174/7
f 2044/3179/7 1790/3185/7 2035/3180/7
f 1790/3185/7 2053/3186/7 2035/3180/7
f 2053/3186/7 1792/3187/7 1793/3188/7
f 2035/3180/7 2053/3186/7 1793/3188/7
f 1792/3187/7 1794/3189/7 1793/3188/7
f 2314/3190/7 2095/3183/7 2086/3184/7
f 2305/3175/7 2083/3148/7 2086/3184/7
f 2323/3191/7 2314/3190/7 2086/3184/7
f 1787/3176/7 1981/3178/7 1791/3181/7
f 2094/3192/7 2323/3191/7 2086/3184/7
f 2377/3193/7 2096/3194/7 2368/3195/7
f 2096/3194/7 2332/3196/7 2098/3197/7
f 2332/3196/7 2094/3192/7 2098/3197/7
f 1791/3181/7 1990/3174/7 1972/3173/7
f 2096/3194/7 2098/3197/7 2368/3195/7
f 2368/3195/7 2097/3198/7 2377/3193/7
f 2098/3197/7 2099/3199/7 2368/3195/7
f 2086/3184/7 2098/3197/7 2094/3192/7
f 1800/3200/7 1788/3078/7 1796/3201/7
f 1788/3078/7 1785/3152/7 1999/3202/7
f 1800/3200/7 1796/3201/7 2026/3203/7
f 1795/3182/7 1999/3202/7 1785/3152/7
f 1801/3204/7 1800/3200/7 2062/3205/7
f 1799/3206/7 2062/3205/7 2071/3207/7
f 1798/3208/7 1800/3200/7 2026/3203/7
f 1798/3208/7 2071/3207/7 2062/3205/7
f 1800/3200/7 1798/3208/7 2062/3205/7
f 1999/3202/7 1797/3076/7 1788/3078/7
f 1796/3201/7 1788/3078/7 2017/3209/7
f 2017/3209/7 1788/3078/7 2008/3077/7
f 3107/708/2392 2434/611/2393 2435/610/2394
f 2511/523/2395 2445/596/2396 2446/591/2397
f 2574/514/2398 2465/581/2399 2466/584/2400
f 2580/565/2401 2535/564/2402 2470/570/2403
f 2525/467/2404 2573/466/2405 2464/573/2406
f 3032/478/2407 3088/634/2408 2412/636/2409
f 2590/434/2410 2492/561/2411 2493/560/2412
f 2588/435/2413 2587/438/2414 2489/552/2415
f 2556/493/2416 2502/536/2417 2503/537/2418
f 2545/505/2419 2496/544/2420 2497/543/2421
f 2553/532/2422 2554/494/2423 2500/533/2424
f 2531/516/2425 2577/509/2426 2529/459/2427
f 2545/505/2419 2546/498/2428 2540/497/2429
f 2577/509/2426 2532/572/2430 2533/510/2431
f 2547/496/2432 2548/526/2433 2594/488/2434
f 2548/526/2433 2506/529/2435 2507/527/2436
f 2554/494/2423 2553/532/2422 2549/490/2437
f 2553/532/2422 2555/538/2438 2550/492/2439
f 3029/463/2440 3030/468/2441 2573/466/2405
f 2597/486/2442 2598/491/2443 2561/416/2444
f 2393/443/2445 2392/445/2446 2584/444/2447
f 2388/453/2448 2387/456/2449 2530/455/2450
f 2550/492/2439 2555/538/2438 2556/493/2416
f 2521/465/2451 3029/463/2440 2573/466/2405
f 2400/608/2452 2399/429/2453 2477/431/2454
f 2394/441/2455 2393/443/2445 2585/442/2456
f 2592/428/2457 2400/608/2452 2477/431/2454
f 2593/427/2458 2538/499/2459 2540/497/2429
f 3134/731/2460 2418/729/2461 2419/664/2462
f 2406/417/2463 2558/420/2464 2564/418/2465
f 3155/740/2466 3090/677/2467 3089/676/2468
f 3139/727/2469 2413/670/2470 2414/633/2471
f 3137/726/2472 3079/724/2473 2416/631/2474
f 3072/666/2475 3143/732/2476 3073/628/2477
f 3103/692/2478 3052/659/2479 3051/653/2480
f 3108/710/2481 2433/697/2482 2434/611/2393
f 2435/610/2394 3123/609/2483 3124/657/2484
f 3056/658/2485 2436/607/2486 3055/656/2487
f 3059/605/2488 3058/655/2489 2437/606/2490
f 3064/620/2491 3062/619/2492 2425/660/2493
f 3068/621/2494 2422/661/2495 3070/623/2496
f 3070/623/2496 3065/662/2497 2421/663/2498
f 2419/664/2462 3077/627/2499 3075/626/2500
f 3082/475/2501 2413/670/2470 3084/671/2502
f 2416/631/2474 3080/470/2503 3030/468/2441
f 3085/635/2504 3086/672/2505 3087/673/2506
f 3084/671/2502 3083/674/2507 3085/635/2504
f 3089/676/2468 2412/636/2409 3088/634/2408
f 3092/678/2508 2438/642/2509 2439/641/2510
f 3091/682/2511 2439/641/2510 2440/646/2512
f 3088/634/2408 3082/475/2501 3085/635/2504
f 3041/640/2513 3099/686/2514 3042/649/2515
f 3042/649/2515 3101/688/2516 3044/684/2517
f 3043/650/2518 3096/689/2519 2440/646/2512
f 2428/616/2520 3115/706/2521 2427/617/2522
f 3050/652/2523 3102/683/2524 3038/644/2525
f 3147/722/2526 3086/672/2505 3083/674/2507
f 3135/728/2527 3071/665/2528 2418/729/2461
f 3149/738/2529 2411/637/2530 2412/636/2409
f 2407/415/2531 2564/418/2465 2561/416/2444
f 2401/426/2532 2400/608/2452 2592/428/2457
f 2387/456/2449 2386/458/2533 2528/457/2534
f 2390/447/2535 2582/547/2536 2537/448/2537
f 3082/475/2501 3032/478/2407 2512/477/2538
f 2549/490/2437 2597/486/2442 2564/418/2465
f 2543/501/2539 2544/540/2540 2538/499/2459
f 2521/465/2451 2574/514/2398 2575/511/2541
f 2516/517/2542 2515/476/2543 2517/521/2544
f 2556/493/2416 2555/538/2438 2501/535/2545
f 2546/498/2428 2497/543/2421 2498/531/2546
f 2585/442/2456 2584/444/2447 2486/555/2547
f 2477/431/2454 2476/502/2548 2541/503/2549
f 2519/472/2550 2455/576/2551 2463/579/2552
f 2476/502/2548 2591/430/2553 2493/560/2412
f 2572/515/2554 2463/579/2552 2456/588/2555
f 2430/614/2556 3113/703/2557 2429/615/2558
f 2510/524/2559 2444/595/2560 2445/596/2396
f 2527/513/2561 2459/583/2562 2465/581/2399
f 2514/519/2563 2452/597/2564 2453/575/2565
f 2475/563/2566 2579/454/2567 2535/564/2402
f 2475/563/2566 2580/565/2401 2581/507/2568
f 2583/446/2569 2537/448/2537 2479/556/2570
f 2582/547/2536 2536/452/2571 2478/546/2572
f 2554/494/2423 2596/489/2573 2504/539/2574
f 2548/526/2433 2547/496/2432 2505/528/2575
f 2578/508/2576 2579/454/2567 2530/455/2450
f 2525/467/2404 2526/582/2577 2527/513/2561
f 2550/492/2439 2552/482/2578 2598/491/2443
f 2552/482/2578 2556/493/2416 2557/483/2579
f 3030/468/2441 2572/515/2554 2524/469/2580
f 2390/447/2535 2389/450/2581 2536/452/2571
f 2397/433/2582 2589/436/2583 2590/434/2410
f 2404/421/2584 2563/424/2585 2560/422/2586
f 3090/677/2467 3149/738/2529 2412/636/2409
f 3140/733/2587 3081/675/2588 2413/670/2470
f 3145/723/2589 2415/632/2590 3079/724/2473
f 2423/622/2591 3127/716/2592 2422/661/2495
f 3063/713/2593 3126/720/2594 2423/622/2591
f 2425/660/2493 3125/712/2595 3064/620/2491
f 3033/600/2596 3048/645/2597 2440/646/2512
f 2586/440/2598 2585/442/2456 2487/554/2599
f 2526/582/2577 2457/574/2600 2458/586/2601
f 2532/572/2430 2577/509/2426 2472/571/2602
f 2426/695/2603 3122/696/2604 3062/619/2492
f 3029/463/2440 3075/626/2500 3077/627/2499
f 3031/473/2605 2415/632/2590 2414/633/2471
f 3030/468/2441 3074/630/2606 2416/631/2474
f 2387/456/2449 3070/623/2496 2386/458/2533
f 3068/621/2494 2388/453/2448 2423/622/2591
f 2386/458/2533 3069/624/2607 3028/460/2608
f 2427/617/2522 3121/705/2609 3060/618/2610
f 3055/656/2487 3120/707/2611 3056/658/2485
f 2431/613/2612 3112/702/2613 2430/614/2556
f 2421/663/2498 3133/711/2614 3067/669/2615
f 3123/609/2483 3056/658/2485 3124/657/2484
f 2394/441/2455 2429/615/2558 2393/443/2445
f 2434/611/2393 2397/433/2582 2398/432/2616
f 2393/443/2445 2428/616/2520 2392/445/2446
f 3039/601/2617 2405/419/2618 2406/417/2463
f 2519/472/2550 2463/579/2552 2572/515/2554
f 3035/598/2619 2408/412/2620 2409/414/2621
f 2576/512/2622 2466/584/2400 2471/585/2623
f 2571/471/2624 2455/576/2551 2519/472/2550
f 2537/448/2537 2582/547/2536 2484/548/2625
f 2580/565/2401 2470/570/2403 2482/551/2626
f 2475/563/2566 2535/564/2402 2580/565/2401
f 2476/502/2548 2493/560/2412 2480/558/2627
f 2584/444/2447 2485/557/2628 2486/555/2547
f 2585/442/2456 2486/555/2547 2487/554/2599
f 2581/507/2568 2482/551/2626 2483/545/2629
f 2546/498/2428 2498/531/2546 2559/487/2630
f 2554/494/2423 2504/539/2574 2500/533/2424
f 2548/526/2433 2505/528/2575 2506/529/2435
f 2514/519/2563 2515/476/2543 2513/520/2631
f 2512/477/2538 2513/520/2631 2515/476/2543
f 2522/461/2632 2575/511/2541 2576/512/2622
f 2542/504/2633 2543/501/2539 2539/500/2634
f 2591/430/2553 2476/502/2548 2477/431/2454
f 2538/499/2459 2539/500/2634 2543/501/2539
f 2554/494/2423 2549/490/2437 2596/489/2573
f 3036/599/2635 2441/643/2636 3033/600/2596
f 2395/439/2637 2430/614/2556 2394/441/2455
f 2596/489/2573 2549/490/2437 2564/418/2465
f 2550/492/2439 2597/486/2442 2549/490/2437
f 2397/433/2582 2590/434/2410 2398/432/2616
f 2397/433/2582 2588/435/2413 2589/436/2583
f 2395/439/2637 2586/440/2598 2587/438/2414
f 2393/443/2445 2584/444/2447 2585/442/2456
f 3080/470/2503 2572/515/2554 3030/468/2441
f 2511/523/2395 2568/479/2638 2510/524/2559
f 2547/496/2432 2498/531/2546 2505/528/2575
f 2390/447/2535 2537/448/2537 3061/449/2639
f 2389/450/2581 2534/451/2640 2536/452/2571
f 2388/453/2448 2534/451/2640 2389/450/2581
f 2386/458/2533 2529/459/2427 2528/457/2534
f 3029/463/2440 2523/464/2641 2522/461/2632
f 2576/512/2622 2467/562/2642 2531/516/2425
f 2535/564/2402 2474/569/2643 2470/570/2403
f 2513/520/2631 2448/594/2644 2514/519/2563
f 2526/582/2577 2459/583/2562 2527/513/2561
f 2401/426/2532 2436/607/2486 2400/608/2452
f 2435/610/2394 2398/432/2616 2399/429/2453
f 2396/437/2645 2431/613/2612 2395/439/2637
f 3036/599/2635 2407/415/2531 2408/412/2620
f 2510/524/2559 2445/596/2396 2511/523/2395
f 2399/429/2453 2591/430/2553 2477/431/2454
f 2514/519/2563 2453/575/2565 2517/521/2544
f 2579/454/2567 2473/568/2646 2474/569/2643
f 2537/448/2537 2484/548/2625 2479/556/2570
f 2542/504/2633 2480/558/2627 2481/559/2647
f 2542/504/2633 2494/541/2648 2543/501/2539
f 2536/452/2571 2483/545/2629 2478/546/2572
f 2588/435/2413 2489/552/2415 2490/549/2649
f 2556/493/2416 2503/537/2418 2557/483/2579
f 2594/488/2434 2508/525/2650 2595/485/2651
f 2511/523/2395 2512/477/2538 2568/479/2638
f 2516/517/2542 2517/521/2544 2518/522/2652
f 2534/451/2640 2581/507/2568 2536/452/2571
f 2545/505/2419 2540/497/2429 2538/499/2459
f 2592/428/2457 2539/500/2634 2593/427/2458
f 2438/642/2509 3050/652/2523 3038/644/2525
f 2443/651/2653 3045/638/2654 2442/647/2655
f 3047/648/2656 3041/640/2513 3042/649/2515
f 3048/645/2597 3043/650/2518 2440/646/2512
f 3035/598/2619 2442/647/2655 3036/599/2635
f 3034/603/2657 2439/641/2510 2438/642/2509
f 2572/515/2554 2456/588/2555 2524/469/2580
f 2527/513/2561 2465/581/2399 2574/514/2398
f 2518/522/2652 2460/587/2658 2569/518/2659
f 2406/417/2463 2564/418/2465 2407/415/2531
f 2408/412/2620 2562/413/2660 2409/414/2621
f 2403/423/2661 2563/424/2585 2404/421/2584
f 3060/618/2610 2390/447/2535 3061/449/2639
f 2407/415/2531 2561/416/2444 2408/412/2620
f 3032/478/2407 2568/479/2638 2512/477/2538
f 2515/476/2543 3082/475/2501 2512/477/2538
f 3030/468/2441 2524/469/2580 2573/466/2405
f 2598/491/2443 2562/413/2660 2561/416/2444
f 2597/486/2442 2561/416/2444 2564/418/2465
f 2397/433/2582 2432/612/2662 2396/437/2645
f 2513/520/2631 2512/477/2538 2446/591/2397
f 2594/488/2434 2507/527/2436 2508/525/2650
f 3032/478/2407 2412/636/2409 2411/637/2530
f 2513/520/2631 2447/592/2663 2448/594/2644
f 2429/615/2558 3114/704/2664 2428/616/2520
f 2511/523/2395 2446/591/2397 2512/477/2538
f 2567/480/2665 2451/593/2666 2568/479/2638
f 3035/598/2619 3036/599/2635 2408/412/2620
f 2526/582/2577 2525/467/2404 2457/574/2600
f 2577/509/2426 2531/516/2425 2467/562/2642
f 2524/469/2580 2456/588/2555 2464/573/2406
f 2587/438/2414 2586/440/2598 2488/553/2667
f 2589/436/2583 2491/550/2668 2492/561/2411
f 2579/454/2567 2578/508/2576 2473/568/2646
f 2542/504/2633 2541/503/2549 2480/558/2627
f 2544/540/2540 2495/542/2669 2496/544/2420
f 2581/507/2568 2580/565/2401 2482/551/2626
f 2544/540/2540 2543/501/2539 2494/541/2648
f 2547/496/2432 2559/487/2630 2498/531/2546
f 2522/461/2632 2523/464/2641 2575/511/2541
f 3028/460/2608 2520/462/2670 2531/516/2425
f 2528/457/2534 2529/459/2427 2577/509/2426
f 2555/538/2438 2553/532/2422 2499/534/2671
f 2592/428/2457 2542/504/2633 2539/500/2634
f 2549/490/2437 2553/532/2422 2550/492/2439
f 2516/517/2542 3082/475/2501 2515/476/2543
f 2564/418/2465 2558/420/2464 2596/489/2573
f 2475/563/2566 2388/453/2448 2579/454/2567
f 3080/470/2503 3031/473/2605 2571/471/2624
f 2598/491/2443 2599/495/2672 2562/413/2660
f 3028/460/2608 3029/463/2440 2522/461/2632
f 2398/432/2616 2590/434/2410 2591/430/2553
f 2395/439/2637 2394/441/2455 2586/440/2598
f 2392/445/2446 2391/506/2673 2583/446/2569
f 2540/497/2429 2402/425/2674 2593/427/2458
f 3154/737/2675 3089/676/2468 3088/634/2408
f 2405/419/2618 2560/422/2586 2558/420/2464
f 3086/672/2505 3148/741/2676 3152/739/2677
f 2416/631/2474 3144/734/2678 3137/726/2472
f 3138/725/2679 2414/633/2471 2415/632/2590
f 2420/667/2680 3134/731/2460 2419/664/2462
f 3104/693/2681 3053/690/2682 3052/659/2479
f 3066/715/2683 3128/718/2684 2421/663/2498
f 2436/607/2486 3058/655/2489 3055/656/2487
f 3055/656/2487 3058/655/2489 3054/654/2685
f 3057/604/2686 3052/659/2479 3059/605/2488
f 2391/506/2673 3060/618/2610 3061/449/2639
f 3076/625/2687 2419/664/2462 3075/626/2500
f 3071/665/2528 3072/666/2475 3073/628/2477
f 3069/624/2607 2421/663/2498 3067/669/2615
f 2420/667/2680 3078/668/2688 3067/669/2615
f 3078/668/2688 2420/667/2680 3076/625/2687
f 2413/670/2470 3081/675/2588 3084/671/2502
f 3089/676/2468 3090/677/2467 2412/636/2409
f 3088/634/2408 3085/635/2504 3087/673/2506
f 2402/425/2674 3038/644/2525 3057/604/2686
f 3049/680/2689 3095/681/2690 3050/652/2523
f 3097/687/2691 3041/640/2513 3040/639/2692
f 3044/684/2517 3100/685/2693 3043/650/2518
f 3053/690/2682 3106/691/2694 3054/654/2685
f 2510/524/2559 2568/479/2638 2451/593/2666
f 2414/633/2471 3082/475/2501 3031/473/2605
f 2422/661/2495 3131/719/2695 3065/662/2497
f 3141/730/2696 3072/666/2475 3071/665/2528
f 3152/739/2677 3087/673/2506 3086/672/2505
f 3087/673/2506 3154/737/2675 3088/634/2408
f 2408/412/2620 2561/416/2444 2562/413/2660
f 2386/458/2533 3028/460/2608 2529/459/2427
f 2582/547/2536 2390/447/2535 2536/452/2571
f 2565/481/2697 2566/742/2698 2567/480/2665
f 2560/422/2586 2595/485/2651 2596/489/2573
f 2544/540/2540 2545/505/2419 2538/499/2459
f 2574/514/2398 2521/465/2451 2525/467/2404
f 2533/510/2431 2578/508/2576 2528/457/2534
f 2514/519/2563 2517/521/2544 2515/476/2543
f 2536/452/2571 2581/507/2568 2483/545/2629
f 2542/504/2633 2481/559/2647 2494/541/2648
f 2576/512/2622 2471/585/2623 2467/562/2642
f 2569/518/2659 2460/587/2658 2461/580/2699
f 3062/619/2492 3117/694/2700 2425/660/2493
f 2567/480/2665 2566/742/2698 2449/589/2701
f 2567/480/2665 2450/590/2702 2451/593/2666
f 2576/512/2622 2575/511/2541 2466/584/2400
f 2526/582/2577 2458/586/2601 2459/583/2562
f 2571/471/2624 2462/578/2703 2455/576/2551
f 3093/679/2704 3049/680/2689 2438/642/2509
f 2533/510/2431 2532/572/2430 2468/566/2705
f 2584/444/2447 2583/446/2569 2485/557/2628
f 2589/436/2583 2588/435/2413 2490/549/2649
f 2595/485/2651 2508/525/2650 2509/530/2706
f 3080/470/2503 2519/472/2550 2572/515/2554
f 2552/482/2578 2551/484/2707 2599/495/2672
f 2391/506/2673 3061/449/2639 2537/448/2537
f 2563/424/2585 2594/488/2434 2595/485/2651
f 3082/475/2501 2569/518/2659 2570/474/2708
f 2388/453/2448 2475/563/2566 2534/451/2640
f 2396/437/2645 2395/439/2637 2587/438/2414
f 2397/433/2582 2396/437/2645 2588/435/2413
f 2403/423/2661 2559/487/2630 2563/424/2585
f 2411/637/2530 3151/735/2709 2410/736/2710
f 3081/675/2588 3147/722/2526 3083/674/2507
f 3136/721/2711 3074/630/2606 2417/629/2712
f 2424/700/2713 3130/717/2714 3063/713/2593
f 3125/712/2595 3063/713/2593 2423/622/2591
f 3133/711/2614 2420/667/2680 3067/669/2615
f 3107/708/2392 2435/610/2394 3124/657/2484
f 2524/469/2580 2464/573/2406 2573/466/2405
f 2578/508/2576 2533/510/2431 2469/567/2715
f 2433/697/2482 3110/698/2716 2432/612/2662
f 2535/564/2402 2579/454/2567 2474/569/2643
f 3077/627/2499 3073/628/2477 2417/629/2712
f 3028/460/2608 3076/625/2687 3029/463/2440
f 3080/470/2503 2415/632/2590 3031/473/2605
f 2425/660/2493 3118/699/2717 2424/700/2713
f 3029/463/2440 3076/625/2687 3075/626/2500
f 3064/620/2491 2388/453/2448 2389/450/2581
f 3106/691/2694 3055/656/2487 3054/654/2685
f 3102/683/2524 3051/653/2480 3038/644/2525
f 2432/612/2662 3111/701/2718 2431/613/2612
f 3060/618/2610 3116/709/2719 2426/695/2603
f 3073/628/2477 3136/721/2711 2417/629/2712
f 3065/662/2497 3132/714/2720 3066/715/2683
f 2552/482/2578 2557/483/2579 2551/484/2707
f 3082/475/2501 2570/474/2708 3031/473/2605
f 3034/603/2657 2403/423/2661 2404/421/2584
f 2569/518/2659 2461/580/2699 2570/474/2708
f 2513/520/2631 2446/591/2397 2447/592/2663
f 2578/508/2576 2469/567/2715 2473/568/2646
f 2475/563/2566 2581/507/2568 2534/451/2640
f 2532/572/2430 2472/571/2602 2468/566/2705
f 2480/558/2627 2541/503/2549 2476/502/2548
f 2477/431/2454 2541/503/2549 2592/428/2457
f 2401/426/2532 2592/428/2457 2593/427/2458
f 2590/434/2410 2493/560/2412 2591/430/2553
f 2583/446/2569 2479/556/2570 2485/557/2628
f 2587/438/2414 2488/553/2667 2489/552/2415
f 2582/547/2536 2478/546/2572 2484/548/2625
f 2545/505/2419 2497/543/2421 2546/498/2428
f 2544/540/2540 2494/541/2648 2495/542/2669
f 2595/485/2651 2509/530/2706 2596/489/2573
f 2525/467/2404 2527/513/2561 2574/514/2398
f 3082/475/2501 2516/517/2542 2569/518/2659
f 2521/465/2451 2575/511/2541 2523/464/2641
f 2391/506/2673 2537/448/2537 2583/446/2569
f 2541/503/2549 2542/504/2633 2592/428/2457
f 2552/482/2578 2599/495/2672 2598/491/2443
f 2550/492/2439 2598/491/2443 2597/486/2442
f 3038/644/2525 3034/603/2657 2438/642/2509
f 2565/481/2697 2567/480/2665 3032/478/2407
f 2560/422/2586 2596/489/2573 2558/420/2464
f 2547/496/2432 2594/488/2434 2559/487/2630
f 2559/487/2630 2540/497/2429 2546/498/2428
f 2396/437/2645 2587/438/2414 2588/435/2413
f 2394/441/2455 2585/442/2456 2586/440/2598
f 2531/516/2425 2529/459/2427 3028/460/2608
f 2576/512/2622 2531/516/2425 2520/462/2670
f 2559/487/2630 2402/425/2674 2540/497/2429
f 2553/532/2422 2500/533/2424 2499/534/2671
f 2556/493/2416 2501/535/2545 2502/536/2417
f 2392/445/2446 2583/446/2569 2584/444/2447
f 2579/454/2567 2388/453/2448 2530/455/2450
f 3028/460/2608 2522/461/2632 2520/462/2670
f 2387/456/2449 2528/457/2534 2530/455/2450
f 2533/510/2431 2468/566/2705 2469/567/2715
f 2525/467/2404 2464/573/2406 2457/574/2600
f 2510/524/2559 2451/593/2666 2444/595/2560
f 2574/514/2398 2466/584/2400 2575/511/2541
f 3123/609/2483 2435/610/2394 2399/429/2453
f 3031/473/2605 2570/474/2708 2571/471/2624
f 3033/600/2596 2406/417/2463 2407/415/2531
f 3037/602/2721 2404/421/2584 2405/419/2618
f 2514/519/2563 2448/594/2644 2452/597/2564
f 2570/474/2708 2462/578/2703 2571/471/2624
f 2518/522/2652 2453/575/2565 2454/577/2722
f 2577/509/2426 2467/562/2642 2472/571/2602
f 2589/436/2583 2492/561/2411 2590/434/2410
f 2586/440/2598 2487/554/2599 2488/553/2667
f 2589/436/2583 2490/549/2649 2491/550/2668
f 2555/538/2438 2499/534/2671 2501/535/2545
f 2544/540/2540 2496/544/2420 2545/505/2419
f 2548/526/2433 2507/527/2436 2594/488/2434
f 2569/518/2659 2516/517/2542 2518/522/2652
f 2520/462/2670 2522/461/2632 2576/512/2622
f 2577/509/2426 2533/510/2431 2528/457/2534
f 2578/508/2576 2530/455/2450 2528/457/2534
f 2538/499/2459 2593/427/2458 2539/500/2634
f 3054/654/2685 3058/655/2489 3059/605/2488
f 3038/644/2525 3051/653/2480 3057/604/2686
f 3048/645/2597 2441/643/2636 3047/648/2656
f 3037/602/2721 2440/646/2512 2439/641/2510
f 2442/647/2655 3047/648/2656 2441/643/2636
f 2411/637/2530 2565/481/2697 3032/478/2407
f 3045/638/2654 3040/639/2692 3041/640/2513
f 2570/474/2708 2461/580/2699 2462/578/2703
f 2518/522/2652 2517/521/2544 2453/575/2565
f 2567/480/2665 2449/589/2701 2450/590/2702
f 3029/463/2440 2521/465/2451 2523/464/2641
f 2405/419/2618 2558/420/2464 2406/417/2463
f 2404/421/2584 2560/422/2586 2405/419/2618
f 2402/425/2674 2401/426/2532 2593/427/2458
f 2573/466/2405 2525/467/2404 2521/465/2451
f 2392/445/2446 2427/617/2522 2391/506/2673
f 3032/478/2407 2567/480/2665 2568/479/2638
f 2398/432/2616 2591/430/2553 2399/429/2453
f 3080/470/2503 2571/471/2624 2519/472/2550
f 2563/424/2585 2595/485/2651 2560/422/2586
f 2559/487/2630 2594/488/2434 2563/424/2585
f 2550/492/2439 2556/493/2416 2552/482/2578
f 3057/604/2686 3059/605/2488 2437/606/2490
f 2518/522/2652 2454/577/2722 2460/587/2658
f 2559/487/2630 2403/423/2661 2402/425/2674
f 3062/619/2492 3064/620/2491 2389/450/2581
f 2778/216/2723 2776/270/2724 2603/224/2725
f 2674/384/2726 2675/382/2727 2651/362/2728
f 2600/395/2729 2707/394/2730 2620/388/2731
f 2683/351/2732 2682/357/2733 2633/234/2734
f 2675/382/2727 2674/384/2726 2725/289/2735
f 2690/345/2736 2639/249/2737 2691/343/2738
f 2699/321/2739 2697/328/2740 2644/256/2741
f 2702/379/2742 2700/325/2743 2668/380/2744
f 2607/371/2745 2684/372/2746 2657/350/2747
f 2608/375/2748 2689/374/2749 2660/347/2750
f 2604/368/2751 2654/356/2752 2655/354/2753
f 2654/356/2752 2681/359/2754 2682/357/2733
f 2666/330/2755 2665/336/2756 2695/331/2757
f 2663/340/2758 2662/342/2759 2692/341/2760
f 2698/297/2761 2614/408/2762 2696/333/2763
f 2649/267/2764 2629/225/2765 2672/311/2766
f 2672/311/2766 2650/396/2767 2670/312/2768
f 2669/323/2769 2668/380/2744 2701/324/2770
f 2808/169/2771 2744/268/2772 2716/260/2773
f 2770/157/2774 2709/302/2775 2708/304/2776
f 2734/241/2777 2733/239/2778 2787/207/2779
f 2773/288/2780 2726/383/2781 2725/289/2735
f 2773/288/2780 2772/290/2782 2749/223/2783
f 2601/296/2784 2614/408/2762 2698/297/2761
f 2803/176/2785 2741/254/2786 2740/252/2787
f 2735/242/2788 2734/241/2777 2789/284/2789
f 2805/174/2790 2742/257/2791 2741/254/2786
f 2809/282/2792 2745/263/2793 2744/268/2772
f 2788/200/2794 2756/203/2795 2755/204/2796
f 2812/162/2797 2768/158/2798 2767/164/2799
f 2804/276/2800 2764/175/2801 2763/177/2802
f 2750/222/2803 2749/223/2783 2774/269/2804
f 2646/262/2805 2626/261/2806 2716/260/2773
f 2754/206/2807 2753/212/2808 2782/218/2809
f 2687/199/2810 2790/273/2811 2788/200/2794
f 2633/234/2734 2632/231/2812 2730/233/2813
f 2619/389/2814 2623/390/2815 2621/386/2816
f 2618/391/2817 2625/392/2818 2619/389/2814
f 2600/395/2729 2620/388/2731 2624/387/2819
f 2621/386/2816 2671/314/2820 2650/396/2767
f 2673/364/2821 2651/362/2728 2676/365/2822
f 2651/362/2728 2631/385/2823 2674/384/2726
f 2812/162/2797 2616/398/2824 2617/160/2825
f 2615/326/2826 2700/325/2743 2702/379/2742
f 2708/304/2776 2629/225/2765 2720/227/2827
f 2768/158/2798 2813/281/2828 2811/163/2829
f 2767/164/2799 2811/163/2829 2809/282/2792
f 2613/295/2830 2614/329/2762 2804/276/2800
f 2764/175/2801 2805/174/2790 2803/176/2785
f 2762/182/2831 2801/181/2832 2799/183/2833
f 2692/341/2760 2641/250/2834 2693/339/2835
f 2760/186/2836 2797/185/2837 2795/190/2838
f 2611/179/2839 2800/178/2840 2798/194/2841
f 2608/189/2748 2794/188/2842 2792/196/2843
f 2751/220/2844 2779/285/2845 2777/221/2846
f 2761/184/2847 2799/183/2833 2797/185/2837
f 2646/262/2805 2744/268/2772 2745/263/2793
f 2778/216/2723 2751/220/2844 2750/222/2803
f 2761/184/2847 2760/186/2836 2796/274/2848
f 2718/279/2849 2717/165/2850 2765/167/2851
f 2807/166/2852 2743/259/2853 2742/257/2791
f 2727/291/2854 2726/383/2781 2773/288/2780
f 2785/205/2855 2732/236/2856 2731/235/2857
f 2708/304/2776 2709/302/2775 2715/303/2858
f 2769/161/2859 2710/306/2860 2711/299/2861
f 2614/408/2762 2613/334/2830 2696/333/2763
f 2659/346/2862 2688/349/2863 2690/345/2736
f 2653/358/2864 2652/363/2865 2678/360/2866
f 2605/369/2867 2655/354/2753 2656/355/2868
f 2609/376/2869 2662/342/2759 2663/340/2758
f 2670/312/2768 2650/396/2767 2671/314/2820
f 2690/345/2736 2638/245/2870 2639/249/2737
f 2701/324/2770 2628/322/2871 2626/261/2806
f 2693/339/2835 2641/250/2834 2642/253/2872
f 2619/389/2814 2621/386/2816 2650/396/2767
f 2783/213/2873 2781/219/2874 2752/214/2875
f 2798/194/2841 2796/274/2848 2609/187/2869
f 2621/386/2816 2623/390/2815 2624/387/2819
f 2674/384/2726 2631/385/2823 2721/292/2876
f 2686/353/2877 2636/240/2777 2637/243/2878
f 2688/349/2863 2637/243/2878 2638/245/2870
f 2704/317/2879 2703/319/2880 2647/264/2881
f 2630/332/2882 2611/378/2839 2664/338/2883
f 2687/373/2810 2607/371/2745 2658/348/2884
f 2676/365/2822 2651/362/2728 2652/363/2865
f 2665/336/2756 2664/338/2883 2694/337/2885
f 2657/350/2747 2656/355/2868 2683/351/2732
f 2671/314/2820 2602/393/2886 2617/315/2825
f 2600/309/2729 2714/300/2887 2710/306/2860
f 2718/171/2849 2766/170/2888 2717/165/2850
f 2730/233/2813 2729/232/2889 2779/285/2845
f 2739/251/2890 2738/248/2891 2797/185/2837
f 2747/226/2892 2746/266/2893 2811/163/2829
f 2802/275/2894 2763/177/2802 2762/182/2831
f 2786/272/2895 2755/204/2796 2754/206/2807
f 2648/265/2896 2647/264/2881 2745/263/2793
f 2640/246/2897 2639/249/2737 2737/247/2898
f 2644/256/2741 2643/255/2899 2741/254/2786
f 2636/240/2777 2635/238/2900 2733/239/2778
f 2682/357/2733 2632/231/2812 2633/234/2734
f 2705/316/2901 2702/411/2742 2669/318/2769
f 2664/338/2883 2693/339/2835 2694/337/2885
f 2680/361/2902 2729/232/2889 2632/231/2812
f 2792/196/2843 2790/273/2811 2687/199/2810
f 2703/319/2880 2646/262/2805 2647/264/2881
f 2695/331/2757 2642/253/2872 2643/255/2899
f 2699/321/2739 2644/256/2741 2645/258/2903
f 2705/316/2901 2669/318/2769 2670/312/2768
f 2700/298/2743 2667/327/2904 2627/320/2905
f 2670/312/2768 2671/314/2820 2705/316/2901
f 2781/219/2874 2779/285/2845 2751/220/2844
f 2777/221/2846 2775/287/2906 2749/223/2783
f 2684/208/2746 2786/272/2895 2784/209/2907
f 2641/250/2834 2640/246/2897 2738/248/2891
f 2633/234/2734 2731/235/2857 2732/236/2856
f 2609/376/2869 2663/340/2758 2610/377/2908
f 2687/373/2810 2658/348/2884 2659/346/2862
f 2610/377/2908 2664/338/2883 2611/378/2839
f 2676/365/2822 2652/363/2865 2603/366/2725
f 2667/327/2904 2697/328/2740 2699/321/2739
f 2651/362/2728 2678/360/2866 2652/363/2865
f 2665/336/2756 2694/337/2885 2695/331/2757
f 2627/320/2905 2699/321/2739 2628/322/2871
f 2697/328/2740 2695/331/2757 2643/255/2899
f 2748/159/2909 2709/302/2775 2770/157/2774
f 2600/309/2729 2710/306/2860 2707/308/2730
f 2766/170/2888 2719/283/2910 2717/165/2850
f 2722/230/2911 2724/293/2912 2721/292/2876
f 2773/288/2780 2725/289/2735 2772/290/2782
f 2783/213/2873 2730/233/2813 2781/219/2874
f 2735/242/2788 2789/284/2789 2791/202/2913
f 2739/251/2890 2797/185/2837 2799/183/2833
f 2811/163/2829 2745/263/2793 2809/282/2792
f 2762/182/2831 2798/194/2841 2800/178/2840
f 2806/277/2914 2764/175/2801 2804/276/2800
f 2754/206/2807 2782/218/2809 2784/209/2907
f 2646/262/2805 2716/260/2773 2744/268/2772
f 2646/262/2805 2745/263/2793 2647/264/2881
f 2645/258/2903 2742/257/2791 2743/259/2853
f 2640/246/2897 2737/247/2898 2738/248/2891
f 2683/351/2732 2635/238/2900 2685/352/2915
f 2609/376/2869 2661/344/2916 2662/342/2759
f 2635/238/2900 2732/236/2856 2733/239/2778
f 2641/250/2834 2740/252/2787 2642/253/2872
f 2762/182/2831 2799/183/2833 2761/184/2847
f 2761/184/2847 2797/185/2837 2760/186/2836
f 2760/186/2836 2795/190/2838 2759/191/2917
f 2611/179/2839 2798/194/2841 2610/195/2908
f 2790/273/2811 2756/203/2795 2788/200/2794
f 2718/279/2849 2765/167/2851 2806/277/2914
f 2719/283/2910 2743/259/2853 2807/166/2852
f 2793/192/2918 2757/198/2919 2758/193/2920
f 2687/199/2810 2788/200/2794 2607/201/2745
f 2791/202/2913 2756/203/2795 2757/198/2919
f 2792/196/2843 2687/199/2810 2689/197/2749
f 2784/209/2907 2605/210/2867 2606/211/2921
f 2708/304/2776 2715/303/2858 2712/305/2922
f 2672/311/2766 2670/312/2768 2706/313/2923
f 2655/354/2753 2683/351/2732 2656/355/2868
f 2630/332/2882 2696/333/2763 2613/334/2830 2612/335/2924
f 2605/369/2867 2656/355/2868 2606/370/2921
f 2684/372/2746 2656/355/2868 2657/350/2747
f 2608/375/2748 2660/347/2750 2661/344/2916
f 2723/228/2925 2673/364/2821 2676/365/2822
f 2653/358/2864 2681/359/2754 2654/356/2752
f 2800/178/2840 2611/179/2839 2612/180/2924
f 2669/318/2769 2703/319/2880 2704/317/2879
f 2770/157/2774 2708/304/2776 2720/227/2827
f 2808/169/2771 2716/260/2773 2719/283/2910
f 2804/276/2800 2802/294/2894 2612/180/2924 2613/295/2830
f 2727/291/2854 2773/288/2780 2775/287/2906
f 2734/241/2777 2787/207/2779 2789/284/2789
f 2730/233/2813 2779/285/2845 2781/219/2874
f 2803/176/2785 2740/252/2787 2801/181/2832
f 2768/158/2798 2769/161/2859 2748/159/2909
f 2810/278/2926 2766/170/2888 2718/171/2849
f 2802/275/2894 2762/182/2831 2800/178/2840
f 2778/216/2723 2750/222/2803 2776/270/2724
f 2648/265/2896 2747/226/2892 2649/267/2764
f 2645/258/2903 2716/260/2773 2626/261/2806
f 2701/324/2770 2626/261/2806 2646/262/2805
f 2674/384/2726 2721/292/2876 2725/289/2735
f 2677/381/2927 2728/286/2928 2678/360/2866
f 2675/382/2727 2725/289/2735 2726/383/2781
f 2678/360/2866 2729/232/2889 2680/361/2902
f 2685/352/2915 2636/240/2777 2686/353/2877
f 2661/344/2916 2690/345/2736 2691/343/2738
f 2666/330/2755 2695/331/2757 2697/328/2740
f 2662/342/2759 2691/343/2738 2692/341/2760
f 2768/158/2798 2811/163/2829 2767/164/2799
f 2770/157/2774 2768/158/2798 2748/159/2909
f 2718/171/2849 2601/172/2784 2615/173/2826
f 2696/333/2763 2665/336/2756 2666/330/2755
f 2617/160/2825 2769/161/2859 2812/162/2797
f 2777/221/2846 2749/223/2783 2750/222/2803
f 2751/220/2844 2777/221/2846 2750/222/2803
f 2783/213/2873 2752/214/2875 2753/212/2808
f 2636/240/2777 2735/242/2788 2637/243/2878
f 2633/234/2734 2730/233/2813 2731/235/2857
f 2689/374/2749 2659/346/2862 2660/347/2750
f 2673/364/2821 2631/385/2823 2651/362/2728
f 2723/228/2925 2722/230/2911 2673/364/2821
f 2691/343/2738 2640/246/2897 2692/341/2760
f 2616/397/2824 2702/411/2742 2705/316/2901
f 2604/215/2751 2780/271/2929 2778/216/2723
f 2657/350/2747 2683/351/2732 2685/352/2915
f 2658/348/2884 2685/352/2915 2686/353/2877
f 2708/304/2776 2618/391/2817 2629/225/2765
f 2602/393/2886 2671/314/2820 2620/388/2731
f 2682/357/2733 2681/359/2754 2632/231/2812
f 2675/382/2727 2726/383/2781 2727/291/2854
f 2700/298/2743 2698/297/2761 2667/327/2904
f 2692/341/2760 2640/246/2897 2641/250/2834
f 2683/351/2732 2634/237/2930 2635/238/2900
f 2628/322/2871 2699/321/2739 2645/258/2903
f 2609/376/2869 2608/375/2748 2661/344/2916
f 2698/297/2761 2696/333/2763 2666/330/2755
f 2689/374/2749 2687/373/2810 2659/346/2862
f 2604/368/2751 2679/367/2931 2653/358/2864
f 2661/344/2916 2660/347/2750 2690/345/2736
f 2655/354/2753 2682/357/2733 2683/351/2732
f 2664/338/2883 2663/340/2758 2693/339/2835
f 2684/372/2746 2606/370/2921 2656/355/2868
f 2601/172/2784 2718/279/2849 2806/277/2914
f 2627/320/2905 2667/327/2904 2699/321/2739
f 2709/302/2775 2711/299/2861 2713/301/2932
f 2748/159/2909 2711/299/2861 2709/302/2775
f 2728/286/2928 2727/291/2854 2775/287/2906
f 2766/170/2888 2808/169/2771 2719/283/2910
f 2775/287/2906 2773/288/2780 2749/223/2783
f 2722/230/2911 2771/229/2933 2724/293/2912
f 2740/252/2787 2739/251/2890 2799/183/2833
f 2736/244/2934 2735/242/2788 2791/202/2913
f 2733/239/2778 2732/236/2856 2785/205/2855
f 2719/283/2910 2716/260/2773 2743/259/2853
f 2796/274/2848 2760/186/2836 2759/191/2917
f 2768/158/2798 2812/162/2797 2769/161/2859
f 2806/277/2914 2765/167/2851 2764/175/2801
f 2790/273/2811 2757/198/2919 2756/203/2795
f 2747/226/2892 2813/281/2828 2770/157/2774
f 2753/212/2808 2752/214/2875 2780/271/2929
f 2791/202/2913 2789/284/2789 2756/203/2795
f 2641/250/2834 2739/251/2890 2740/252/2787
f 2621/386/2816 2624/387/2819 2620/388/2731
f 2618/391/2817 2672/311/2766 2629/225/2765
f 2602/393/2886 2620/388/2731 2707/394/2730
f 2619/389/2814 2650/396/2767 2672/311/2766
f 2616/397/2824 2705/316/2901 2617/315/2825
f 2798/194/2841 2609/187/2869 2610/195/2908
f 2617/160/2825 2602/307/2886 2769/161/2859
f 2770/157/2774 2813/281/2828 2768/158/2798
f 2616/397/2824 2615/326/2826 2702/379/2742
f 2717/165/2850 2719/283/2910 2807/166/2852
f 2614/329/2762 2806/277/2914 2804/276/2800
f 2767/168/2799 2809/282/2792 2808/169/2771
f 2765/167/2851 2807/166/2852 2805/174/2790
f 2763/177/2802 2803/176/2785 2801/181/2832
f 2759/191/2917 2795/190/2838 2793/192/2918
f 2609/187/2869 2796/274/2848 2794/188/2842
f 2793/192/2918 2791/202/2913 2757/198/2919
f 2812/162/2797 2810/280/2926 2616/398/2824
f 2693/339/2835 2642/253/2872 2694/337/2885
f 2642/253/2872 2740/252/2787 2741/254/2786
f 2780/271/2929 2752/214/2875 2751/220/2844
f 2762/182/2831 2761/184/2847 2798/194/2841
f 2794/188/2842 2759/191/2917 2758/193/2920
f 2810/278/2926 2767/168/2799 2766/170/2888
f 2721/292/2876 2724/293/2912 2772/290/2782
f 2783/213/2873 2731/235/2857 2730/233/2813
f 2710/306/2860 2769/161/2859 2602/307/2886
f 2749/223/2783 2724/293/2912 2771/229/2933
f 2667/327/2904 2666/330/2755 2697/328/2740
f 2658/348/2884 2686/353/2877 2688/349/2863
f 2662/342/2759 2661/344/2916 2691/343/2738
f 2653/358/2864 2680/361/2902 2681/359/2754
f 2610/377/2908 2663/340/2758 2664/338/2883
f 2704/317/2879 2648/265/2896 2649/267/2764
f 2691/343/2738 2639/249/2737 2640/246/2897
f 2668/380/2744 2627/320/2905 2628/322/2871
f 2756/203/2795 2789/284/2789 2787/207/2779
f 2621/386/2816 2620/388/2731 2671/314/2820
f 2675/382/2727 2677/381/2927 2651/362/2728
f 2618/391/2817 2622/310/2935 2625/392/2818
f 2619/389/2814 2625/392/2818 2623/390/2815
f 2631/385/2823 2673/364/2821 2722/230/2911
f 2802/275/2894 2800/178/2840 2612/180/2924
f 2685/352/2915 2635/238/2900 2636/240/2777
f 2703/319/2880 2701/324/2770 2646/262/2805
f 2696/333/2763 2630/332/2882 2665/336/2756
f 2679/367/2931 2603/366/2725 2652/363/2865
f 2658/348/2884 2657/350/2747 2685/352/2915
f 2670/312/2768 2669/318/2769 2704/317/2879
f 2630/409/2882 2612/335/2924 2611/410/2839
f 2622/310/2935 2618/391/2817 2708/304/2776
f 2711/299/2861 2710/306/2860 2714/300/2887
f 2729/232/2889 2728/286/2928 2777/221/2846
f 2738/248/2891 2737/247/2898 2795/190/2838
f 2737/247/2898 2736/244/2934 2793/192/2918
f 2811/163/2829 2746/266/2893 2745/263/2793
f 2792/196/2843 2758/193/2920 2757/198/2919
f 2648/265/2896 2746/266/2893 2747/226/2892
f 2645/258/2903 2743/259/2853 2716/260/2773
f 2638/245/2870 2736/244/2934 2737/247/2898
f 2636/240/2777 2734/241/2777 2735/242/2788
f 2635/238/2900 2634/237/2930 2732/236/2856
f 2723/228/2925 2774/269/2804 2771/229/2933
f 2670/312/2768 2704/317/2879 2706/313/2923
f 2678/360/2866 2728/286/2928 2729/232/2889
f 2788/200/2794 2786/272/2895 2684/208/2746
f 2677/381/2927 2727/291/2854 2728/286/2928
f 2628/322/2871 2645/258/2903 2626/261/2806
f 2704/317/2879 2649/267/2764 2706/313/2923
f 2697/328/2740 2643/255/2899 2644/256/2741
f 2784/209/2907 2782/218/2809 2605/210/2867
f 2704/317/2879 2647/264/2881 2648/265/2896
f 2702/379/2742 2668/380/2744 2669/323/2769
f 2782/218/2809 2780/271/2929 2604/215/2751
f 2755/204/2796 2787/207/2779 2785/205/2855
f 2785/205/2855 2783/213/2873 2753/212/2808
f 2629/225/2765 2649/267/2764 2747/226/2892
f 2645/258/2903 2644/256/2741 2742/257/2791
f 2637/243/2878 2735/242/2788 2736/244/2934
f 2723/228/2925 2771/229/2933 2722/230/2911
f 2781/219/2874 2751/220/2844 2752/214/2875
f 2604/368/2751 2653/358/2864 2654/356/2752
f 2601/172/2784 2806/277/2914 2614/329/2762
f 2658/348/2884 2688/349/2863 2659/346/2862
f 2772/290/2782 2724/293/2912 2749/223/2783
f 2710/306/2860 2602/307/2886 2707/308/2730
f 2749/223/2783 2771/229/2933 2774/269/2804
f 2695/331/2757 2694/337/2885 2642/253/2872
f 2709/302/2775 2713/301/2932 2715/303/2858
f 2764/175/2801 2803/176/2785 2763/177/2802
f 2601/296/2784 2698/297/2761 2700/298/2743
f 2721/292/2876 2772/290/2782 2725/289/2735
f 2729/232/2889 2777/221/2846 2779/285/2845
f 2733/239/2778 2785/205/2855 2787/207/2779
f 2738/248/2891 2795/190/2838 2797/185/2837
f 2737/247/2898 2793/192/2918 2795/190/2838
f 2809/282/2792 2744/268/2772 2808/169/2771
f 2786/272/2895 2754/206/2807 2784/209/2907
f 2761/184/2847 2796/274/2848 2798/194/2841
f 2788/200/2794 2755/204/2796 2786/272/2895
f 2750/222/2803 2774/269/2804 2776/270/2724
f 2648/265/2896 2745/263/2793 2746/266/2893
f 2641/250/2834 2738/248/2891 2739/251/2890
f 2638/245/2870 2737/247/2898 2639/249/2737
f 2683/351/2732 2633/234/2734 2634/237/2930
f 2629/225/2765 2747/226/2892 2720/227/2827
f 2636/240/2777 2733/239/2778 2734/241/2777
f 2642/253/2872 2741/254/2786 2643/255/2899
f 2644/256/2741 2741/254/2786 2742/257/2791
f 2609/187/2869 2794/188/2842 2608/189/2748
f 2759/191/2917 2793/192/2918 2758/193/2920
f 2794/188/2842 2758/193/2920 2792/196/2843
f 2792/196/2843 2757/198/2919 2790/273/2811
f 2812/162/2797 2767/164/2799 2810/280/2926
f 2807/166/2852 2742/257/2791 2805/174/2790
f 2805/174/2790 2741/254/2786 2803/176/2785
f 2608/189/2748 2792/196/2843 2689/197/2749
f 2755/204/2796 2785/205/2855 2754/206/2807
f 2788/200/2794 2684/208/2746 2607/201/2745
f 2756/203/2795 2787/207/2779 2755/204/2796
f 2622/310/2935 2708/304/2776 2712/305/2922
f 2671/314/2820 2617/315/2825 2705/316/2901
f 2654/356/2752 2682/357/2733 2655/354/2753
f 2663/340/2758 2692/341/2760 2693/339/2835
f 2607/371/2745 2657/350/2747 2658/348/2884
f 2782/218/2809 2604/215/2751 2605/210/2867
f 2649/267/2764 2672/311/2766 2706/313/2923
f 2679/367/2931 2652/363/2865 2653/358/2864
f 2653/358/2864 2678/360/2866 2680/361/2902
f 2601/296/2784 2700/325/2743 2615/326/2826
f 2669/323/2769 2701/324/2770 2703/319/2880
f 2769/161/2859 2711/299/2861 2748/159/2909
f 2711/299/2861 2714/300/2887 2713/301/2932
f 2728/286/2928 2775/287/2906 2777/221/2846
f 2785/205/2855 2731/235/2857 2783/213/2873
f 2740/252/2787 2799/183/2833 2801/181/2832
f 2736/244/2934 2791/202/2913 2793/192/2918
f 2747/226/2892 2811/163/2829 2813/281/2828
f 2804/276/2800 2763/177/2802 2802/275/2894
f 2796/274/2848 2759/191/2917 2794/188/2842
f 2753/212/2808 2780/271/2929 2782/218/2809
f 2780/271/2929 2751/220/2844 2778/216/2723
f 2747/226/2892 2770/157/2774 2720/227/2827
f 2668/380/2744 2628/322/2871 2701/324/2770
f 2700/325/2743 2627/320/2905 2668/380/2744
f 2631/385/2823 2722/230/2911 2721/292/2876
f 2680/361/2902 2632/231/2812 2681/359/2754
f 2675/382/2727 2727/291/2854 2677/381/2927
f 2688/349/2863 2638/245/2870 2690/345/2736
f 2686/353/2877 2637/243/2878 2688/349/2863
f 2615/173/2826 2616/398/2824 2810/280/2926
f 2718/171/2849 2615/173/2826 2810/280/2926
f 2659/346/2862 2690/345/2736 2660/347/2750
f 2785/205/2855 2753/212/2808 2754/206/2807
f 2717/165/2850 2807/166/2852 2765/167/2851
f 2767/168/2799 2808/169/2771 2766/170/2888
f 2765/167/2851 2805/174/2790 2764/175/2801
f 2684/208/2746 2784/209/2907 2606/211/2921
f 2630/332/2882 2664/338/2883 2665/336/2756
f 2778/216/2723 2603/224/2725 2679/217/2931
f 2763/177/2802 2801/181/2832 2762/182/2831
f 2604/215/2751 2778/216/2723 2679/217/2931
f 2632/231/2812 2729/232/2889 2730/233/2813
f 2633/234/2734 2732/236/2856 2634/237/2930
f 2637/243/2878 2736/244/2934 2638/245/2870
f 2604/368/2751 2655/354/2753 2605/369/2867
f 2618/391/2817 2619/389/2814 2672/311/2766
f 2651/362/2728 2677/381/2927 2678/360/2866
f 2698/297/2761 2666/330/2755 2667/327/2904
f 2831/725/2936 3470/633/2937 2830/727/2938
f 2961/188/2939 2963/196/2940 2997/193/2941
f 2817/739/2942 2882/673/2943 2816/753/2944
f 3485/429/2945 2846/609/2946 3484/608/2947
f 2963/196/2940 2998/198/2948 2997/193/2941
f 2990/167/2949 2991/175/2950 2950/174/2951
f 3015/252/2952 2954/181/2953 2956/183/2954
f 2971/209/2955 3279/210/2956 2973/218/2957
f 2862/708/2958 3450/611/2959 2861/710/2960
f 3454/614/2961 2856/703/2962 2857/702/2963
f 3461/622/2964 2842/716/2965 2843/720/2966
f 3201/351/2967 3250/237/2968 3251/234/2969
f 3247/243/2970 3019/244/2971 3020/242/2972
f 2983/290/2973 3006/223/2974 3160/293/2975
f 3482/425/2976 2931/644/2977 3481/423/2978
f 2941/460/2979 2893/625/2980 2891/668/2981
f 3000/204/2982 3001/206/2983 2970/205/2984
f 3180/317/2985 3178/313/2986 3235/267/2987
f 3231/358/2988 3203/359/2989 3204/361/2990
f 3253/385/2991 3162/230/2992 3211/364/2993
f 2965/273/2994 2999/203/2995 2998/198/2948
f 3270/329/2996 2951/276/2997 2949/277/2998
f 3280/215/2999 2977/216/3000 2975/271/3001
f 3468/631/3002 2825/734/3003 2895/630/3004
f 3257/320/3005 3185/321/3006 3217/327/3007
f 2959/274/3008 2996/191/3009 2995/186/3010
f 3220/338/3011 3191/339/3012 3221/340/3013
f 3195/374/3014 3225/346/3015 3197/373/3016
f 3183/324/3017 3238/262/3018 3258/261/3019
f 3238/262/3018 3237/264/3020 3010/263/3021
f 2965/273/2994 2967/200/3022 2999/203/2995
f 3226/348/3023 3198/353/3024 3199/352/3025
f 2934/598/3026 3442/647/3027 3441/651/3028
f 3222/342/3029 3192/341/3030 3193/343/3031
f 3205/367/3032 3232/363/3033 3281/366/3034
f 3491/443/3035 3456/616/3036 3455/615/3037
f 2917/659/3038 2910/605/3039 2916/690/3040
f 3463/663/3041 2899/623/3042 2900/624/3043
f 2820/738/3044 3473/637/3045 2819/752/3046
f 2921/645/3047 2926/650/3048 2925/684/3049
f 2963/196/2940 2965/273/2994 2998/198/2948
f 3495/450/3050 2907/619/3051 3494/447/3052
f 2896/628/3053 3466/729/3054 2892/627/3055
f 2884/635/3056 2883/672/3057 2886/674/3058
f 2939/468/3059 3467/629/3060 2940/463/3061
f 2993/182/3062 2955/178/3063 2957/194/3064
f 3244/246/3065 3017/248/3066 3018/247/3067
f 2920/680/3068 2874/681/3069 2875/744/3070
f 2995/186/3010 2996/191/3009 2960/190/3071
f 2971/209/2955 3278/211/3072 3279/210/2956
f 3204/361/2990 3203/359/2989 3252/231/3073
f 3276/375/3074 3223/344/3075 3224/347/3076
f 2926/650/3048 2873/689/3077 2869/685/3078
f 3456/616/3036 2854/706/3079 2855/704/3080
f 3004/220/3081 3005/222/3082 2978/221/3083
f 3254/332/3084 3272/335/3085 3271/334/3086 3188/333/3087
f 2986/161/3088 3007/159/3089 3173/299/3090
f 3161/228/3091 3211/364/2993 3162/230/2992
f 3279/369/2956 3278/370/3072 3228/355/3092
f 3174/306/3093 3282/307/3094 2986/161/3088
f 3223/344/3075 3194/345/3095 3224/347/3076
f 3268/397/3096 3182/379/3097 3269/326/3098
f 2964/202/3099 2999/203/2995 2966/284/3100
f 3199/352/3025 3248/240/3101 3249/238/3102
f 3216/380/3103 3256/322/3104 3257/320/3005
f 2876/679/3105 2920/680/3068 2875/744/3070
f 3026/232/3106 2976/285/3107 2978/221/3083
f 3275/187/3108 3276/189/3074 2961/188/2939
f 2836/711/3109 3464/667/3110 2840/749/3111
f 3451/697/3112 2859/698/3113 2860/747/3114
f 3276/189/3074 3195/197/3014 2963/196/2940
f 2977/216/3000 3205/217/3032 3281/224/3034
f 3444/646/3115 2936/600/3116 2930/601/3117
f 3209/382/3118 3207/381/3119 3157/291/3120
f 3446/642/3121 2919/652/3122 2920/680/3068
f 3267/160/3123 2943/162/3124 2986/161/3088
f 2867/683/3125 2918/653/3126 2866/692/3127
f 3442/647/3027 2922/648/3128 2924/638/3129
f 2905/620/3130 3496/453/3131 2844/712/3132
f 3233/362/3133 3206/360/3134 3207/381/3119
f 3251/234/2969 3250/237/2968 3023/236/3135
f 2973/218/2957 3279/210/2956 3280/215/2999
f 2928/640/3136 2870/686/3137 2871/745/3138
f 2909/618/3139 2853/709/3140 2848/705/3141
f 2943/162/3124 2945/280/3142 2988/164/3143
f 2974/219/3144 3003/214/3145 3004/220/3081
f 3005/222/3082 2979/270/3146 2981/269/3147
f 2830/727/2938 3471/670/3148 2829/733/3149
f 2814/740/3150 2879/677/3151 4288/754/3152
f 3163/292/3153 2983/290/2973 3160/293/2975
f 3265/389/3154 3212/311/3155 3234/396/3156
f 2989/170/3157 3165/283/3158 2947/169/3159
f 3201/351/2967 3249/238/3102 3250/237/2968
f 2964/202/3099 2998/198/2948 2999/203/2995
f 3199/352/3025 3198/353/3024 3248/240/3101
f 3235/267/2987 3178/313/2986 3212/311/3155
f 3200/208/3160 3278/211/3072 2971/209/2955
f 3002/212/3161 2973/218/2957 2975/271/3001
f 2935/603/3162 3481/423/2978 2931/644/2977
f 3489/439/3163 3454/614/2961 3453/613/3164
f 3206/360/3134 3026/232/3106 3027/286/3165
f 3280/368/2999 3230/356/3166 3231/358/2988
f 2909/618/3139 3494/447/3052 3458/695/3167
f 3188/333/3087 3219/336/3168 3254/332/3084
f 3283/296/3169 3269/326/3098 3184/325/3170
f 3216/380/3103 3183/324/3017 3256/322/3104
f 2970/205/2984 2972/213/3171 3024/235/3172
f 3214/312/3173 3178/313/2986 3180/317/2985
f 2887/475/3174 2884/635/3056 2885/671/3175
f 3248/240/3101 3020/242/2972 3021/241/3101
f 3251/234/2969 3024/235/3172 3025/233/3176
f 3282/393/3094 3264/388/3177 3213/314/3178
f 3226/348/3023 3199/352/3025 3227/350/3179
f 2970/205/2984 3001/206/2983 3002/212/3161
f 3450/611/2959 3487/433/3180 3451/697/3112
f 3458/695/3167 2847/696/3181 2853/709/3140
f 3017/248/3066 2958/185/3182 2960/190/3071
f 2866/692/3127 2917/659/3038 2865/693/3183
f 2822/722/3184 2883/672/3057 2821/741/3185
f 3182/379/3097 3215/323/3186 3216/380/3103
f 2948/166/3187 2950/174/2951 3013/257/3188
f 3161/228/3091 3162/230/2992 2984/229/3189
f 2924/638/3129 2929/639/3190 2923/743/3191
f 2959/274/3008 2961/188/2939 2996/191/3009
f 2999/203/2995 2968/207/3192 2966/284/3100
f 2879/677/3151 2820/738/3044 4288/754/3152
f 2972/213/3171 3025/233/3176 3024/235/3172
f 2962/192/3193 2998/198/2948 2964/202/3099
f 3167/165/3194 2948/166/3187 3165/283/3158
f 3263/386/3195 3264/388/3177 3260/387/3196
f 3165/283/3158 3012/259/3197 3168/260/3198
f 3007/159/3089 3175/302/3199 3173/299/3090
f 3256/322/3104 3239/258/3200 3185/321/3006
f 3197/199/3016 3277/201/3201 2967/200/3022
f 3243/250/3202 3242/253/3203 3015/252/2952
f 3206/360/3134 3204/361/2990 3026/232/3106
f 3231/358/2988 3204/361/2990 3206/360/3134
f 3215/323/3186 3181/319/3204 3183/324/3017
f 3027/286/3165 2978/221/3083 2980/287/3205
f 3167/165/3194 2990/167/2949 2948/166/3187
f 2932/602/3206 3480/421/3207 2935/603/3162
f 3459/660/3208 2851/699/3209 2852/694/3210
f 3447/606/3211 3482/425/2976 3483/426/3212
f 3196/349/3213 3194/345/3095 3246/245/3214
f 3229/354/3215 3228/355/3092 3201/351/2967
f 3200/372/3160 3227/350/3179 3228/355/3092
f 2955/178/3063 3272/180/3085 3273/179/3216
f 2865/693/3183 2916/690/3040 2864/746/3217
f 2987/158/3218 3007/159/3089 2986/161/3088
f 2961/188/2939 2997/193/2941 2996/191/3009
f 2993/182/3062 2957/194/3064 2994/184/3219
f 3025/233/3176 2974/219/3144 2976/285/3107
f 2845/657/3220 2849/707/3221 2913/658/3222
f 2977/216/3000 2979/270/3146 3005/222/3082
f 3181/319/3204 3238/262/3018 3183/324/3017
f 2844/712/3132 2906/713/3223 3460/700/3224
f 2953/275/3225 3272/180/3085 2955/178/3063
f 3161/228/3091 2984/229/3189 2981/269/3147
f 3236/265/3226 3009/266/3227 3010/263/3021
f 2878/682/3228 3445/641/3229 2877/678/3230
f 3459/660/3208 2844/712/3132 3460/700/3224
f 2967/200/3022 2969/272/3231 3000/204/2982
f 3453/613/3164 2857/702/2963 2858/701/3232
f 3239/258/3200 3168/260/3198 3012/259/3197
f 3248/240/3101 3021/241/3101 3022/239/3233
f 2927/649/3234 2868/688/3235 2870/686/3137
f 3207/381/3119 3027/286/3165 3157/291/3120
f 3265/389/3154 3261/390/3236 3259/392/3237
f 3222/342/3029 3193/343/3031 3223/344/3075
f 2919/652/3122 2867/683/3125 2874/681/3069
f 2985/157/3238 2987/158/3218 2942/281/3239
f 2987/158/3218 2986/161/3088 2943/162/3124
f 3243/250/3202 3015/252/2952 3016/251/3240
f 3283/172/3169 2949/277/2998 3166/279/3241
f 3209/382/3118 3157/291/3120 3158/383/3242
f 2945/278/3142 2989/170/3157 2988/168/3143
f 2962/192/3193 2997/193/2941 2998/198/2948
f 3195/374/3014 3224/347/3076 3225/346/3015
f 3213/314/3178 3179/316/3243 3267/315/3123
f 2932/602/3206 3444/646/3115 2930/601/3117
f 2933/599/3244 3443/643/3245 3442/647/3027
f 3236/265/3226 3008/226/3246 3009/266/3227
f 3173/299/3090 3170/300/3247 3174/306/3093
f 2944/163/3248 3010/263/3021 3009/266/3227
f 3262/310/3249 3176/304/3250 3266/391/3251
f 3266/391/3251 3212/311/3155 3265/389/3154
f 3189/331/3252 3242/253/3203 3190/337/3253
f 3255/225/3254 3008/226/3246 3235/267/2987
f 3174/306/3093 3177/308/3255 3282/307/3094
f 3239/258/3200 3012/259/3197 3013/257/3188
f 3202/357/3256 3252/231/3073 3203/359/2989
f 2882/673/2943 2815/737/3257 2816/753/2944
f 3239/258/3200 3013/257/3188 3240/256/3258
f 2893/625/2980 3465/664/3259 3464/667/3110
f 3176/304/3250 3255/225/3254 3266/391/3251
f 3193/343/3031 3192/341/3030 3244/246/3065
f 3188/333/3087 3218/330/3260 3219/336/3168
f 3186/297/3261 3217/327/3007 3218/330/3260
f 3487/433/3180 3452/612/3262 3451/697/3112
f 3283/296/3169 3184/298/3170 3186/297/3261
f 3494/447/3052 2907/619/3051 3458/695/3167
f 3246/245/3214 3018/247/3067 3019/244/2971
f 3225/346/3015 3224/347/3076 3194/345/3095
f 3468/631/3002 2889/470/3263 2890/724/3264
f 2833/721/3265 2895/630/3004 2825/734/3003
f 2994/184/3219 2957/194/3064 2959/274/3008
f 3022/239/3233 2968/207/3192 2970/205/2984
f 2912/604/3266 2917/659/3038 2918/653/3126
f 2834/728/3267 2898/665/3268 2828/730/3269
f 3490/441/3270 3455/615/3037 3454/614/2961
f 3018/247/3067 2962/192/3193 3019/244/2971
f 3180/317/2985 3236/265/3226 3237/264/3020
f 3166/171/3241 2945/280/3142 3269/173/3098
f 3482/425/2976 3447/606/3211 2912/604/3266
f 3470/633/2937 2887/475/3174 3471/670/3148
f 2863/691/3271 2914/656/3272 2850/748/3273
f 3000/204/2982 2970/205/2984 2968/207/3192
f 2991/175/2950 2992/177/3274 2952/176/3275
f 2906/713/3223 2843/720/2966 2839/717/3276
f 3175/302/3199 3169/303/3277 3171/301/3278
f 3243/250/3202 3016/251/3240 3017/248/3066
f 3283/172/3169 3270/329/2996 2949/277/2998
f 2861/710/2960 3451/697/3112 2860/747/3114
f 2815/737/3257 2880/676/3279 2814/740/3150
f 2935/603/3162 3445/641/3229 2932/602/3206
f 3266/391/3251 3259/392/3237 3262/310/3249
f 3263/386/3195 3213/314/3178 3264/388/3177
f 3267/160/3123 2986/161/3088 3282/307/3094
f 2975/271/3001 3004/220/3081 3003/214/3145
f 3268/397/3096 3179/316/3243 3182/411/3097
f 3275/187/3108 2961/188/2939 2959/274/3008
f 3175/302/3199 3171/301/3278 3173/299/3090
f 3022/239/3233 2970/205/2984 3023/236/3135
f 3008/226/3246 2985/157/3238 2942/281/3239
f 3226/348/3023 3196/349/3213 3198/353/3024
f 3231/358/2988 3230/356/3166 3203/359/2989
f 2944/163/3248 2946/282/3280 3010/263/3021
f 2993/182/3062 2994/184/3219 2956/183/2954
f 2953/275/3225 2955/178/3063 2993/182/3062
f 3192/341/3030 3243/250/3202 3244/246/3065
f 3166/171/3241 3269/173/3098 3283/172/3169
f 3236/265/3226 3235/267/2987 3008/226/3246
f 3198/353/3024 3196/349/3213 3247/243/2970
f 2927/649/3234 2922/648/3128 2925/684/3049
f 3493/506/3281 2909/618/3139 3457/617/3282
f 2828/730/3269 2897/666/3283 2827/751/3284
f 2925/684/3049 2922/648/3128 2921/645/3047
f 3466/729/3054 2896/628/3053 2898/665/3268
f 2907/619/3051 2852/694/3210 2847/696/3181
f 2832/726/3285 2890/724/3264 2824/723/3286
f 2949/277/2998 2951/276/2997 2991/175/2950
f 2902/669/3287 2941/460/2979 2891/668/2981
f 3217/327/3007 3187/328/3288 3218/330/3260
f 2877/678/3230 3446/642/3121 2876/679/3105
f 3238/262/3018 3011/268/3289 3168/260/3198
f 3249/238/3102 3022/239/3233 3023/236/3135
f 3165/283/3158 2948/166/3187 3012/259/3197
f 3215/318/3186 3180/317/2985 3181/319/3204
f 3452/612/3262 2858/701/3232 2859/698/3113
f 2952/176/3275 2954/181/2953 3015/252/2952
f 3465/664/3259 2892/627/3055 3466/729/3054
f 2975/271/3001 2977/216/3000 3004/220/3081
f 3253/385/2991 3163/292/3153 3162/230/2992
f 2972/213/3171 3002/212/3161 3003/214/3145
f 3212/311/3155 3178/313/2986 3214/312/3173
f 2947/169/3159 3165/283/3158 3168/260/3198
f 3201/351/2967 3199/352/3025 3249/238/3102
f 3191/339/3012 3190/337/3253 3242/253/3203
f 3266/391/3251 3255/225/3254 3212/311/3155
f 2897/666/3283 2826/732/3290 2827/751/3284
f 2988/168/3143 2947/169/3159 2946/282/3280
f 2970/205/2984 3002/212/3161 2972/213/3171
f 2946/282/3280 2947/169/3159 3011/268/3289
f 3006/223/2974 2981/269/3147 2984/229/3189
f 3242/253/3203 3241/255/3291 3014/254/3292
f 2916/690/3040 2863/691/3271 2864/746/3217
f 3262/310/3249 3172/305/3293 3176/304/3250
f 2988/168/3143 2989/170/3157 2947/169/3159
f 3473/637/3045 3319/481/3294 3474/736/3295
f 2945/278/3142 3166/171/3241 2989/170/3157
f 3441/651/3028 2924/638/3129 2923/743/3191
f 2996/191/3009 2997/193/2941 2962/192/3193
f 2899/623/3042 2904/662/3296 3462/661/3297
f 2916/690/3040 2910/605/3039 2915/654/3298
f 3496/453/3131 3461/622/2964 2844/712/3132
f 2925/684/3049 2869/685/3078 2868/688/3235
f 2930/601/3117 3479/419/3299 2932/602/3206
f 3205/367/3032 3231/358/2988 3232/363/3033
f 3498/458/3300 2900/624/3043 2899/623/3042
f 2824/723/3286 3469/632/3301 2831/725/2936
f 2969/272/3231 2971/209/2955 3001/206/2983
f 2967/200/3022 3200/208/3160 2969/272/3231
f 2872/687/3302 2928/640/3136 2871/745/3138
f 3448/607/3303 2911/655/3304 3447/606/3211
f 3193/343/3031 3244/246/3065 3245/249/3305
f 3268/397/3096 3267/315/3123 3179/316/3243
f 3162/230/2992 3160/293/2975 2984/229/3189
f 3015/252/2952 2956/183/2954 3016/251/3240
f 3275/376/3108 3223/344/3075 3276/375/3074
f 3021/241/3101 2966/284/3100 2968/207/3192
f 3230/356/3166 3229/354/3215 3202/357/3256
f 3173/299/3090 3171/301/3278 3170/300/3247
f 3280/215/2999 3205/217/3032 2977/216/3000
f 2933/599/3244 3477/415/3306 2936/600/3116
f 3483/426/3212 3448/607/3303 3447/606/3211
f 2992/177/3274 2954/181/2953 2952/176/3275
f 3249/238/3102 3023/236/3135 3250/237/2968
f 3254/409/3084 3273/410/3216 3272/335/3085
f 3214/312/3173 3180/317/2985 3215/318/3186
f 3026/232/3106 2978/221/3083 3027/286/3165
f 2936/600/3116 2921/645/3047 3443/643/3245
f 2967/200/3022 3277/201/3201 3200/208/3160
f 2951/276/2997 2953/275/3225 2992/177/3274
f 2904/662/3296 2837/714/3307 2838/719/3308
f 3277/371/3201 3226/348/3023 3227/350/3179
f 3187/328/3288 3240/256/3258 3241/255/3291
f 3462/661/3297 2838/719/3308 2842/716/2965
f 3207/381/3119 3206/360/3134 3027/286/3165
f 2985/157/3238 3007/159/3089 2987/158/3218
f 2939/468/3059 2895/630/3004 3467/629/3060
f 3019/244/2971 2962/192/3193 2964/202/3099
f 3280/368/2999 3279/369/2956 3229/354/3215
f 2996/191/3009 2962/192/3193 2960/190/3071
f 3248/240/3101 3247/243/2970 3020/242/2972
f 3460/700/3224 2839/717/3276 2851/699/3209
f 2835/731/3309 3466/729/3054 2834/728/3267
f 3018/247/3067 2960/190/3071 2962/192/3193
f 2990/167/2949 2950/174/2951 2948/166/3187
f 3464/667/3110 2835/731/3309 2840/749/3111
f 3227/350/3179 3199/352/3025 3201/351/2967
f 3008/226/3246 3164/227/3310 2985/157/3238
f 3209/382/3118 3233/362/3133 3207/381/3119
f 3166/279/3241 2949/277/2998 2990/167/2949
f 2829/733/3149 2888/675/3311 2823/750/3312
f 2943/162/3124 3268/398/3096 2945/280/3142
f 3282/393/3094 3177/394/3255 3264/388/3177
f 2949/277/2998 2991/175/2950 2990/167/2949
f 3027/286/3165 2980/287/3205 3157/291/3120
f 2980/287/3205 3006/223/2974 2982/288/3313
f 3186/297/3261 3218/330/3260 3188/333/3087
f 3209/382/3118 3158/383/3242 3159/289/3314
f 3176/304/3250 3172/305/3293 3169/303/3277
f 3239/258/3200 3258/261/3019 3168/260/3198
f 3211/364/2993 3233/362/3133 3253/385/2991
f 3221/340/3013 3191/339/3012 3192/341/3030
f 3269/173/3098 2945/280/3142 3268/398/3096
f 2992/177/3274 2993/182/3062 2954/181/2953
f 3484/608/2947 2846/609/2946 3448/607/3303
f 2940/463/3061 3467/629/3060 2892/627/3055
f 2936/600/3116 3478/417/3315 2930/601/3117
f 3184/325/3170 3216/380/3103 3257/320/3005
f 3008/226/3246 2942/281/3239 2944/163/3248
f 3457/617/3282 2848/705/3141 2854/706/3079
f 2951/276/2997 3271/295/3086 3272/180/3085 2953/294/3225
f 2985/157/3238 3164/227/3310 3176/304/3250
f 3157/291/3120 2980/287/3205 2982/288/3313
f 3001/206/2983 2971/209/2955 2973/218/2957
f 3280/368/2999 3231/358/2988 3205/367/3032
f 3229/354/3215 3201/351/2967 3202/357/3256
f 3455/615/3037 2855/704/3080 2856/703/2962
f 3223/344/3075 3193/343/3031 3194/345/3095
f 2849/707/3221 2845/657/3220 2862/708/2958
f 3210/384/3316 3159/289/3314 3163/292/3153
f 2922/648/3128 2928/640/3136 2924/638/3129
f 2904/662/3296 3463/663/3041 2903/715/3317
f 3246/245/3214 3245/249/3305 3018/247/3067
f 3226/348/3023 3225/346/3015 3196/349/3213
f 2914/656/3272 2849/707/3221 2850/748/3273
f 2903/715/3317 2841/718/3318 2837/714/3307
f 2999/203/2995 3000/204/2982 2968/207/3192
f 3240/256/3258 3013/257/3188 3014/254/3292
f 3255/225/3254 3164/227/3310 3008/226/3246
f 3473/637/3045 2818/735/3319 2819/752/3046
f 3256/322/3104 3258/261/3019 3239/258/3200
f 3274/377/3320 3220/338/3011 3221/340/3013
f 3180/317/2985 3235/267/2987 3236/265/3226
f 2957/194/3064 3274/195/3320 3275/187/3108
f 3002/212/3161 2975/271/3001 3003/214/3145
f 3200/372/3160 3228/355/3092 3278/370/3072
f 3019/244/2971 2964/202/3099 3020/242/2972
f 3184/298/3170 3217/327/3007 3186/297/3261
f 3273/179/3216 3274/195/3320 2957/194/3064
f 3161/228/3091 3208/365/3321 3211/364/2993
f 3218/330/3260 3187/328/3288 3189/331/3252
f 2978/221/3083 3005/222/3082 3006/223/2974
f 3242/253/3203 3014/254/3292 3015/252/2952
f 2889/470/3263 3469/632/3301 2890/724/3264
f 2937/478/3322 2881/634/3323 2887/475/3174
f 3497/456/3324 2901/621/3325 3496/453/3131
f 3488/437/3326 3453/613/3164 3452/612/3262
f 3017/248/3066 2960/190/3071 3018/247/3067
f 3254/332/3084 3219/336/3168 3220/338/3011
f 3252/231/3073 3025/233/3176 3026/232/3106
f 2941/460/2979 2902/669/3287 2900/624/3043
f 2885/671/3175 2886/674/3058 2888/675/3311
f 3163/292/3153 3159/289/3314 2983/290/2973
f 2987/158/3218 2988/164/3143 2944/163/3248
f 3006/223/2974 2984/229/3189 3160/293/2975
f 3275/376/3108 3222/342/3029 3223/344/3075
f 2994/184/3219 2995/186/3010 2958/185/3182
f 2846/609/2946 2913/658/3222 3448/607/3303
f 3497/456/3324 2899/623/3042 2901/621/3325
f 2888/675/3311 2822/722/3184 2823/750/3312
f 2963/196/2940 3195/197/3014 3197/199/3016
f 2896/628/3053 2833/721/3265 2826/732/3290
f 3492/445/3327 3457/617/3282 3456/616/3036
f 3449/610/3328 3486/432/3329 3450/611/2959
f 3247/243/2970 3246/245/3214 3019/244/2971
f 3463/663/3041 2836/711/3109 2841/718/3318
f 2901/621/3325 3462/661/3297 3461/622/2964
f 2950/174/2951 2952/176/3275 3014/254/3292
f 2973/218/2957 3280/215/2999 2975/271/3001
f 3036/599/2635 3033/600/2596 2407/415/2531
f 3033/600/2596 3039/601/2617 2406/417/2463
f 3039/601/2617 3037/602/2721 2405/419/2618
f 3037/602/2721 3034/603/2657 2404/421/2584
f 3034/603/2657 3038/644/2525 2403/423/2661
f 2437/606/2490 2401/426/2532 2402/425/2674
f 2402/425/2674 3057/604/2686 2437/606/2490
f 2401/426/2532 2437/606/2490 2436/607/2486
f 2399/429/2453 2400/608/2452 3123/609/2483
f 2400/608/2452 2436/607/2486 3123/609/2483
f 2435/610/2394 2434/611/2393 2398/432/2616
f 2434/611/2393 2433/697/2482 2397/433/2582
f 2397/433/2582 2433/697/2482 2432/612/2662
f 2396/437/2645 2432/612/2662 2431/613/2612
f 2395/439/2637 2431/613/2612 2430/614/2556
f 2394/441/2455 2430/614/2556 2429/615/2558
f 2393/443/2445 2429/615/2558 2428/616/2520
f 2392/445/2446 2428/616/2520 2427/617/2522
f 3060/618/2610 2426/695/2603 2390/447/2535
f 2389/450/2581 2390/447/2535 3062/619/2492
f 2390/447/2535 2426/695/2603 3062/619/2492
f 3064/620/2491 3125/712/2595 2388/453/2448
f 2387/456/2449 2388/453/2448 3068/621/2494
f 2388/453/2448 3125/712/2595 2423/622/2591
f 2387/456/2449 3068/621/2494 3070/623/2496
f 2386/458/2533 3070/623/2496 3069/624/2607
f 3028/460/2608 3078/668/2688 3076/625/2687
f 3030/468/2441 3029/463/2440 2417/629/2712
f 3029/463/2440 3077/627/2499 2417/629/2712
f 3030/468/2441 2417/629/2712 3074/630/2606
f 3080/470/2503 3079/724/2473 2415/632/2590
f 2414/633/2471 2413/670/2470 3082/475/2501
f 3032/478/2407 3082/475/2501 3088/634/2408
f 3082/475/2501 3084/671/2502 3085/635/2504
f 2411/637/2530 2410/736/2710 2565/481/2697
f 3045/638/2654 3046/743/3330 3040/639/2692
f 3034/603/2657 3037/602/2721 2439/641/2510
f 3036/599/2635 2442/647/2655 2441/643/2636
f 2440/646/2512 3039/601/2617 3033/600/2596
f 3033/600/2596 2441/643/2636 3048/645/2597
f 3037/602/2721 3039/601/2617 2440/646/2512
f 3035/598/2619 2443/651/2653 2442/647/2655
f 3047/648/2656 3045/638/2654 3041/640/2513
f 3048/645/2597 3044/684/2517 3043/650/2518
f 2442/647/2655 3045/638/2654 3047/648/2656
f 2443/651/2653 3046/743/3330 3045/638/2654
f 3042/649/2515 3044/684/2517 3047/648/2656
f 3044/684/2517 3048/645/2597 3047/648/2656
f 2438/642/2509 3049/680/2689 3050/652/2523
f 3052/659/2479 3053/690/2682 3059/605/2488
f 3053/690/2682 3054/654/2685 3059/605/2488
f 2436/607/2486 2437/606/2490 3058/655/2489
f 3057/604/2686 3051/653/2480 3052/659/2479
f 2391/506/2673 2427/617/2522 3060/618/2610
f 3068/621/2494 2423/622/2591 2422/661/2495
f 2421/663/2498 3069/624/2607 3070/623/2496
f 3070/623/2496 2422/661/2495 3065/662/2497
f 3065/662/2497 3066/715/2683 2421/663/2498
f 3076/625/2687 2420/667/2680 2419/664/2462
f 2419/664/2462 2418/729/2461 3077/627/2499
f 3073/628/2477 3077/627/2499 2418/729/2461
f 2418/729/2461 3071/665/2528 3073/628/2477
f 2416/631/2474 3079/724/2473 3080/470/2503
f 3067/669/2615 3078/668/2688 3028/460/2608
f 3028/460/2608 3069/624/2607 3067/669/2615
f 3085/635/2504 3083/674/2507 3086/672/2505
f 3084/671/2502 3081/675/2588 3083/674/2507
f 2402/425/2674 2403/423/2661 3038/644/2525
f 3092/678/2508 3093/679/2704 2438/642/2509
f 3093/679/2704 3094/744/3331 3049/680/2689
f 3049/680/2689 3094/744/3331 3095/681/2690
f 3091/682/2511 3092/678/2508 2439/641/2510
f 3050/652/2523 3095/681/2690 3102/683/2524
f 3044/684/2517 3101/688/2516 3100/685/2693
f 3041/640/2513 3098/745/3332 3099/686/2514
f 3097/687/2691 3098/745/3332 3041/640/2513
f 3042/649/2515 3099/686/2514 3101/688/2516
f 3043/650/2518 3100/685/2693 3096/689/2519
f 3053/690/2682 3105/746/3333 3106/691/2694
f 3103/692/2478 3104/693/2681 3052/659/2479
f 3104/693/2681 3105/746/3333 3053/690/2682
f 3102/683/2524 3103/692/2478 3051/653/2480
f 3062/619/2492 3122/696/2604 3117/694/2700
f 2426/695/2603 3116/709/2719 3122/696/2604
f 2433/697/2482 3109/747/3334 3110/698/2716
f 2425/660/2493 3117/694/2700 3118/699/2717
f 2432/612/2662 3110/698/2716 3111/701/2718
f 2431/613/2612 3111/701/2718 3112/702/2613
f 2430/614/2556 3112/702/2613 3113/703/2557
f 2429/615/2558 3113/703/2557 3114/704/2664
f 3106/691/2694 3119/748/3335 3055/656/2487
f 2427/617/2522 3115/706/2521 3121/705/2609
f 2428/616/2520 3114/704/2664 3115/706/2521
f 3055/656/2487 3119/748/3335 3120/707/2611
f 3107/708/2392 3108/710/2481 2434/611/2393
f 3060/618/2610 3121/705/2609 3116/709/2719
f 3124/657/2484 3056/658/2485 3120/707/2611
f 3120/707/2611 3107/708/2392 3124/657/2484
f 3108/710/2481 3109/747/3334 2433/697/2482
f 3123/609/2483 2436/607/2486 3056/658/2485
f 3133/711/2614 3129/749/3336 2420/667/2680
f 2425/660/2493 2424/700/2713 3125/712/2595
f 3125/712/2595 2424/700/2713 3063/713/2593
f 3065/662/2497 3131/719/2695 3132/714/2720
f 2423/622/2591 3126/720/2594 3127/716/2592
f 2424/700/2713 3118/699/2717 3130/717/2714
f 2421/663/2498 3128/718/2684 3133/711/2614
f 3066/715/2683 3132/714/2720 3128/718/2684
f 2422/661/2495 3127/716/2592 3131/719/2695
f 3063/713/2593 3130/717/2714 3126/720/2594
f 3073/628/2477 3143/732/2476 3136/721/2711
f 3136/721/2711 3144/734/2678 3074/630/2606
f 3147/722/2526 3148/741/2676 3086/672/2505
f 3145/723/2589 3138/725/2679 2415/632/2590
f 3081/675/2588 3146/750/3337 3147/722/2526
f 3138/725/2679 3139/727/2469 2414/633/2471
f 3137/726/2472 3145/723/2589 3079/724/2473
f 3139/727/2469 3140/733/2587 2413/670/2470
f 3135/728/2527 3141/730/2696 3071/665/2528
f 3141/730/2696 3142/751/3338 3072/666/2475
f 2420/667/2680 3129/749/3336 3134/731/2460
f 3072/666/2475 3142/751/3338 3143/732/2476
f 3134/731/2460 3135/728/2527 2418/729/2461
f 3140/733/2587 3146/750/3337 3081/675/2588
f 2416/631/2474 3074/630/2606 3144/734/2678
f 2411/637/2530 3150/752/3339 3151/735/2709
f 3087/673/2506 3153/753/3340 3154/737/2675
f 3154/737/2675 3155/740/2466 3089/676/2468
f 3149/738/2529 3150/752/3339 2411/637/2530
f 3152/739/2677 3153/753/3340 3087/673/2506
f 3090/677/2467 3156/754/3341 3149/738/2529
f 3155/740/2466 3156/754/3341 3090/677/2467
f 3295/436/3342 3294/434/3343 3392/561/3344
f 3307/509/3345 3412/571/3346 3417/562/3347
f 3315/518/3348 3366/522/3349 3368/517/3350
f 3310/514/3351 3309/511/3352 3418/584/3353
f 3366/522/3349 3430/577/3354 3431/575/3355
f 3329/538/3356 3383/535/3357 3385/534/3358
f 3181/319/3204 3237/264/3020 3238/262/3018
f 3189/331/3252 3241/255/3291 3242/253/3203
f 2953/275/3225 2993/182/3062 2992/177/3274
f 2969/272/3231 3001/206/2983 3000/204/2982
f 3213/314/3178 3267/315/3123 3282/393/3094
f 3197/373/3016 3226/348/3023 3277/371/3201
f 3210/384/3316 3163/292/3153 3253/385/2991
f 3265/389/3154 3234/396/3156 3263/386/3195
f 3214/312/3173 3213/314/3178 3234/396/3156
f 3225/346/3015 3194/345/3095 3196/349/3213
f 2970/205/2984 3024/235/3172 3023/236/3135
f 3371/520/3359 3437/592/3360 3438/591/3361
f 2887/475/3174 2938/473/3362 3314/474/3363
f 2909/618/3139 3458/695/3167 2853/709/3140
f 3233/362/3133 3210/384/3316 3253/385/2991
f 2941/460/2979 2940/463/3061 2893/625/2980
f 3349/564/3364 3410/569/3365 3305/454/3366
f 3488/437/3326 3297/438/3367 3489/439/3163
f 3481/423/2978 3321/424/3368 3325/487/3369
f 3473/637/3045 3474/736/3295 2818/735/3319
f 3277/371/3201 3227/350/3179 3200/372/3160
f 3194/345/3095 3193/343/3031 3245/249/3305
f 2912/604/3266 3447/606/3211 2910/605/3039
f 3321/424/3368 3324/422/3370 3289/485/3371
f 3486/432/3329 3485/429/2945 3293/430/3372
f 3351/510/3373 3416/566/3374 3352/572/3375
f 3366/522/3349 3431/575/3355 3367/521/3376
f 3317/480/3377 3434/590/3378 3435/589/3379
f 2932/602/3206 3445/641/3229 3444/646/3115
f 3359/467/3380 3427/574/3381 3420/573/3382
f 3243/250/3202 3017/248/3066 3244/246/3065
f 3007/159/3089 2985/157/3238 3175/302/3199
f 3214/312/3173 3179/316/3243 3213/314/3178
f 3233/362/3133 3232/363/3033 3206/360/3134
f 3274/377/3320 3273/378/3216 3220/338/3011
f 2982/288/3313 2983/290/2973 3159/289/3314
f 2941/460/2979 3364/462/3383 3362/461/3384
f 3219/336/3168 3189/331/3252 3190/337/3253
f 3284/309/3385 3177/308/3255 3174/306/3093
f 3020/242/2972 2964/202/3099 2966/284/3100
f 3257/320/3005 3256/322/3104 3185/321/3006
f 2974/219/3144 3004/220/3081 2976/285/3107
f 2936/600/3116 3477/415/3306 3478/417/3315
f 3294/434/3343 3293/430/3372 3391/560/3386
f 3204/361/2990 3252/231/3073 3026/232/3106
f 3008/226/3246 2944/163/3248 3009/266/3227
f 3240/256/3258 3014/254/3292 3241/255/3291
f 3363/465/3387 3361/464/3388 3309/511/3352
f 3220/338/3011 3190/337/3253 3191/339/3012
f 3301/446/3389 3399/557/3390 3405/556/3391
f 2994/184/3219 2959/274/3008 2995/186/3010
f 3192/341/3030 3191/339/3012 3243/250/3202
f 3251/234/2969 3025/233/3176 3252/231/3073
f 2951/276/2997 2992/177/3274 2991/175/2950
f 3283/296/3169 3186/297/3261 3270/408/2996
f 3235/267/2987 3212/311/3155 3255/225/3254
f 3218/330/3260 3189/331/3252 3219/336/3168
f 3284/395/3385 3264/388/3177 3177/394/3255
f 3021/241/3101 2968/207/3192 3022/239/3233
f 3459/660/3208 3460/700/3224 2851/699/3209
f 2982/288/3313 3006/223/2974 2983/290/2973
f 3480/421/3207 3479/419/3299 3324/422/3370
f 3313/471/3392 3429/576/3393 3422/578/3394
f 3321/424/3368 3289/485/3371 3290/488/3395
f 3482/425/2976 3291/427/3396 3483/426/3212
f 2876/679/3105 3446/642/3121 2920/680/3068
f 3314/474/3363 3422/578/3394 3423/580/3397
f 3473/637/3045 2937/478/3322 3319/481/3294
f 2932/602/3206 3479/419/3299 3480/421/3207
f 2978/221/3083 3006/223/2974 2980/287/3205
f 3185/321/3006 3239/258/3200 3240/256/3258
f 2931/644/2977 3446/642/3121 2935/603/3162
f 3275/376/3108 3274/377/3320 3221/340/3013
f 3334/492/3398 3287/486/3399 3286/491/3400
f 3325/487/3369 3338/498/3401 3344/497/3402
f 3492/445/3327 3300/444/3403 3301/446/3389
f 3351/510/3373 3415/567/3404 3416/566/3374
f 3325/487/3369 3344/497/3402 3482/425/2976
f 3490/441/3270 3298/440/3405 3299/442/3406
f 3339/505/3407 3338/498/3401 3387/543/3408
f 3493/506/3281 3301/446/3389 3347/448/3409
f 3289/485/3371 3288/489/3410 3375/530/3411
f 2938/473/3362 3313/471/3392 3314/474/3363
f 2904/662/3296 2903/715/3317 2837/714/3307
f 2994/184/3219 2958/185/3182 2956/183/2954
f 3254/332/3084 3220/338/3011 3273/378/3216
f 3271/295/3086 2951/276/2997 3270/329/2996
f 3263/386/3195 3260/387/3196 3261/390/3236
f 3191/339/3012 3242/253/3203 3243/250/3202
f 3275/376/3108 3221/340/3013 3222/342/3029
f 3270/408/2996 3188/333/3087 3271/334/3086
f 3483/426/3212 3291/427/3396 3292/428/3412
f 2977/216/3000 3005/222/3082 3004/220/3081
f 3157/291/3120 2982/288/3313 3158/383/3242
f 3352/572/3375 3416/566/3374 3412/571/3346
f 3166/171/3241 3167/165/3194 2989/170/3157
f 2935/603/3162 3480/421/3207 3481/423/2978
f 3340/540/3413 3346/499/3414 3339/505/3407
f 3219/336/3168 3190/337/3253 3220/338/3011
f 3244/246/3065 3018/247/3067 3245/249/3305
f 2982/288/3313 3159/289/3314 3158/383/3242
f 2995/186/3010 2960/190/3071 2958/185/3182
f 3176/304/3250 3164/227/3310 3255/225/3254
f 2863/691/3271 2915/654/3298 2914/656/3272
f 3284/395/3385 3260/387/3196 3264/388/3177
f 3269/326/3098 3182/379/3097 3184/325/3170
f 2946/282/3280 3011/268/3289 3010/263/3021
f 2905/620/3130 3495/450/3050 3496/453/3131
f 3238/262/3018 3168/260/3198 3258/261/3019
f 2896/628/3053 3467/629/3060 2833/721/3265
f 2833/721/3265 3467/629/3060 2895/630/3004
f 3185/321/3006 3240/256/3258 3187/328/3288
f 3289/485/3371 3375/530/3411 3376/525/3415
f 3334/492/3398 3332/482/3416 3328/493/3417
f 3493/506/3281 3347/448/3409 2908/449/3418
f 3325/487/3369 3321/424/3368 3290/488/3395
f 2907/619/3051 3495/450/3050 2905/620/3130
f 3311/466/3419 3363/465/3387 3359/467/3380
f 3221/340/3013 3192/341/3030 3222/342/3029
f 2862/708/2958 2845/657/3220 3449/610/3328
f 2947/169/3159 3168/260/3198 3011/268/3289
f 3460/700/3224 2906/713/3223 2839/717/3276
f 3186/297/3261 3188/333/3087 3270/408/2996
f 3479/419/3299 3478/417/3315 3326/420/3420
f 3325/487/3369 3482/425/2976 3481/423/2978
f 2915/654/3298 2910/605/3039 2911/655/3304
f 2907/619/3051 3459/660/3208 2852/694/3210
f 3342/504/3421 3390/541/3422 3403/559/3423
f 2924/638/3129 2928/640/3136 2929/639/3190
f 3358/582/3424 3425/583/3425 3426/586/3426
f 3351/510/3373 3356/457/3427 3306/508/3428
f 3348/452/3429 3401/545/3430 3303/507/3431
f 3317/480/3377 3433/593/3432 3434/590/3378
f 3453/613/3164 3454/614/2961 2857/702/2963
f 2914/656/3272 2913/658/3222 2849/707/3221
f 3498/458/3300 2941/460/2979 2900/624/3043
f 3497/456/3324 3498/458/3300 2899/623/3042
f 2938/473/3362 3470/633/2937 3469/632/3301
f 3458/695/3167 2907/619/3051 2847/696/3181
f 2903/715/3317 3463/663/3041 2841/718/3318
f 2883/672/3057 2817/739/2942 2821/741/3185
f 3486/432/3329 3293/430/3372 3294/434/3343
f 2941/460/2979 3362/461/3384 2940/463/3061
f 3368/517/3350 3369/476/3433 2887/475/3174
f 3337/496/3434 3386/531/3435 3325/487/3369
f 3342/504/3421 3404/558/3436 3343/503/3437
f 3360/469/3438 3420/573/3382 3428/588/3439
f 3317/480/3377 3316/479/3440 3433/593/3432
f 2937/478/3322 3473/637/3045 3472/636/3441
f 3287/486/3399 3320/418/3442 3323/416/3443
f 3461/622/2964 3462/661/3297 2842/716/2965
f 2879/677/3151 3472/636/3441 2820/738/3044
f 2829/733/3149 3471/670/3148 2888/675/3311
f 3292/428/3412 3291/427/3396 3345/500/3444
f 2939/468/3059 3360/469/3438 3312/515/3445
f 3334/492/3398 3286/491/3400 3332/482/3416
f 3336/526/3446 3379/528/3447 3337/496/3434
f 3302/547/3448 3406/546/3449 3348/452/3429
f 3301/446/3389 3405/556/3391 3347/448/3409
f 3489/439/3163 3297/438/3367 3298/440/3405
f 2933/599/3244 2936/600/3116 3443/643/3245
f 3372/477/3450 3369/476/3433 3371/520/3359
f 3370/519/3451 3371/520/3359 3369/476/3433
f 3303/507/3431 3401/545/3430 3402/551/3452
f 2940/463/3061 3311/466/3419 2939/468/3059
f 2934/598/3026 3475/414/3453 3476/412/3454
f 3365/472/3455 3312/515/3445 3421/579/3456
f 3306/508/3428 3356/457/3427 3354/455/3457
f 3454/614/2961 3455/615/3037 2856/703/2962
f 2891/668/2981 2893/625/2980 3464/667/3110
f 3462/661/3297 2904/662/3296 2838/719/3308
f 2898/665/3268 2896/628/3053 2897/666/3283
f 2925/684/3049 2926/650/3048 2869/685/3078
f 3482/425/2976 2912/604/3266 2931/644/2977
f 3476/412/3454 3322/413/3458 3323/416/3443
f 3365/472/3455 3421/579/3456 3429/576/3393
f 2916/690/3040 2915/654/3298 2863/691/3271
f 2828/730/3269 2898/665/3268 2897/666/3283
f 3302/547/3448 3348/452/3429 3494/447/3052
f 3374/524/3459 3433/593/3432 3316/479/3440
f 2893/625/2980 2894/626/3460 3465/664/3259
f 3357/513/3461 3419/581/3462 3425/583/3425
f 3468/631/3002 2939/468/3059 2889/470/3263
f 2815/737/3257 2881/634/3323 2880/676/3279
f 3489/439/3163 3298/440/3405 3490/441/3270
f 3344/497/3402 3291/427/3396 3482/425/2976
f 2926/650/3048 3444/646/3115 2873/689/3077
f 3448/607/3303 2914/656/3272 2911/655/3304
f 2884/635/3056 2882/673/2943 2883/672/3057
f 2906/713/3223 3461/622/2964 2843/720/2966
f 3366/522/3349 3315/518/3348 3424/587/3463
f 3328/493/3417 3327/483/3464 3381/537/3465
f 3347/448/3409 3405/556/3391 3400/548/3466
f 2940/463/3061 3362/461/3384 3361/464/3388
f 3498/458/3300 3356/457/3427 3355/459/3467
f 2814/740/3150 2880/676/3279 2879/677/3151
f 3330/494/3468 3288/489/3410 3335/490/3469
f 3449/610/3328 3485/429/2945 3486/432/3329
f 3370/519/3451 3367/521/3376 3431/575/3355
f 3488/437/3326 3489/439/3163 3453/613/3164
f 3409/563/3470 3304/565/3471 3349/564/3364
f 3339/505/3407 3344/497/3402 3338/498/3401
f 3330/494/3468 3335/490/3469 3331/532/3472
f 3304/565/3471 3402/551/3452 3414/570/3473
f 3307/509/3345 3351/510/3373 3352/572/3375
f 3308/512/3474 3413/585/3475 3418/584/3353
f 3491/443/3035 3492/445/3327 3456/616/3036
f 2936/600/3116 3444/646/3115 2921/645/3047
f 3464/667/3110 2902/669/3287 2891/668/2981
f 2914/656/3272 2915/654/3298 2911/655/3304
f 2820/738/3044 3472/636/3441 3473/637/3045
f 2881/634/3323 2882/673/2943 2884/635/3056
f 3409/563/3470 3349/564/3364 3305/454/3366
f 2887/475/3174 3372/477/3450 2937/478/3322
f 3407/431/3476 3343/503/3437 3408/502/3477
f 3312/515/3445 3428/588/3439 3421/579/3456
f 3363/465/3387 3309/511/3352 3310/514/3351
f 2880/676/3279 3472/636/3441 2879/677/3151
f 2877/678/3230 3445/641/3229 3446/642/3121
f 2919/652/3122 2931/644/2977 2867/683/3125
f 2881/634/3323 2884/635/3056 2887/475/3174
f 3370/519/3451 3431/575/3355 3432/597/3478
f 3478/417/3315 3477/415/3306 3320/418/3442
f 3477/415/3306 3476/412/3454 3323/416/3443
f 3356/457/3427 3307/509/3345 3355/459/3467
f 2935/603/3162 3446/642/3121 3445/641/3229
f 3340/540/3413 3388/544/3479 3389/542/3480
f 3297/438/3367 3396/553/3481 3298/440/3405
f 2934/598/3026 3476/412/3454 2933/599/3244
f 3371/520/3359 3436/594/3482 3437/592/3360
f 2887/475/3174 2885/671/3175 3471/670/3148
f 3369/476/3433 3372/477/3450 2887/475/3174
f 3487/433/3180 3488/437/3326 3452/612/3262
f 3465/664/3259 2894/626/3460 2892/627/3055
f 3409/563/3470 3305/454/3366 3496/453/3131
f 3481/423/2978 3480/421/3207 3321/424/3368
f 2889/470/3263 3313/471/3392 2938/473/3362
f 3292/428/3412 3345/500/3444 3342/504/3421
f 2910/605/3039 3447/606/3211 2911/655/3304
f 3483/426/3212 3484/608/2947 3448/607/3303
f 3357/513/3461 3310/514/3351 3419/581/3462
f 3368/517/3350 3366/522/3349 3367/521/3376
f 2897/666/3283 2896/628/3053 2826/732/3290
f 3290/488/3395 3289/485/3371 3376/525/3415
f 2922/648/3128 2927/649/3234 2928/640/3136
f 3485/429/2945 3407/431/3476 3293/430/3372
f 2933/599/3244 3476/412/3454 3477/415/3306
f 3342/504/3421 3341/501/3483 3390/541/3422
f 3350/451/3484 3348/452/3429 3303/507/3431
f 3491/443/3035 3299/442/3406 3300/444/3403
f 3487/433/3180 3486/432/3329 3294/434/3343
f 3337/496/3434 3290/488/3395 3336/526/3446
f 3338/498/3401 3325/487/3369 3386/531/3435
f 3491/443/3035 3300/444/3403 3492/445/3327
f 3336/526/3446 3378/529/3485 3379/528/3447
f 3293/430/3372 3407/431/3476 3408/502/3477
f 3408/502/3477 3404/558/3436 3391/560/3386
f 3337/496/3434 3379/528/3447 3386/531/3435
f 2830/727/2938 3470/633/2937 3471/670/3148
f 3308/512/3474 3353/516/3486 3417/562/3347
f 2835/731/3309 3465/664/3259 3466/729/3054
f 3495/450/3050 3348/452/3429 3350/451/3484
f 3347/448/3409 3400/548/3466 3302/547/3448
f 3342/504/3421 3345/500/3444 3341/501/3483
f 2846/609/2946 2845/657/3220 2913/658/3222
f 3328/493/3417 3381/537/3465 3382/536/3487
f 2937/478/3322 3472/636/3441 2881/634/3323
f 2930/601/3117 3478/417/3315 3479/419/3299
f 3353/516/3486 3355/459/3467 3307/509/3345
f 3450/611/2959 3486/432/3329 3487/433/3180
f 3359/467/3380 3420/573/3382 3311/466/3419
f 3339/505/3407 3387/543/3408 3388/544/3479
f 3298/440/3405 3396/553/3481 3397/554/3488
f 3336/526/3446 3290/488/3395 3377/527/3489
f 3364/462/3383 3308/512/3474 3362/461/3384
f 3314/474/3363 3313/471/3392 3422/578/3394
f 3295/436/3342 3393/550/3490 3394/549/3491
f 3340/540/3413 3339/505/3407 3388/544/3479
f 3179/316/3243 3215/318/3186 3182/411/3097
f 2963/196/2940 3197/199/3016 2965/273/2994
f 3202/357/3256 3251/234/2969 3252/231/3073
f 3236/265/3226 3010/263/3021 3237/264/3020
f 3324/422/3370 3288/489/3410 3289/485/3371
f 3016/251/3240 2958/185/3182 3017/248/3066
f 3284/309/3385 3174/306/3093 3170/300/3247
f 3196/349/3213 3246/245/3214 3247/243/2970
f 2957/194/3064 3275/187/3108 2959/274/3008
f 3183/324/3017 3258/261/3019 3256/322/3104
f 3279/369/2956 3228/355/3092 3229/354/3215
f 2986/161/3088 3173/299/3090 3174/306/3093
f 2948/166/3187 3013/257/3188 3012/259/3197
f 3273/179/3216 2957/194/3064 2955/178/3063
f 3276/189/3074 2963/196/2940 2961/188/2939
f 3332/482/3416 3333/484/3492 3327/483/3464
f 3452/612/3262 3453/613/3164 2858/701/3232
f 2943/162/3124 3267/160/3123 3268/398/3096
f 2889/470/3263 2938/473/3362 3469/632/3301
f 3451/697/3112 3452/612/3262 2859/698/3113
f 2892/627/3055 3467/629/3060 2896/628/3053
f 3487/433/3180 3296/435/3493 3488/437/3326
f 3182/379/3097 3216/380/3103 3184/325/3170
f 3209/382/3118 3159/289/3314 3210/384/3316
f 3210/384/3316 3233/362/3133 3209/382/3118
f 3366/522/3349 3424/587/3463 3430/577/3354
f 2937/478/3322 3316/479/3440 3317/480/3377
f 3300/444/3403 3399/557/3390 3301/446/3389
f 3308/512/3474 3417/562/3347 3413/585/3475
f 2921/645/3047 2922/648/3128 3443/643/3245
f 3374/524/3459 3440/595/3494 3433/593/3432
f 3251/234/2969 3023/236/3135 3024/235/3172
f 3162/230/2992 3163/292/3153 3160/293/2975
f 3217/327/3007 3185/321/3006 3187/328/3288
f 3187/328/3288 3241/255/3291 3189/331/3252
f 3208/365/3321 3281/366/3034 3232/363/3033
f 2972/213/3171 2974/219/3144 3025/233/3176
f 3497/456/3324 3354/455/3457 3356/457/3427
f 3353/516/3486 2941/460/2979 3355/459/3467
f 2989/170/3157 3167/165/3194 3165/283/3158
f 3016/251/3240 2956/183/2954 2958/185/3182
f 3337/496/3434 3325/487/3369 3290/488/3395
f 3308/512/3474 3364/462/3383 3353/516/3486
f 3184/298/3170 3257/320/3005 3217/327/3007
f 3297/438/3367 3395/552/3495 3396/553/3481
f 2887/475/3174 3315/518/3348 3368/517/3350
f 3248/240/3101 3022/239/3233 3249/238/3102
f 3332/482/3416 3286/491/3400 3285/495/3496
f 3315/518/3348 3314/474/3363 3423/580/3397
f 3211/364/2993 3208/365/3321 3233/362/3133
f 2943/162/3124 2988/164/3143 2987/158/3218
f 3005/222/3082 2981/269/3147 3006/223/2974
f 3197/199/3016 2967/200/3022 2965/273/2994
f 3215/323/3186 3183/324/3017 3216/380/3103
f 3212/311/3155 3214/312/3173 3234/396/3156
f 3230/356/3166 3202/357/3256 3203/359/2989
f 3306/508/3428 3415/567/3404 3351/510/3373
f 3201/351/2967 3251/234/2969 3202/357/3256
f 2940/463/3061 2894/626/3460 2893/625/2980
f 3020/242/2972 2966/284/3100 3021/241/3101
f 3295/436/3342 3394/549/3491 3296/435/3493
f 2889/470/3263 3312/515/3445 3365/472/3455
f 2846/609/2946 3485/429/2945 3449/610/3328
f 3179/316/3243 3214/312/3173 3215/318/3186
f 3324/422/3370 3326/420/3420 3288/489/3410
f 3319/481/3294 2937/478/3322 3317/480/3377
f 3200/208/3160 2971/209/2955 2969/272/3231
f 3370/519/3451 3432/597/3478 3436/594/3482
f 3488/437/3326 3296/435/3493 3297/438/3367
f 3305/454/3366 3354/455/3457 3496/453/3131
f 3328/493/3417 3382/536/3487 3383/535/3357
f 3331/532/3472 3385/534/3358 3384/533/3497
f 3197/373/3016 3225/346/3015 3226/348/3023
f 3340/540/3413 3389/542/3480 3390/541/3422
f 3359/467/3380 3310/514/3351 3357/513/3461
f 3302/547/3448 3400/548/3466 3406/546/3449
f 3343/503/3437 3292/428/3412 3342/504/3421
f 2993/182/3062 2956/183/2954 2954/181/2953
f 3238/262/3018 3010/263/3021 3011/268/3289
f 3208/365/3321 3232/363/3033 3233/362/3133
f 2991/175/2950 2952/176/3275 2950/174/2951
f 3198/353/3024 3247/243/2970 3248/240/3101
f 2972/213/3171 3003/214/3145 2974/219/3144
f 3194/345/3095 3245/249/3305 3246/245/3214
f 3231/358/2988 3206/360/3134 3232/363/3033
f 3404/558/3436 3408/502/3477 3343/503/3437
f 3166/279/3241 2990/167/2949 3167/165/3194
f 3176/304/3250 3169/303/3277 3175/302/3199
f 3407/431/3476 3292/428/3412 3343/503/3437
f 3227/350/3179 3201/351/2967 3228/355/3092
f 3004/220/3081 2978/221/3083 2976/285/3107
f 3306/508/3428 3411/568/3498 3415/567/3404
f 3025/233/3176 2976/285/3107 3026/232/3106
f 3180/317/2985 3237/264/3020 3181/319/3204
f 3409/563/3470 3350/451/3484 3303/507/3431
f 2985/157/3238 3176/304/3250 3175/302/3199
f 2988/164/3143 2946/282/3280 2944/163/3248
f 3265/389/3154 3263/386/3195 3261/390/3236
f 2867/683/3125 2931/644/2977 2918/653/3126
f 3263/386/3195 3234/396/3156 3213/314/3178
f 2987/158/3218 2944/163/3248 2942/281/3239
f 2967/200/3022 3000/204/2982 2999/203/2995
f 2950/174/2951 3014/254/3292 3013/257/3188
f 3001/206/2983 2973/218/2957 3002/212/3161
f 3266/391/3251 3265/389/3154 3259/392/3237
f 3276/375/3074 3224/347/3076 3195/374/3014
f 2888/675/3311 2886/674/3058 2822/722/3184
f 3308/512/3474 3418/584/3353 3309/511/3352
f 2889/470/3263 3365/472/3455 3313/471/3392
f 2887/475/3174 3314/474/3363 3315/518/3348
f 3492/445/3327 3493/506/3281 3457/617/3282
f 3496/453/3131 3350/451/3484 3409/563/3470
f 2940/463/3061 3361/464/3388 3363/465/3387
f 3360/469/3438 3311/466/3419 3420/573/3382
f 2836/711/3109 2902/669/3287 3464/667/3110
f 2952/176/3275 3015/252/2952 3014/254/3292
f 2844/712/3132 3461/622/2964 2906/713/3223
f 3280/368/2999 3229/354/3215 3230/356/3166
f 3332/482/3416 3285/495/3496 3333/484/3492
f 2977/216/3000 3281/224/3034 2979/270/3146
f 2931/644/2977 2912/604/3266 2918/653/3126
f 3317/480/3377 3435/589/3379 3318/742/3499
f 3370/519/3451 3369/476/3433 3367/521/3376
f 3346/499/3414 3345/500/3444 3291/427/3396
f 3315/518/3348 3423/580/3397 3424/587/3463
f 3442/647/3027 3443/643/3245 2922/648/3128
f 3310/514/3351 3359/467/3380 3363/465/3387
f 3457/617/3282 2909/618/3139 2848/705/3141
f 2901/621/3325 3461/622/2964 3496/453/3131
f 2939/468/3059 3468/631/3002 2895/630/3004
f 2940/463/3061 2892/627/3055 2894/626/3460
f 3352/572/3375 3412/571/3346 3307/509/3345
f 3358/582/3424 3426/586/3426 3427/574/3381
f 3468/631/3002 2832/726/3285 2825/734/3003
f 2865/693/3183 2917/659/3038 2916/690/3040
f 2831/725/2936 3469/632/3301 3470/633/2937
f 3459/660/3208 2905/620/3130 2844/712/3132
f 3479/419/3299 3326/420/3420 3324/422/3370
f 3286/491/3400 3322/413/3458 3285/495/3496
f 3320/418/3442 3288/489/3410 3326/420/3420
f 2941/460/2979 3353/516/3486 3364/462/3383
f 3340/540/3413 3390/541/3422 3341/501/3483
f 3305/454/3366 3411/568/3498 3306/508/3428
f 3307/509/3345 3417/562/3347 3353/516/3486
f 3373/523/3500 3372/477/3450 3438/591/3361
f 3290/488/3395 3376/525/3415 3377/527/3489
f 3476/412/3454 3475/414/3453 3322/413/3458
f 2824/723/3286 2890/724/3264 3469/632/3301
f 2909/618/3139 2908/449/3418 3494/447/3052
f 3480/421/3207 3324/422/3370 3321/424/3368
f 3487/433/3180 3294/434/3343 3295/436/3342
f 3446/642/3121 2931/644/2977 2919/652/3122
f 3494/447/3052 3348/452/3429 3495/450/3050
f 3332/482/3416 3327/483/3464 3328/493/3417
f 3306/508/3428 3354/455/3457 3305/454/3366
f 3288/489/3410 3320/418/3442 3335/490/3469
f 3487/433/3180 3295/436/3342 3296/435/3493
f 3334/492/3398 3335/490/3469 3287/486/3399
f 3362/461/3384 3308/512/3474 3309/511/3352
f 3299/442/3406 3397/554/3488 3398/555/3501
f 3409/563/3470 3303/507/3431 3304/565/3471
f 3331/532/3472 3334/492/3398 3329/538/3356
f 3307/509/3345 3356/457/3427 3351/510/3373
f 3374/524/3459 3439/596/3502 3440/595/3494
f 3471/670/3148 2885/671/3175 2888/675/3311
f 2882/673/2943 2881/634/3323 2815/737/3257
f 2872/687/3302 2929/639/3190 2928/640/3136
f 3470/633/2937 2938/473/3362 2887/475/3174
f 2920/680/3068 2919/652/3122 2874/681/3069
f 3498/458/3300 3355/459/3467 2941/460/2979
f 3408/502/3477 3391/560/3386 3293/430/3372
f 3341/501/3483 3346/499/3414 3340/540/3413
f 2817/739/2942 2883/672/3057 2882/673/2943
f 3319/481/3294 3317/480/3377 3318/742/3499
f 3328/493/3417 3383/535/3357 3329/538/3356
f 3497/456/3324 3356/457/3427 3498/458/3300
f 3493/506/3281 2908/449/3418 2909/618/3139
f 2927/649/3234 2925/684/3049 2868/688/3235
f 2880/676/3279 2881/634/3323 3472/636/3441
f 3464/667/3110 3465/664/3259 2835/731/3309
f 2822/722/3184 2886/674/3058 2883/672/3057
f 3286/491/3400 3323/416/3443 3322/413/3458
f 3339/505/3407 3346/499/3414 3344/497/3402
f 3305/454/3366 3410/569/3365 3411/568/3498
f 3296/435/3493 3394/549/3491 3395/552/3495
f 3342/504/3421 3403/559/3423 3404/558/3436
f 3358/582/3424 3357/513/3461 3425/583/3425
f 3496/453/3131 3495/450/3050 3350/451/3484
f 2889/470/3263 2939/468/3059 3312/515/3445
f 3494/447/3052 2908/449/3418 3347/448/3409
f 3346/499/3414 3341/501/3483 3345/500/3444
f 3330/494/3468 3380/539/3503 3288/489/3410
f 3359/467/3380 3357/513/3461 3358/582/3424
f 3336/526/3446 3377/527/3489 3378/529/3485
f 3334/492/3398 3328/493/3417 3329/538/3356
f 3298/440/3405 3397/554/3488 3299/442/3406
f 2912/604/3266 2910/605/3039 2917/659/3038
f 3483/426/3212 3292/428/3412 3484/608/2947
f 3477/415/3306 3323/416/3443 3320/418/3442
f 2900/624/3043 2902/669/3287 3463/663/3041
f 2834/728/3267 3466/729/3054 2898/665/3268
f 3494/447/3052 3347/448/3409 3302/547/3448
f 3299/442/3406 3398/555/3501 3300/444/3403
f 3338/498/3401 3386/531/3435 3387/543/3408
f 3368/517/3350 3367/521/3376 3369/476/3433
f 3335/490/3469 3320/418/3442 3287/486/3399
f 2878/682/3228 3444/646/3115 3445/641/3229
f 2928/640/3136 2927/649/3234 2870/686/3137
f 2885/671/3175 2884/635/3056 2886/674/3058
f 3456/616/3036 3457/617/3282 2854/706/3079
f 3449/610/3328 2845/657/3220 2846/609/2946
f 2937/478/3322 3372/477/3450 3316/479/3440
f 3329/538/3356 3385/534/3358 3331/532/3472
f 3312/515/3445 3360/469/3438 3428/588/3439
f 3303/507/3431 3402/551/3452 3304/565/3471
f 3295/436/3342 3392/561/3344 3393/550/3490
f 3358/582/3424 3427/574/3381 3359/467/3380
f 3455/615/3037 3456/616/3036 2855/704/3080
f 2899/623/3042 3463/663/3041 2904/662/3296
f 2939/468/3059 3311/466/3419 3360/469/3438
f 3371/520/3359 3438/591/3361 3372/477/3450
f 2901/621/3325 2899/623/3042 3462/661/3297
f 3335/490/3469 3334/492/3398 3331/532/3472
f 2913/658/3222 2914/656/3272 3448/607/3303
f 2905/620/3130 3459/660/3208 2907/619/3051
f 2862/708/2958 3449/610/3328 3450/611/2959
f 3362/461/3384 3309/511/3352 3361/464/3388
f 3492/445/3327 3301/446/3389 3493/506/3281
f 3371/520/3359 3370/519/3451 3436/594/3482
f 2934/598/3026 2933/599/3244 3442/647/3027
f 3441/651/3028 3442/647/3027 2924/638/3129
f 2866/692/3127 2918/653/3126 2917/659/3038
f 3373/523/3500 3316/479/3440 3372/477/3450
f 2921/645/3047 3444/646/3115 2926/650/3048
f 3374/524/3459 3373/523/3500 3439/596/3502
f 2832/726/3285 3468/631/3002 2890/724/3264
f 3348/452/3429 3406/546/3449 3401/545/3430
f 2861/710/2960 3450/611/2959 3451/697/3112
f 3490/441/3270 3299/442/3406 3491/443/3035
f 3484/608/2947 3407/431/3476 3485/429/2945
f 3331/532/3472 3384/533/3497 3330/494/3468
f 3330/494/3468 3384/533/3497 3380/539/3503
f 3496/453/3131 3354/455/3457 3497/456/3324
f 3300/444/3403 3398/555/3501 3399/557/3390
f 3363/465/3387 3311/466/3419 2940/463/3061
f 3313/471/3392 3365/472/3455 3429/576/3393
f 3478/417/3315 3320/418/3442 3326/420/3420
f 3291/427/3396 3344/497/3402 3346/499/3414
f 3349/564/3364 3414/570/3473 3410/569/3365
f 3292/428/3412 3407/431/3476 3484/608/2947
f 3373/523/3500 3374/524/3459 3316/479/3440
f 3287/486/3399 3323/416/3443 3286/491/3400
f 3489/439/3163 3490/441/3270 3454/614/2961
f 3490/441/3270 3491/443/3035 3455/615/3037
f 3296/435/3493 3395/552/3495 3297/438/3367
f 3304/565/3471 3414/570/3473 3349/564/3364
f 3463/663/3041 2902/669/3287 2836/711/3109
f 3294/434/3343 3391/560/3386 3392/561/3344
f 3310/514/3351 3418/584/3353 3419/581/3462
f 3373/523/3500 3438/591/3361 3439/596/3502
f 3715/1088/3504 3543/1092/3505 3599/1089/3506
f 3676/856/3507 3598/857/3508 3560/948/3509
f 3670/815/3510 3621/816/3511 3671/819/3512
f 3719/1068/3513 3604/1064/3514 3720/1065/3515
f 3717/1079/3516 3602/1075/3517 3718/1074/3518
f 3646/1090/3519 3531/860/3520 3645/861/3521
f 3711/875/3522 3596/871/3523 3712/870/3524
f 3637/888/3525 3524/889/3526 3638/931/3527
f 3679/900/3528 3562/907/3529 3563/902/3530
f 3703/917/3531 3588/914/3532 3704/913/3533
f 3642/872/3534 3586/924/3535 3528/874/3536
f 3661/852/3537 3663/853/3538 3662/1110/3539
f 3635/898/3540 3522/895/3541 3636/894/3542
f 3717/1079/3516 3600/1084/3543 3601/1080/3544
f 3615/867/3545 3541/868/3546 3501/1073/3547
f 3644/859/3548 3531/860/3520 3530/866/3549
f 3627/812/3550 3618/835/3551 3629/833/3552
f 3631/829/3553 3638/825/3527 3630/1105/3554
f 3623/955/3555 3508/960/3556 3509/956/3557
f 3626/940/3558 3511/941/3559 3512/988/3560
f 3677/932/3561 3598/857/3508 3714/858/3562
f 3680/787/3563 3678/789/3564 3679/796/3528
f 3721/1060/3565 3606/1057/3566 3722/1056/3567
f 3725/1044/3568 3608/1048/3569 3609/1045/3570
f 3660/1033/3571 3547/1034/3572 3546/1039/3573
f 3662/1025/3539 3549/1021/3574 3548/1030/3575
f 3683/1016/3576 3566/1017/3577 3682/1024/3578
f 3685/1004/3579 3568/1008/3580 3684/1012/3581
f 3700/939/3582 3576/983/3583 3584/938/3584
f 3704/781/3533 3699/772/3585 3698/780/3586
f 3706/775/3587 3694/776/3588 3693/778/3589
f 3657/806/3590 3715/808/3504 3716/807/3591
f 3717/1079/3516 3716/1085/3591 3600/1084/3543
f 3690/785/3592 3687/760/3593 3686/782/3594
f 3705/774/3595 3699/772/3585 3704/781/3533
f 3639/881/3596 3640/877/3597 3526/882/3598
f 3706/903/3587 3590/904/3599 3591/897/3600
f 3703/917/3531 3643/921/3601 3529/865/3602
f 3628/926/3603 3514/928/3604 3515/927/3605
f 3630/922/3554 3516/923/3606 3517/920/3607
f 3642/872/3534 3702/925/3608 3586/924/3535
f 3635/898/3540 3521/899/3609 3522/895/3541
f 3642/769/3534 3703/770/3531 3697/768/3610
f 3711/875/3522 3595/876/3611 3596/871/3523
f 3711/875/3522 3710/880/3612 3594/879/3613
f 3629/833/3552 3633/832/3614 3628/834/3603
f 3674/809/3615 3675/810/3616 3673/755/3617
f 3700/939/3582 3692/971/3618 3576/983/3583
f 3627/945/3550 3629/946/3552 3515/927/3605
f 3656/947/3619 3676/856/3507 3560/948/3509
f 3693/778/3589 3692/779/3618 3700/773/3582
f 3650/1070/3620 3651/1071/3621 3537/1066/3622
f 3617/1072/3623 3615/867/3545 3501/1073/3547
f 3654/1053/3624 3616/1055/3625 3502/1054/3626
f 3658/1042/3627 3544/1047/3628 3543/1046/3505
f 3727/1037/3629 3726/1041/3630 3610/1040/3631
f 3661/1029/3537 3662/1025/3539 3548/1030/3575
f 3685/1004/3579 3686/1000/3594 3570/1005/3632
f 3621/968/3511 3506/969/3633 3507/1117/3634
f 3634/910/3635 3633/912/3614 3519/911/3636
f 3622/961/3637 3507/964/3634 3508/960/3556
f 3636/894/3542 3522/895/3541 3523/890/3638
f 3690/978/3592 3574/987/3639 3573/986/3640
f 3623/955/3555 3510/952/3641 3624/951/3642
f 3637/888/3525 3523/890/3638 3524/889/3526
f 3624/951/3642 3511/941/3559 3625/942/3643
f 3642/872/3534 3528/874/3536 3527/873/3644
f 3656/947/3619 3560/948/3509 3542/1115/3645
f 3644/859/3548 3530/866/3549 3529/865/3602
f 3688/991/3646 3572/993/3647 3571/992/3648
f 3628/926/3603 3513/935/3649 3514/928/3604
f 3665/847/3650 3664/850/3651 3614/849/3652
f 3701/929/3653 3586/924/3535 3702/925/3608
f 3620/817/3654 3668/844/3655 3617/843/3623
f 3703/917/3531 3529/865/3602 3587/918/3656
f 3648/841/3657 3629/833/3552 3649/839/3658
f 3694/776/3588 3690/785/3592 3695/784/3659
f 3634/910/3635 3519/911/3636 3520/1113/3660
f 3651/836/3621 3654/838/3624 3652/837/3661
f 3695/784/3659 3702/767/3608 3696/1096/3662
f 3633/912/3614 3518/915/3663 3519/911/3636
f 3629/833/3552 3616/840/3625 3649/839/3658
f 3636/894/3542 3523/890/3638 3637/888/3525
f 3641/820/3664 3640/811/3597 3624/831/3642
f 3639/881/3596 3526/882/3598 3525/1111/3665
f 3644/823/3548 3635/821/3540 3636/830/3542
f 3709/886/3666 3594/879/3613 3710/880/3612
f 3647/827/3667 3631/829/3553 3632/828/3668
f 3642/872/3534 3527/873/3644 3641/878/3664
f 3675/810/3616 3674/809/3615 3622/818/3637
f 3656/802/3619 3660/851/3571 3659/854/3669
f 3656/802/3619 3614/849/3652 3664/850/3651
f 3686/782/3594 3730/757/3670 3701/758/3653
f 3644/859/3548 3645/861/3521 3531/860/3520
f 3670/815/3510 3620/817/3654 3621/816/3511
f 3663/853/3538 3660/851/3571 3656/802/3619
f 3656/802/3619 3720/804/3515 3721/803/3565
f 3666/848/3671 3615/846/3545 3667/845/3672
f 3644/823/3548 3643/771/3601 3642/769/3534
f 3693/778/3589 3700/773/3582 3706/775/3587
f 3670/815/3510 3668/844/3655 3620/817/3654
f 3682/792/3578 3681/793/3673 3680/787/3563
f 3618/835/3551 3620/817/3654 3617/843/3623
f 3678/789/3564 3691/786/3674 3709/788/3666
f 3649/839/3658 3616/840/3625 3650/1107/3620
f 3689/762/3675 3691/786/3674 3680/787/3563
f 3653/1106/3676 3652/837/3661 3654/838/3624
f 3695/784/3659 3690/785/3592 3702/767/3608
f 3648/841/3657 3633/832/3614 3629/833/3552
f 3686/782/3594 3701/758/3653 3702/767/3608
f 3633/832/3614 3648/841/3657 3632/828/3668
f 3699/772/3585 3705/774/3595 3700/773/3582
f 3673/755/3617 3701/758/3653 3730/757/3670
f 3624/831/3642 3675/810/3616 3623/1103/3555
f 3705/774/3595 3706/775/3587 3700/773/3582
f 3656/802/3619 3664/850/3651 3663/853/3538
f 3673/755/3617 3729/756/3677 3672/1095/3678
f 3644/823/3548 3642/769/3534 3635/821/3540
f 3724/795/3679 3725/794/3568 3679/796/3528
f 3715/1088/3504 3599/1089/3506 3600/1084/3543
f 3673/755/3617 3640/811/3597 3639/759/3596
f 3617/1072/3623 3503/1078/3680 3502/1054/3626
f 3628/834/3603 3625/814/3643 3627/812/3550
f 3718/1074/3518 3602/1075/3517 3603/1069/3681
f 3720/804/3515 3717/805/3516 3718/1102/3518
f 3721/1060/3565 3720/1065/3515 3604/1064/3514
f 3717/805/3516 3656/802/3619 3716/807/3591
f 3721/1060/3565 3605/1061/3682 3606/1057/3566
f 3723/797/3683 3714/798/3562 3722/800/3567
f 3722/1056/3567 3606/1057/3566 3607/1052/3684
f 3724/795/3679 3679/796/3528 3677/799/3561
f 3725/1044/3568 3609/1045/3570 3610/1040/3631
f 3727/763/3629 3725/794/3568 3726/1100/3630
f 3718/1074/3518 3603/1069/3681 3719/1068/3513
f 3660/1033/3571 3661/1029/3537 3547/1034/3572
f 3691/786/3674 3678/789/3564 3680/787/3563
f 3662/1025/3539 3663/1026/3538 3549/1021/3574
f 3712/790/3524 3709/788/3666 3711/1098/3522
f 3664/1014/3651 3550/1022/3685 3549/1021/3574
f 3617/1072/3623 3502/1054/3626 3616/1055/3625
f 3729/1019/3677 3613/1020/3686 3558/976/3687
f 3657/806/3590 3716/807/3591 3656/802/3619
f 3652/1062/3661 3537/1066/3622 3651/1071/3621
f 3665/1010/3650 3666/1006/3671 3552/1011/3688
f 3654/1053/3624 3502/1054/3626 3540/1059/3689
f 3668/998/3655 3554/1003/3690 3553/1002/3691
f 3725/1044/3568 3610/1040/3631 3726/1041/3630
f 3689/996/3675 3573/997/3640 3575/979/3692
f 3658/1042/3627 3543/1046/3505 3657/1120/3590
f 3673/755/3617 3730/757/3670 3729/756/3677
f 3729/1019/3677 3612/1031/3693 3613/1020/3686
f 3674/975/3615 3672/977/3678 3558/976/3687
f 3681/1023/3673 3566/1017/3577 3565/1028/3694
f 3619/973/3695 3505/974/3696 3506/969/3633
f 3684/1012/3581 3567/1013/3697 3683/1119/3576
f 3621/968/3511 3620/970/3654 3506/969/3633
f 3664/1014/3651 3551/1015/3698 3550/1022/3685
f 3695/962/3659 3579/958/3699 3578/963/3700
f 3686/1000/3594 3571/992/3648 3570/1005/3632
f 3623/955/3555 3622/961/3637 3508/960/3556
f 3728/765/3701 3729/756/3677 3684/766/3581
f 3689/996/3675 3575/979/3692 3691/980/3674
f 3624/951/3642 3510/952/3641 3511/941/3559
f 3687/760/3593 3689/762/3675 3688/761/3646
f 3671/989/3512 3556/990/3702 3670/994/3510
f 3698/943/3586 3699/937/3585 3583/944/3703
f 3690/978/3592 3573/986/3640 3689/1118/3675
f 3639/933/3596 3525/934/3665 3585/930/3704
f 3674/975/3615 3558/976/3687 3559/985/3705
f 3701/929/3653 3585/930/3704 3586/924/3535
f 3690/978/3592 3575/979/3692 3574/987/3639
f 3704/913/3533 3588/914/3532 3589/908/3706
f 3648/1081/3657 3535/1082/3707 3534/1087/3708
f 3646/1090/3519 3533/1086/3709 3532/1094/3710
f 3641/820/3664 3635/821/3540 3642/769/3534
f 3675/810/3616 3622/818/3637 3623/1103/3555
f 3652/1062/3661 3539/1063/3711 3538/1067/3712
f 3650/1070/3620 3537/1066/3622 3536/1077/3713
f 3715/1088/3504 3600/1084/3543 3716/1085/3591
f 3640/877/3597 3527/873/3644 3526/882/3598
f 3708/891/3714 3593/892/3715 3709/1112/3666
f 3634/905/3635 3521/899/3609 3635/898/3540
f 3679/900/3528 3561/901/3716 3677/932/3561
f 3704/913/3533 3589/908/3706 3705/909/3595
f 3631/919/3553 3518/915/3663 3632/916/3668
f 3656/883/3619 3500/884/3717 3614/1050/3652
f 3648/1081/3657 3533/1086/3709 3647/1091/3667
f 3712/870/3524 3597/863/3718 3713/864/3719
f 3678/862/3564 3597/863/3718 3562/907/3529
f 3628/926/3603 3515/927/3605 3629/946/3552
f 3616/840/3625 3651/836/3621 3650/1107/3620
f 3622/818/3637 3671/819/3512 3621/816/3511
f 3695/962/3659 3578/963/3700 3694/967/3588
f 3696/957/3662 3579/958/3699 3695/962/3659
f 3627/945/3550 3515/927/3605 3513/1114/3649
f 3699/937/3585 3584/938/3584 3583/944/3703
f 3644/823/3548 3636/830/3542 3645/1104/3521
f 3678/789/3564 3712/790/3524 3713/1097/3719
f 3682/792/3578 3680/787/3563 3679/796/3528
f 3653/1058/3676 3540/1059/3689 3539/1063/3711
f 3614/1050/3652 3541/868/3546 3655/869/3720
f 3727/1037/3629 3610/1040/3631 3611/1036/3721
f 3728/1032/3701 3611/1036/3721 3612/1031/3693
f 3688/991/3646 3564/1027/3722 3572/993/3647
f 3681/1023/3673 3564/1027/3722 3680/1035/3563
f 3729/1019/3677 3558/976/3687 3672/977/3678
f 3668/998/3655 3553/1002/3691 3667/1007/3672
f 3688/991/3646 3571/992/3648 3687/1001/3593
f 3666/1006/3671 3553/1002/3691 3552/1011/3688
f 3674/975/3615 3557/984/3723 3671/989/3512
f 3728/765/3701 3684/766/3581 3683/764/3576
f 3646/1090/3519 3532/1094/3710 3531/860/3520
f 3673/755/3617 3675/810/3616 3640/811/3597
f 3627/812/3550 3625/814/3643 3626/813/3558
f 3648/1081/3657 3534/1087/3708 3533/1086/3709
f 3715/1088/3504 3657/1093/3590 3543/1092/3505
f 3702/767/3608 3697/768/3610 3696/1096/3662
f 3656/883/3619 3542/885/3645 3500/884/3717
f 3634/905/3635 3520/906/3660 3521/899/3609
f 3679/900/3528 3678/862/3564 3562/907/3529
f 3631/919/3553 3517/920/3607 3518/915/3663
f 3677/932/3561 3561/901/3716 3598/857/3508
f 3659/854/3669 3658/855/3627 3657/806/3590
f 3706/903/3587 3705/909/3595 3589/908/3706
f 3684/766/3581 3730/757/3670 3685/783/3579
f 3640/877/3597 3641/878/3664 3527/873/3644
f 3712/870/3524 3596/871/3523 3597/863/3718
f 3638/931/3527 3524/889/3526 3516/923/3606
f 3626/940/3558 3625/942/3643 3511/941/3559
f 3641/820/3664 3634/822/3635 3635/821/3540
f 3674/975/3615 3559/985/3705 3557/984/3723
f 3619/973/3695 3618/982/3551 3504/981/3724
f 3696/957/3662 3580/959/3725 3579/958/3699
f 3697/949/3610 3698/943/3586 3582/950/3726
f 3702/767/3608 3642/769/3534 3697/768/3610
f 3646/824/3519 3637/826/3525 3638/825/3527
f 3703/770/3531 3704/781/3533 3698/780/3586
f 3650/1070/3620 3536/1077/3713 3535/1076/3707
f 3648/1081/3657 3649/1083/3658 3535/1082/3707
f 3652/1062/3661 3653/1058/3676 3539/1063/3711
f 3653/1058/3676 3654/1053/3624 3540/1059/3689
f 3614/1050/3652 3500/884/3717 3541/868/3546
f 3725/1044/3568 3724/1049/3679 3608/1048/3569
f 3660/1033/3571 3546/1039/3573 3545/1038/3727
f 3729/1019/3677 3728/1032/3701 3612/1031/3693
f 3681/1023/3673 3565/1028/3694 3564/1027/3722
f 3685/1004/3579 3569/1009/3728 3568/1008/3580
f 3666/1006/3671 3667/1007/3672 3553/1002/3691
f 3703/770/3531 3698/780/3586 3697/768/3610
f 3707/896/3729 3591/897/3600 3592/893/3730
f 3686/782/3594 3702/767/3608 3690/785/3592
f 3679/900/3528 3563/902/3530 3561/901/3716
f 3673/755/3617 3639/759/3596 3701/758/3653
f 3693/966/3589 3578/963/3700 3577/972/3731
f 3708/891/3714 3592/893/3730 3593/892/3715
f 3696/953/3662 3581/954/3732 3580/1116/3725
f 3615/867/3545 3655/869/3720 3541/868/3546
f 3697/949/3610 3582/950/3726 3581/954/3732
f 3678/862/3564 3713/864/3719 3597/863/3718
f 3670/994/3510 3556/990/3702 3555/995/3733
f 3698/943/3586 3583/944/3703 3582/950/3726
f 3676/856/3507 3714/858/3562 3598/857/3508
f 3639/933/3596 3585/930/3704 3701/929/3653
f 3615/846/3545 3666/848/3671 3665/847/3650
f 3638/931/3527 3516/923/3606 3630/922/3554
f 3617/843/3623 3668/844/3655 3667/845/3672
f 3689/762/3675 3680/787/3563 3688/761/3646
f 3630/922/3554 3517/920/3607 3631/919/3553
f 3618/835/3551 3619/842/3695 3620/817/3654
f 3707/777/3729 3691/786/3674 3694/776/3588
f 3706/903/3587 3589/908/3706 3590/904/3599
f 3627/812/3550 3626/813/3558 3618/835/3551
f 3706/903/3587 3591/897/3600 3707/896/3729
f 3633/832/3614 3634/822/3635 3641/820/3664
f 3707/896/3729 3592/893/3730 3708/891/3714
f 3624/831/3642 3640/811/3597 3675/810/3616
f 3711/875/3522 3594/879/3613 3595/876/3611
f 3631/829/3553 3647/827/3667 3638/825/3527
f 3709/886/3666 3593/887/3715 3594/879/3613
f 3646/824/3519 3638/825/3527 3647/827/3667
f 3644/859/3548 3529/865/3602 3643/921/3601
f 3660/851/3571 3663/853/3538 3661/852/3537
f 3692/971/3618 3577/972/3731 3576/983/3583
f 3659/854/3669 3657/806/3590 3656/802/3619
f 3622/818/3637 3674/809/3615 3671/819/3512
f 3615/846/3545 3665/847/3650 3655/1109/3720
f 3723/797/3683 3677/799/3561 3714/798/3562
f 3617/843/3623 3667/845/3672 3615/846/3545
f 3717/805/3516 3720/804/3515 3656/802/3619
f 3671/989/3512 3557/984/3723 3556/990/3702
f 3668/844/3655 3670/815/3510 3669/1108/3734
f 3725/794/3568 3727/763/3629 3682/792/3578
f 3618/835/3551 3616/840/3625 3629/833/3552
f 3707/777/3729 3708/791/3714 3691/786/3674
f 3616/840/3625 3618/835/3551 3617/843/3623
f 3709/788/3666 3712/790/3524 3678/789/3564
f 3654/838/3624 3651/836/3621 3616/840/3625
f 3691/786/3674 3690/785/3592 3694/776/3588
f 3633/832/3614 3641/820/3664 3628/834/3603
f 3686/782/3594 3685/783/3579 3730/757/3670
f 3641/820/3664 3624/831/3642 3628/834/3603
f 3706/775/3587 3707/777/3729 3694/776/3588
f 3689/762/3675 3687/760/3593 3690/785/3592
f 3645/1104/3521 3637/826/3525 3646/824/3519
f 3642/769/3534 3643/771/3601 3703/770/3531
f 3665/847/3650 3614/849/3652 3655/1109/3720
f 3727/763/3629 3683/764/3576 3682/792/3578
f 3636/830/3542 3637/826/3525 3645/1104/3521
f 3722/800/3567 3714/798/3562 3676/801/3507
f 3646/1090/3519 3647/1091/3667 3533/1086/3709
f 3624/831/3642 3625/814/3643 3628/834/3603
f 3717/1079/3516 3601/1080/3544 3602/1075/3517
f 3647/827/3667 3632/828/3668 3648/841/3657
f 3652/1062/3661 3538/1067/3712 3537/1066/3622
f 3720/804/3515 3718/1102/3518 3719/1101/3513
f 3719/1068/3513 3603/1069/3681 3604/1064/3514
f 3656/802/3619 3721/803/3565 3676/801/3507
f 3723/1051/3683 3607/1052/3684 3608/1048/3569
f 3722/800/3567 3676/801/3507 3721/803/3565
f 3658/1042/3627 3659/1043/3669 3545/1038/3727
f 3677/799/3561 3723/797/3683 3724/795/3679
f 3728/1032/3701 3727/1037/3629 3611/1036/3721
f 3725/794/3568 3682/792/3578 3679/796/3528
f 3650/1070/3620 3535/1076/3707 3649/1121/3658
f 3688/991/3646 3680/1035/3563 3564/1027/3722
f 3711/1098/3522 3709/788/3666 3710/1099/3612
f 3681/1023/3673 3682/1024/3578 3566/1017/3577
f 3709/788/3666 3691/786/3674 3708/791/3714
f 3683/1016/3576 3567/1018/3697 3566/1017/3577
f 3617/1072/3623 3501/1073/3547 3503/1078/3680
f 3664/1014/3651 3665/1010/3650 3551/1015/3698
f 3674/809/3615 3673/755/3617 3672/1095/3678
f 3721/1060/3565 3604/1064/3514 3605/1061/3682
f 3684/1012/3581 3568/1008/3580 3567/1013/3697
f 3722/1056/3567 3607/1052/3684 3723/1051/3683
f 3668/998/3655 3669/999/3734 3555/995/3733
f 3723/1051/3683 3608/1048/3569 3724/1049/3679
f 3686/1000/3594 3687/1001/3593 3571/992/3648
f 3658/1042/3627 3545/1038/3727 3544/1047/3628
f 3626/940/3558 3512/988/3560 3504/981/3724
f 3660/1033/3571 3545/1038/3727 3659/1043/3669
f 3690/978/3592 3691/980/3674 3575/979/3692
f 3661/1029/3537 3548/1030/3575 3547/1034/3572
f 3692/971/3618 3693/966/3589 3577/972/3731
f 3664/1014/3651 3549/1021/3574 3663/1026/3538
f 3622/961/3637 3621/965/3511 3507/964/3634
f 3665/1010/3650 3552/1011/3688 3551/1015/3698
f 3693/966/3589 3694/967/3588 3578/963/3700
f 3685/1004/3579 3570/1005/3632 3569/1009/3728
f 3623/955/3555 3509/956/3557 3510/952/3641
f 3684/766/3581 3729/756/3677 3730/757/3670
f 3668/998/3655 3555/995/3733 3554/1003/3690
f 3696/953/3662 3697/949/3610 3581/954/3732
f 3727/763/3629 3728/765/3701 3683/764/3576
f 3670/994/3510 3555/995/3733 3669/999/3734
f 3699/937/3585 3700/939/3582 3584/938/3584
f 3626/940/3558 3504/981/3724 3618/982/3551
f 3628/926/3603 3627/936/3550 3513/935/3649
f 3619/973/3695 3504/981/3724 3505/974/3696
f 3703/917/3531 3587/918/3656 3588/914/3532
f 3619/973/3695 3506/969/3633 3620/970/3654
f 3633/912/3614 3632/916/3668 3518/915/3663
f 3807/470/3735 4046/515/3736 3993/472/3737
f 3862/453/3738 4004/455/3739 3861/456/3740
f 3746/730/3741 3816/665/3742 3815/666/3743
f 3898/700/3744 3824/713/3745 3757/717/3746
f 3815/666/3743 3814/628/3747 3744/732/3748
f 3868/441/3749 3903/615/3750 3904/614/3751
f 3802/635/3752 3800/673/3753 3801/672/3754
f 3876/425/3755 3830/604/3756 3849/644/3757
f 3849/644/3757 3830/604/3756 3836/653/3758
f 3893/664/3759 3812/626/3760 3810/627/3761
f 3831/658/3762 3832/656/3763 3910/607/3764
f 3988/519/3765 3926/597/3766 3922/594/3767
f 4000/582/3768 4001/513/3769 3933/583/3770
f 3984/524/3771 3918/595/3772 3925/593/3773
f 4044/474/3774 4045/471/3775 3936/578/3776
f 3839/645/3777 3914/646/3778 3844/650/3779
f 3999/467/3780 3931/574/3781 3938/573/3782
f 4053/454/3783 3948/569/3784 3947/568/3785
f 4018/540/3786 4019/505/3787 3970/544/3788
f 4058/444/3789 3960/555/3790 3959/557/3791
f 3827/618/3792 3771/709/3793 3766/705/3794
f 3747/733/3795 3806/675/3796 3741/750/3797
f 4054/565/3798 3956/551/3799 3944/570/3800
f 3868/441/3749 3867/443/3801 3903/615/3750
f 3859/460/3802 3820/669/3803 3818/624/3804
f 3781/691/3805 3832/656/3763 3768/748/3806
f 3814/628/3747 3892/729/3807 3810/627/3761
f 3985/523/3808 3986/477/3809 3920/591/3810
f 4001/513/3769 3939/581/3811 3933/583/3770
f 3842/638/3812 3847/639/3813 3841/743/3814
f 4241/168/3815 4240/170/3816 4282/169/3817
f 3874/608/3818 3764/609/3819 3910/607/3764
f 3987/520/3820 3922/594/3767 3921/592/3821
f 4078/215/3822 4153/217/3823 4252/216/3824
f 4120/262/3825 4218/268/3826 4190/260/3827
f 3859/460/3802 4005/516/3828 3994/462/3829
f 4048/514/3830 3999/467/3780 3995/465/3831
f 4051/509/3832 4007/510/3833 4006/572/3834
f 3865/506/3835 4011/448/3836 3826/449/3837
f 4063/436/3838 3964/549/3839 4062/435/3840
f 4063/436/3838 3966/561/3841 3965/550/3842
f 4054/565/3798 3944/570/3800 4009/564/3843
f 4044/474/3774 3936/578/3776 3935/580/3844
f 3871/433/3845 3906/612/3846 3907/697/3847
f 3852/598/3848 3882/412/3849 3851/599/3850
f 4234/186/3851 4233/191/3852 4269/190/3853
f 4085/179/3854 4084/195/3855 4272/194/3856
f 3867/443/3801 3902/616/3857 3903/615/3750
f 4066/428/3858 4013/500/3859 4016/504/3860
f 4024/492/3861 4030/493/3862 4029/538/3863
f 4161/199/3864 4081/201/3865 4262/200/3866
f 4280/277/3867 4278/276/3868 4238/175/3869
f 4235/184/3870 4272/194/3856 4270/274/3871
f 4034/422/3872 4070/489/3873 4069/485/3874
f 4029/538/3863 3973/534/3875 4027/532/3876
f 4285/163/3877 4283/282/3878 4219/263/3879
f 4233/191/3852 4232/193/3880 4267/192/3881
f 4050/512/3882 3940/584/3883 4049/511/3884
f 3823/620/3885 3862/453/3738 3762/712/3886
f 3807/470/3735 3889/632/3887 3808/724/3888
f 3890/631/3889 3807/470/3735 3808/724/3888
f 3797/677/3890 3738/738/3891 3731/754/3892
f 3895/663/3893 3754/711/3894 3759/718/3895
f 3885/637/3896 3855/478/3897 4039/481/3898
f 3988/519/3765 3991/521/3899 3927/575/3900
f 3992/522/3901 4043/518/3902 3934/587/3903
f 3869/439/3904 3868/441/3749 3904/614/3751
f 3807/470/3735 3856/473/3905 3889/632/3887
f 3910/607/3764 3832/656/3763 3829/655/3906
f 3817/623/3907 3895/663/3893 3822/662/3908
f 3843/684/3909 3844/650/3779 3787/685/3910
f 3781/691/3805 3833/654/3911 3832/656/3763
f 4067/427/3912 4014/497/3913 4012/499/3914
f 3832/656/3763 3831/658/3762 3767/707/3915
f 3880/417/3916 4038/418/3917 4032/420/3918
f 4021/496/3919 3972/531/3920 4033/487/3921
f 3860/458/3922 4003/459/3923 3859/460/3802
f 3735/739/3924 3801/672/3754 3800/673/3753
f 3871/433/3845 4064/434/3925 4063/436/3838
f 3827/618/3792 3900/695/3926 3771/709/3793
f 3779/710/3927 3908/611/3928 3907/697/3847
f 3900/695/3926 3825/619/3929 3765/696/3930
f 3905/613/3931 3904/614/3751 3775/702/3932
f 3839/645/3777 3840/648/3933 3915/643/3934
f 3916/647/3935 3915/643/3934 3840/648/3933
f 3984/524/3771 3985/523/3808 3919/596/3936
f 3853/603/3937 3878/421/3938 3877/423/3939
f 4006/572/3834 3942/566/3940 3946/571/3941
f 4050/512/3882 4005/516/3828 3941/562/3942
f 3764/609/3819 3873/429/3943 3909/610/3944
f 3814/628/3747 3751/721/3945 3744/732/3748
f 3837/652/3946 3785/683/3947 3792/681/3948
f 3839/645/3777 3844/650/3779 3843/684/3909
f 3866/445/3949 3901/617/3950 3902/616/3857
f 3870/437/3951 3905/613/3931 3906/612/3846
f 3854/600/3952 3880/417/3916 3848/601/3953
f 4011/448/3836 3958/548/3954 4056/547/3955
f 4058/444/3789 3959/557/3791 4057/446/3956
f 4056/547/3955 3952/546/3957 4010/452/3958
f 4071/486/3959 4035/416/3960 4072/491/3961
f 3838/680/3962 3837/652/3946 3792/681/3948
f 3881/415/3963 4035/416/3960 4038/418/3917
f 3822/662/3908 3821/715/3964 3755/714/3965
f 4019/505/3787 3971/543/3966 3970/544/3788
f 4277/176/3967 4275/181/3968 4214/252/3969
f 3875/426/3970 3910/607/3764 3911/606/3971
f 3851/599/3850 3881/415/3963 3854/600/3952
f 3732/740/3972 3797/677/3890 3731/754/3892
f 3815/666/3743 3744/732/3748 3745/751/3973
f 3733/737/3974 3798/676/3975 3732/740/3972
f 4018/540/3786 3968/541/3976 4017/501/3977
f 4111/243/3978 4112/245/3979 4210/244/3980
f 4069/485/3874 3983/530/3981 3982/525/3982
f 4007/510/3833 3942/566/3940 4006/572/3834
f 4107/234/3983 4108/237/3984 4206/236/3985
f 3902/616/3857 3772/706/3986 3773/704/3987
f 3845/649/3988 3786/688/3989 3788/686/3990
f 3780/708/3991 3908/611/3928 3779/710/3927
f 3914/646/3778 3854/600/3952 3848/601/3953
f 3747/733/3795 3887/670/3992 3806/675/3796
f 3858/463/3993 3891/629/3994 3810/627/3761
f 3752/728/3995 3892/729/3807 3816/665/3742
f 4014/497/3913 4067/427/3912 3876/425/3755
f 3845/649/3988 3843/684/3909 3786/688/3989
f 3895/663/3893 3820/669/3803 3754/711/3894
f 3780/708/3991 3763/657/3996 3909/610/3944
f 3780/708/3991 3909/610/3944 3908/611/3928
f 3790/687/3997 3847/639/3813 3846/640/3998
f 3837/652/3946 3849/644/3757 3785/683/3947
f 3834/690/3999 3833/654/3911 3781/691/3805
f 3865/506/3835 3826/449/3837 3827/618/3792
f 3909/610/3944 3763/657/3996 3764/609/3819
f 3917/651/4000 3916/647/3935 3842/638/3812
f 3799/634/4001 3802/635/3752 3805/475/4002
f 3855/478/3897 3885/637/3896 3886/636/4003
f 3909/610/3944 3873/429/3943 3872/432/4004
f 4000/582/3768 3932/586/4005 3931/574/3781
f 3901/617/3950 3827/618/3792 3766/705/3794
f 4046/515/3736 3998/469/4006 3930/588/4007
f 3998/469/4006 4047/466/4008 3938/573/3782
f 3805/475/4002 3986/477/3809 3855/478/3897
f 3906/612/3846 3776/701/4009 3777/698/4010
f 4009/564/3843 3944/570/3800 3948/569/3784
f 4045/471/3775 3993/472/3737 3929/576/4011
f 3846/640/3998 3788/686/3990 3789/745/4012
f 3843/684/3909 3787/685/3910 3786/688/3989
f 3825/619/3929 3770/694/4013 3765/696/3930
f 3901/617/3950 3766/705/3794 3772/706/3986
f 4020/498/4014 4033/487/3921 3972/531/3920
f 3851/599/3850 3854/600/3952 3915/643/3934
f 3819/621/4015 3817/623/3907 3896/661/4016
f 3821/715/3964 3759/718/3895 3755/714/3965
f 3751/721/3945 3813/630/4017 3743/734/4018
f 3749/725/4019 3888/633/4020 3748/727/4021
f 3800/673/3753 3733/737/3974 3734/753/4022
f 3908/611/3928 3872/432/4004 3871/433/3845
f 3806/675/3796 3804/674/4023 3740/722/4024
f 3897/622/4025 3896/661/4016 3760/716/4026
f 3866/445/3949 4057/446/3956 3865/506/3835
f 3797/677/3890 3886/636/4003 3738/738/3891
f 3820/669/3803 3859/460/3802 3809/668/4027
f 3838/680/3962 3792/681/3948 3793/744/4028
f 3907/697/3847 3777/698/4010 3778/747/4029
f 3855/478/3897 3799/634/4001 3805/475/4002
f 3861/456/3740 4002/457/4030 3860/458/3922
f 3802/635/3752 3801/672/3754 3804/674/4023
f 3874/608/3818 3951/431/4031 3873/429/3943
f 3899/660/4032 3823/620/3885 3762/712/3886
f 3907/697/3847 3906/612/3846 3777/698/4010
f 3785/683/3947 3849/644/3757 3836/653/3758
f 3818/624/3804 3820/669/3803 3895/663/3893
f 3904/614/3751 3903/615/3750 3774/703/4033
f 3798/676/3975 3886/636/4003 3797/677/3890
f 3912/642/4034 3849/644/3757 3837/652/3946
f 3854/600/3952 3914/646/3778 3839/645/3777
f 3853/603/3937 3912/642/4034 3913/641/4035
f 3810/627/3761 3891/629/3994 3814/628/3747
f 3987/520/3820 3988/519/3765 3922/594/3767
f 4041/480/4036 4042/479/4037 3925/593/3773
f 4050/512/3882 3945/585/4038 3940/584/3883
f 4023/490/4039 4024/492/3861 4027/532/3876
f 3858/463/3993 4047/466/4008 3857/468/4040
f 4278/276/3868 4276/275/4041 4237/177/4042
f 4072/491/3961 4036/413/4043 4073/495/4044
f 3807/470/3735 4045/471/3775 3856/473/3905
f 4019/505/3787 4014/497/3913 4020/498/4014
f 3879/419/4045 4032/420/3918 4034/422/3872
f 3894/667/4046 3893/664/3759 3753/731/4047
f 3733/737/3974 3799/634/4001 3798/676/3975
f 3853/603/3937 3913/641/4035 3850/602/4048
f 3857/468/4040 3813/630/4017 3891/629/3994
f 3843/684/3909 3840/648/3933 3839/645/3777
f 3896/661/4016 3756/719/4049 3760/716/4026
f 3805/475/4002 3802/635/3752 3803/671/4050
f 3855/478/3897 3886/636/4003 3799/634/4001
f 3842/638/3812 3846/640/3998 3847/639/3813
f 3875/426/3970 3874/608/3818 3910/607/3764
f 4016/504/3860 3955/559/4051 3954/558/4052
f 4057/446/3956 3959/557/3791 3953/556/4053
f 3784/692/4054 3835/659/4055 3783/693/4056
f 3862/453/3738 4008/451/4057 3949/563/4058
f 3852/598/3848 3851/599/3850 3916/647/3935
f 3861/456/3740 3819/621/4015 3862/453/3738
f 4056/547/3955 4010/452/3958 3864/447/4059
f 4030/493/3862 3975/535/4060 4029/538/3863
f 3864/447/4059 4010/452/3958 3863/450/4061
f 3871/433/3845 4062/435/3840 3870/437/3951
f 3859/460/3802 3811/625/4062 3809/668/4027
f 3882/412/3849 4036/413/4043 4035/416/3960
f 3740/722/4024 3804/674/4023 3801/672/3754
f 3878/421/3938 4034/422/3872 4037/424/4063
f 3794/679/4064 3912/642/4034 3838/680/3962
f 3887/670/3992 3803/671/4050 3806/675/3796
f 3762/712/3886 3897/622/4025 3824/713/3745
f 3825/619/3929 3899/660/4032 3770/694/4013
f 3890/631/3889 3857/468/4040 3807/470/3735
f 3784/692/4054 3836/653/3758 3835/659/4055
f 3809/668/4027 3811/625/4062 3894/667/4046
f 3823/620/3885 3899/660/4032 3825/619/3929
f 3871/433/3845 3870/437/3951 3906/612/3846
f 3861/456/3740 3860/458/3922 3817/623/3907
f 3851/599/3850 3882/412/3849 3881/415/3963
f 3830/604/3756 3828/605/4065 3835/659/4055
f 4048/514/3830 4049/511/3884 3940/584/3883
f 3992/522/3901 3928/577/4066 3927/575/3900
f 3856/473/3905 3888/633/4020 3889/632/3887
f 4063/436/3838 4064/434/3925 3966/561/3841
f 3748/727/4021 3887/670/3992 3747/733/3795
f 4010/452/3958 3952/546/3957 3957/545/4067
f 4016/504/3860 4017/501/3977 3968/541/3976
f 3870/437/3951 3869/439/3904 3905/613/3931
f 3794/679/4064 3838/680/3962 3793/744/4028
f 3905/613/3931 3775/702/3932 3776/701/4009
f 3779/710/3927 3907/697/3847 3778/747/4029
f 3910/607/3764 3829/655/3906 3911/606/3971
f 4192/171/4068 4089/173/4069 4075/172/4070
f 3850/602/4048 3914/646/3778 3848/601/3953
f 4237/177/4042 4236/182/4071 4275/181/3968
f 4041/480/4036 3925/593/3773 3924/590/4072
f 3876/425/3755 3911/606/3971 3830/604/3756
f 3988/519/3765 3927/575/3900 3926/597/3766
f 4119/258/4073 4100/261/4074 4190/260/3827
f 4050/512/3882 3941/562/3942 3945/585/4038
f 4007/510/3833 4002/457/4030 4052/508/4075
f 4112/245/3979 4113/249/4076 4211/247/4077
f 4122/265/4078 4220/266/4079 4219/263/3879
f 3754/711/3894 3894/667/4046 3758/749/4080
f 3992/522/3901 3927/575/3900 3991/521/3899
f 4255/219/4081 4226/214/4082 4225/220/4083
f 4053/454/3783 3947/568/3785 4052/508/4075
f 3999/467/3780 3938/573/3782 4047/466/4008
f 4009/564/3843 3948/569/3784 4053/454/3783
f 3869/439/3904 3904/614/3751 3905/613/3931
f 3827/618/3792 3864/447/4059 3900/695/3926
f 4083/187/4084 4082/189/4085 4268/188/4086
f 3819/621/4015 3896/661/4016 3897/622/4025
f 4227/212/4087 4256/218/4088 4254/271/4089
f 4221/226/4090 4287/281/4091 4285/163/3877
f 4266/196/4092 4264/273/4093 4231/198/4094
f 4118/256/4095 4216/257/4096 4215/254/4097
f 3870/437/3951 4061/438/4098 3869/439/3904
f 3873/429/3943 3764/609/3819 3874/608/3818
f 4064/434/3925 3967/560/4099 3966/561/3841
f 4225/220/4083 4224/222/4100 4251/221/4101
f 4235/184/3870 4234/186/3851 4271/185/4102
f 4274/178/4103 4086/180/4104 4085/179/3854
f 3857/468/4040 3891/629/3994 3858/463/3993
f 3738/738/3891 3885/637/3896 3737/752/4105
f 3898/700/3744 3757/717/3746 3769/699/4106
f 4061/438/4098 3963/552/4107 3962/553/4108
f 4064/434/3925 4065/430/4109 3967/560/4099
f 4041/480/4036 3924/590/4072 3923/589/4110
f 3827/618/3792 3826/449/3837 3864/447/4059
f 3848/601/3953 3880/417/3916 3879/419/4045
f 3888/633/4020 3856/473/3905 3805/475/4002
f 3844/650/3779 3914/646/3778 3791/689/4111
f 3783/693/4056 3835/659/4055 3834/690/3999
f 3749/725/4019 3889/632/3887 3888/633/4020
f 3738/738/3891 3886/636/4003 3885/637/3896
f 4055/507/4112 3956/551/3799 4054/565/3798
f 3868/441/3749 4059/442/4113 3867/443/3801
f 3869/439/3904 4060/440/4114 3868/441/3749
f 3748/727/4021 3888/633/4020 3887/670/3992
f 3732/740/3972 3798/676/3975 3797/677/3890
f 3877/423/3939 4037/424/4063 4033/487/3921
f 4021/496/3919 4068/488/4115 4022/526/4116
f 3814/628/3747 3891/629/3994 3751/721/3945
f 3846/640/3998 3845/649/3988 3788/686/3990
f 3799/634/4001 3800/673/3753 3802/635/3752
f 3850/602/4048 3913/641/4035 3914/646/3778
f 3858/463/3993 3812/626/3760 3811/625/4062
f 3949/563/4058 4054/565/3798 4009/564/3843
f 3899/660/4032 3762/712/3886 3898/700/3744
f 4059/442/4113 3961/554/4117 3960/555/3790
f 4055/507/4112 3957/545/4067 3956/551/3799
f 3750/726/4118 3808/724/3888 3742/723/4119
f 3900/695/3926 3765/696/3930 3771/709/3793
f 3783/693/4056 3834/690/3999 3782/746/4120
f 3845/649/3988 3840/648/3933 3843/684/3909
f 3860/458/3922 3818/624/3804 3817/623/3907
f 4229/204/4121 4228/206/4122 4259/205/4123
f 4046/515/3736 3930/588/4007 3937/579/4124
f 4061/438/4098 3962/553/4108 4060/440/4114
f 4016/504/3860 3954/558/4052 4015/503/4125
f 3998/469/4006 3938/573/3782 3930/588/4007
f 3995/465/3831 4049/511/3884 4048/514/3830
f 3753/731/4047 3893/664/3759 3892/729/3807
f 3821/715/3964 3895/663/3893 3759/718/3895
f 4033/487/3921 3876/425/3755 3877/423/3939
f 3754/711/3894 3820/669/3803 3894/667/4046
f 3987/520/3820 3920/591/3810 3986/477/3809
f 4211/247/4077 4269/190/3853 4267/192/3881
f 3850/602/4048 3878/421/3938 3853/603/3937
f 4059/442/4113 3960/555/3790 4058/444/3789
f 4279/174/4126 4277/176/3967 4215/254/4097
f 3746/730/3741 3815/666/3743 3745/751/3973
f 4114/246/4127 4212/248/4128 4211/247/4077
f 4283/282/3878 4282/169/3817 4218/268/3826
f 4068/488/4115 3982/525/3982 3981/527/4129
f 4020/498/4014 3972/531/3920 3971/543/3966
f 4041/480/4036 3923/589/4110 4040/742/4130
f 4252/216/3824 4153/217/3823 4077/224/4131
f 4007/510/3833 3943/567/4132 3942/566/3940
f 4056/547/3955 3958/548/3954 3952/546/3957
f 3912/642/4034 3837/652/3946 3838/680/3962
f 3800/673/3753 3799/634/4001 3733/737/3974
f 3949/563/4058 4053/454/3783 3862/453/3738
f 3896/661/4016 3822/662/3908 3756/719/4049
f 3764/609/3819 3763/657/3996 3831/658/3762
f 3824/713/3745 3897/622/4025 3761/720/4133
f 3902/616/3857 3901/617/3950 3772/706/3986
f 3903/615/3750 3902/616/3857 3773/704/3987
f 3822/662/3908 3895/663/3893 3821/715/3964
f 3805/475/4002 3803/671/4050 3887/670/3992
f 3899/660/4032 3898/700/3744 3769/699/4106
f 3795/678/4134 3913/641/4035 3912/642/4034
f 3906/612/3846 3905/613/3931 3776/701/4009
f 3811/625/4062 3812/626/3760 3893/664/3759
f 3894/667/4046 3820/669/3803 3809/668/4027
f 3849/644/3757 3912/642/4034 3853/603/3937
f 3830/604/3756 3911/606/3971 3828/605/4065
f 3858/463/3993 3810/627/3761 3812/626/3760
f 3867/443/3801 3866/445/3949 3902/616/3857
f 3764/609/3819 3831/658/3762 3910/607/3764
f 4043/518/3902 4044/474/3774 3935/580/3844
f 3949/563/4058 4008/451/4057 4055/507/4112
f 4052/508/4075 3947/568/3785 3943/567/4132
f 4018/540/3786 4012/499/3914 4019/505/3787
f 4060/440/4114 3962/553/4108 3961/554/4117
f 3951/431/4031 4066/428/3858 4015/503/4125
f 3993/472/3737 4046/515/3736 3937/579/4124
f 4001/513/3769 4048/514/3830 3939/581/3811
f 3834/690/3999 3781/691/3805 3782/746/4120
f 3903/615/3750 3773/704/3987 3774/703/4033
f 3852/598/3848 3883/414/4135 3882/412/3849
f 3823/620/3885 3863/450/4061 3862/453/3738
f 3830/604/3756 3835/659/4055 3836/653/3758
f 3832/656/3763 3833/654/3911 3829/655/3906
f 3833/654/3911 3828/605/4065 3829/655/3906
f 3763/657/3996 3767/707/3915 3831/658/3762
f 3752/728/3995 3816/665/3742 3746/730/3741
f 3860/458/3922 3859/460/3802 3818/624/3804
f 3890/631/3889 3743/734/4018 3813/630/4017
f 3751/721/3945 3891/629/3994 3813/630/4017
f 3801/672/3754 3735/739/3924 3739/741/4136
f 3859/460/3802 3996/461/4137 3858/463/3993
f 3750/726/4118 3890/631/3889 3808/724/3888
f 3876/425/3755 3849/644/3757 3877/423/3939
f 4063/436/3838 3965/550/3842 3964/549/3839
f 3885/637/3896 4039/481/3898 3884/736/4138
f 3916/647/3935 3840/648/3933 3842/638/3812
f 3864/447/4059 4011/448/3836 4056/547/3955
f 3890/631/3889 3750/726/4118 3743/734/4018
f 4066/428/3858 3951/431/4031 3874/608/3818
f 3742/723/4119 3808/724/3888 3889/632/3887
f 3803/671/4050 3802/635/3752 3804/674/4023
f 3796/682/4139 3914/646/3778 3913/641/4035
f 3798/676/3975 3799/634/4001 3886/636/4003
f 3828/605/4065 3911/606/3971 3829/655/3906
f 3816/665/3742 3814/628/3747 3815/666/3743
f 3840/648/3933 3845/649/3988 3846/640/3998
f 3857/468/4040 3890/631/3889 3813/630/4017
f 3819/621/4015 3897/622/4025 3862/453/3738
f 3850/602/4048 3879/419/4045 3878/421/3938
f 3854/600/3952 3881/415/3963 3880/417/3916
f 3987/520/3820 3921/592/3821 3920/591/3810
f 4115/250/4140 4213/251/4141 4212/248/4128
f 4193/283/4142 4281/166/4143 4217/259/4144
f 4026/482/4145 4031/483/4146 4030/493/3862
f 4028/494/4147 4023/490/4039 4027/532/3876
f 4037/424/4063 4069/485/3874 4068/488/4115
f 3862/453/3738 3897/622/4025 3762/712/3886
f 4286/162/4148 4284/280/4149 4241/164/3815
f 3885/637/3896 3884/736/4138 3736/735/4150
f 3872/432/4004 4065/430/4109 4064/434/3925
f 3867/443/3801 4058/444/3789 3866/445/3949
f 3866/445/3949 3865/506/3835 3901/617/3950
f 3852/598/3848 3916/647/3935 3917/651/4000
f 3840/648/3933 3846/640/3998 3842/638/3812
f 3811/625/4062 3893/664/3759 3894/667/4046
f 3825/619/3929 3863/450/4061 3823/620/3885
f 3762/712/3886 3824/713/3745 3898/700/3744
f 4062/435/3840 3964/549/3839 3963/552/4107
f 3795/678/4134 3912/642/4034 3794/679/4064
f 3859/460/3802 3858/463/3993 3811/625/4062
f 4011/448/3836 3953/556/4053 3958/548/3954
f 3950/502/4151 3954/558/4052 3967/560/4099
f 4051/509/3832 3946/571/3941 3941/562/3942
f 4052/508/4075 4004/455/3739 4053/454/3783
f 3875/426/3970 4066/428/3858 3874/608/3818
f 3834/690/3999 3828/605/4065 3833/654/3911
f 3740/722/4024 3801/672/3754 3739/741/4136
f 3988/519/3765 3987/520/3820 3989/476/4152
f 4240/170/3816 4193/283/4142 4282/169/3817
f 4018/540/3786 3969/542/4153 3968/541/3976
f 4164/345/4154 4113/249/4076 4112/245/3979
f 4118/256/4095 4215/254/4097 4117/255/4155
f 4158/372/4156 4130/355/4157 4080/370/4158
f 4139/336/4159 4168/337/4160 4138/338/4161
f 4228/206/4122 4256/218/4088 4227/212/4087
f 4065/430/4109 3951/431/4031 3950/502/4151
f 4028/494/4147 4070/489/3873 4023/490/4039
f 4005/516/3828 3859/460/3802 4003/459/3923
f 4247/288/4162 4199/289/4163 4200/383/4164
f 4278/276/3868 4237/177/4042 4238/175/3869
f 4221/226/4090 4285/163/3877 4220/266/4079
f 3859/460/3802 3994/462/3829 3996/461/4137
f 4089/173/4069 4284/280/4149 4090/398/4165
f 4096/310/4166 4182/304/4167 4092/391/4168
f 4260/272/4169 4228/206/4122 4229/204/4121
f 4229/204/4121 4259/205/4123 4261/207/4170
f 4252/216/3824 4077/224/4131 4250/270/4171
f 4076/393/4172 4181/394/4173 4094/388/4174
f 4242/158/4175 4285/163/3877 4287/281/4091
f 4144/312/4176 4179/316/4177 4145/314/4178
f 4069/485/3874 4070/489/3873 3983/530/3981
f 4154/361/4179 4155/359/4180 4106/231/4181
f 4093/389/4182 4095/386/4183 4097/390/4184
f 4157/351/4185 4159/352/4186 4109/238/4187
f 4165/343/4188 4166/341/4189 4114/246/4127
f 4129/354/4190 4130/355/4157 4157/351/4185
f 4259/205/4123 4257/213/4191 4205/235/4192
f 4185/299/4193 4187/301/4194 4188/300/4195
f 4178/317/4196 4180/313/4197 4123/267/4198
f 4149/382/4199 4125/362/4200 4151/381/4201
f 4153/367/3823 4127/358/4202 4126/363/4203
f 4107/234/3983 4206/236/3985 4205/235/4192
f 4160/353/4204 4111/243/3978 4110/240/4205
f 3880/417/3916 3881/415/3963 4038/418/3917
f 3871/433/3845 3872/432/4004 4064/434/3925
f 4019/505/3787 4020/498/4014 3971/543/3966
f 4272/194/3856 4083/187/4084 4270/274/3871
f 4192/171/4068 4191/165/4206 4240/170/3816
f 4154/361/4179 4106/231/4181 4203/232/4207
f 3868/441/3749 4060/440/4114 4059/442/4113
f 4053/454/3783 4004/455/3739 3862/453/3738
f 4142/380/4208 4102/322/4209 4101/320/4210
f 4209/242/4211 4265/202/4212 4263/284/4213
f 4204/233/4214 4255/219/4081 4253/285/4215
f 3858/463/3993 3996/461/4137 3997/464/4216
f 4195/292/4217 4199/289/4163 4246/290/4218
f 4244/157/4219 4194/227/4220 4182/304/4167
f 4197/228/4221 4147/364/4222 4196/230/4223
f 4146/311/4224 4180/313/4197 4144/312/4176
f 3805/475/4002 3856/473/3905 4044/474/3774
f 4024/492/3861 4071/486/3959 4072/491/3961
f 4083/376/4084 4136/342/4225 4135/344/4226
f 4246/290/4218 4223/223/4227 4198/293/4228
f 4101/320/4210 4173/321/4229 4141/327/4230
f 4104/332/4231 4139/336/4159 4138/338/4161
f 4145/314/4178 4179/316/4177 4091/315/4232
f 4082/189/4085 4266/196/4092 4268/188/4086
f 4162/349/4233 4164/345/4154 4112/245/3979
f 4089/326/4069 4176/379/4234 4174/325/4235
f 4095/386/4183 4124/396/4236 4145/314/4178
f 4103/225/4237 4221/226/4090 4123/267/4198
f 4158/208/4156 4258/209/4238 4260/272/4169
f 3858/463/3993 3997/464/4216 3995/465/3831
f 4214/252/3969 4273/183/4239 4213/251/4141
f 4282/169/3817 4190/260/3827 4218/268/3826
f 4008/451/4057 4010/452/3958 4055/507/4112
f 4037/424/4063 4034/422/3872 4069/485/3874
f 4074/309/4240 4184/306/4241 4188/300/4195
f 4082/375/4085 4134/347/4242 4163/374/4243
f 4148/384/4244 4125/362/4200 4149/382/4199
f 4123/267/4198 4146/311/4224 4103/225/4237
f 3878/421/3938 3879/419/4045 4034/422/3872
f 4079/369/4245 4080/370/4158 4130/355/4157
f 4070/489/3873 4038/418/3917 4023/490/4039
f 4182/304/4167 4103/225/4237 4092/391/4168
f 4152/360/4246 4203/232/4207 4202/286/4247
f 4179/316/4177 4143/318/4248 4176/411/4234
f 4104/332/4231 4138/338/4161 4085/378/3854
f 4144/312/4176 4178/317/4196 4143/318/4248
f 3989/476/4152 3986/477/3809 3805/475/4002
f 4033/487/3921 4020/498/4014 4014/497/3913
f 4185/299/4193 4188/300/4195 4184/306/4241
f 4284/278/4149 4240/170/3816 4241/168/3815
f 4257/213/4191 4204/233/4214 4205/235/4192
f 3985/523/3808 4042/479/4037 3986/477/3809
f 4029/538/3863 3975/535/4060 3973/534/3875
f 4267/192/3881 4231/198/4094 4265/202/4212
f 4286/162/4148 4091/160/4232 4090/398/4165
f 4149/382/4199 4151/381/4201 4201/291/4249
f 4169/331/4250 4117/255/4155 4116/253/4251
f 4184/306/4241 4181/308/4173 4076/307/4172
f 4125/362/4200 4126/363/4203 4152/360/4246
f 4146/311/4224 4144/312/4176 4124/396/4236
f 4079/369/4245 4130/355/4157 4129/354/4190
f 4136/342/4225 4165/343/4188 4135/344/4226
f 4177/319/4252 4120/262/3825 4175/324/4253
f 4157/351/4185 4109/238/4187 4108/237/3984
f 4252/216/3824 4224/222/4100 4225/220/4083
f 4192/279/4068 4239/167/4254 4191/165/4206
f 4159/352/4186 4110/240/4205 4109/238/4187
f 4107/234/3983 4204/233/4214 4106/231/4181
f 4088/408/4255 4170/333/4256 4087/334/4257
f 4129/354/4190 4157/351/4185 4156/357/4258
f 4138/338/4161 4167/339/4259 4137/340/4260
f 4254/271/4089 4225/220/4083 4226/214/4082
f 4074/395/4240 4094/388/4174 4181/394/4173
f 4122/265/4078 4219/263/3879 4121/264/4261
f 4083/376/4084 4084/377/3855 4137/340/4260
f 4174/298/4235 4101/320/4210 4141/327/4230
f 4109/238/4187 4206/236/3985 4108/237/3984
f 4153/367/3823 4126/363/4203 4077/366/4131
f 4167/339/4259 4116/253/4251 4115/250/4140
f 4034/422/3872 4032/420/3918 4070/489/3873
f 4211/247/4077 4267/192/3881 4210/244/3980
f 3855/478/3897 4042/479/4037 4041/480/4036
f 3990/517/4262 3992/522/3901 3991/521/3899
f 4264/273/4093 4230/203/4263 4231/198/4094
f 4183/302/4264 4187/301/4194 4185/299/4193
f 4280/277/3867 4238/175/3869 4239/167/4254
f 4092/391/4168 4099/392/4265 4096/310/4166
f 4133/346/4266 4164/345/4154 4162/349/4233
f 4257/213/4191 4226/214/4082 4255/219/4081
f 4028/494/4147 3974/533/4267 3978/539/4268
f 4085/179/3854 4272/194/3856 4274/178/4103
f 4238/175/3869 4277/176/3967 4279/174/4126
f 4241/164/3815 4283/282/3878 4285/163/3877
f 4125/362/4200 4148/384/4244 4105/385/4269
f 4142/380/4208 4175/324/4253 4102/322/4209
f 4152/360/4246 4154/361/4179 4203/232/4207
f 4167/339/4259 4168/337/4160 4116/253/4251
f 4096/310/4166 4186/305/4270 4182/304/4167
f 4075/296/4070 4174/298/4235 4172/297/4271
f 4197/228/4221 4150/365/4272 4147/364/4222
f 4143/323/4248 4175/324/4253 4142/380/4208
f 4172/297/4271 4170/333/4256 4088/408/4255
f 4140/330/4273 4169/331/4250 4139/336/4159
f 4150/365/4272 4126/363/4203 4125/362/4200
f 4178/317/4196 4121/264/4261 4177/319/4252
f 4071/486/3959 4038/418/3917 4035/416/3960
f 4178/317/4196 4123/267/4198 4122/265/4078
f 4127/358/4202 4155/359/4180 4154/361/4179
f 4222/159/4274 4244/157/4219 4183/302/4264
f 4144/312/4176 4180/313/4197 4178/317/4196
f 4143/323/4248 4177/319/4252 4175/324/4253
f 4039/481/3898 3855/478/3897 4041/480/4036
f 4135/344/4226 4165/343/4188 4164/345/4154
f 4233/191/3852 4267/192/3881 4269/190/3853
f 4235/184/3870 4271/185/4102 4273/183/4239
f 4104/332/4231 4086/335/4104 4087/334/4257 4170/333/4256
f 4012/499/3914 4017/501/3977 4013/500/3859
f 4136/342/4225 4166/341/4189 4165/343/4188
f 4197/228/4221 4245/229/4275 4248/269/4276
f 3865/506/3835 4057/446/3956 4011/448/3836
f 4251/221/4101 4223/223/4227 4249/287/4277
f 4122/265/4078 4221/226/4090 4220/266/4079
f 4204/233/4214 4253/285/4215 4203/232/4207
f 3807/470/3735 3993/472/3737 4045/471/3775
f 4052/508/4075 4002/457/4030 4004/455/3739
f 4259/205/4123 4205/235/4192 4206/236/3985
f 4024/492/3861 4026/482/4145 4030/493/3862
f 4119/258/4073 4190/260/3827 4217/259/4144
f 4201/291/4249 4247/288/4162 4200/383/4164
f 3856/473/3905 4045/471/3775 4044/474/3774
f 4120/262/3825 4190/260/3827 4100/261/4074
f 4225/220/4083 4251/221/4101 4253/285/4215
f 4230/203/4263 4261/207/4170 4263/284/4213
f 3857/468/4040 4047/466/4008 3998/469/4006
f 4091/160/4232 4243/161/4278 4076/307/4172
f 4092/391/4168 4093/389/4182 4099/392/4265
f 4147/364/4222 4150/365/4272 4125/362/4200
f 4157/351/4185 4108/237/3984 4107/234/3983
f 4177/319/4252 4121/264/4261 4120/262/3825
f 4234/186/3851 4269/190/3853 4271/185/4102
f 4074/309/4240 4181/308/4173 4184/306/4241
f 4170/333/4256 4140/330/4273 4139/336/4159
f 4249/287/4277 4223/223/4227 4247/288/4162
f 4095/386/4183 4145/314/4178 4094/388/4174
f 4090/397/4165 4179/316/4177 4176/411/4234
f 4119/258/4073 4216/257/4096 4118/256/4095
f 4112/245/3979 4211/247/4077 4210/244/3980
f 4116/253/4251 4215/254/4097 4214/252/3969
f 4111/243/3978 4210/244/3980 4209/242/4211
f 4144/312/4176 4145/314/4178 4124/396/4236
f 4283/282/3878 4218/268/3826 4219/263/3879
f 4236/182/4071 4272/194/3856 4235/184/3870
f 4285/163/3877 4219/263/3879 4220/266/4079
f 4257/213/4191 4255/219/4081 4204/233/4214
f 4102/322/4209 4100/261/4074 4119/258/4073
f 4022/526/4116 3980/529/4279 3979/528/4280
f 4276/275/4041 4236/182/4071 4237/177/4042
f 3869/439/3904 4061/438/4098 4060/440/4114
f 4176/379/4234 4143/323/4248 4142/380/4208
f 4084/377/3855 4085/378/3854 4138/338/4161
f 4081/371/3865 4132/348/4281 4131/350/4282
f 4174/298/4235 4141/327/4230 4172/297/4271
f 4169/331/4250 4116/253/4251 4168/337/4160
f 4279/174/4126 4215/254/4097 4216/257/4096
f 4151/381/4201 4202/286/4247 4201/291/4249
f 4120/262/3825 4219/263/3879 4218/268/3826
f 4078/368/3822 4127/358/4202 4153/367/3823
f 3866/445/3949 4058/444/3789 4057/446/3956
f 3999/467/3780 4048/514/3830 4001/513/3769
f 4208/241/4205 4261/207/4170 4207/239/4283
f 4210/244/3980 4265/202/4212 4209/242/4211
f 3875/426/3970 4067/427/3912 4066/428/3858
f 4068/488/4115 4069/485/3874 3982/525/3982
f 4157/351/4185 4107/234/3983 4156/357/4258
f 4115/250/4140 4212/248/4128 4114/246/4127
f 4266/196/4092 4231/198/4094 4232/193/3880
f 4078/368/3822 4129/354/4190 4128/356/4284
f 4173/321/4229 4118/256/4095 4171/328/4285
f 4093/389/4182 4097/390/4184 4099/392/4265
f 4024/492/3861 4023/490/4039 4071/486/3959
f 4268/188/4086 4232/193/3880 4233/191/3852
f 4277/176/3967 4214/252/3969 4215/254/4097
f 4050/512/3882 3994/462/3829 4005/516/3828
f 4281/166/4143 4216/257/4096 4217/259/4144
f 4203/232/4207 4251/221/4101 4202/286/4247
f 4286/162/4148 4241/164/3815 4242/158/4175
f 4012/499/3914 4013/500/3859 4067/427/3912
f 4021/496/3919 3979/528/4280 3972/531/3920
f 4076/393/4172 4094/388/4174 4145/314/4178
f 4078/215/3822 4252/216/3824 4254/271/4089
f 4256/218/4088 4078/215/3822 4254/271/4089
f 4090/397/4165 4176/379/4234 4089/326/4069
f 4083/187/4084 4268/188/4086 4270/274/3871
f 4179/316/4177 4144/312/4176 4143/318/4248
f 4239/167/4254 4279/174/4126 4281/166/4143
f 4151/381/4201 4152/360/4246 4202/286/4247
f 4095/386/4183 4094/388/4174 4098/387/4286
f 4092/391/4168 4103/225/4237 4146/311/4224
f 4266/196/4092 4161/199/3864 4264/273/4093
f 4143/318/4248 4178/317/4196 4177/319/4252
f 4210/244/3980 4267/192/3881 4265/202/4212
f 4278/276/3868 4087/295/4257 4086/180/4104 4276/294/4041
f 4133/346/4266 4134/347/4242 4164/345/4154
f 4173/321/4229 4119/258/4073 4118/256/4095
f 4158/372/4156 4131/350/4282 4130/355/4157
f 4132/348/4281 4133/346/4266 4162/349/4233
f 4127/358/4202 4152/360/4246 4126/363/4203
f 3881/415/3963 3882/412/3849 4035/416/3960
f 3876/425/3755 4067/427/3912 3875/426/3970
f 4022/526/4116 4068/488/4115 3981/527/4129
f 3877/423/3939 3878/421/3938 4037/424/4063
f 3867/443/3801 4059/442/4113 4058/444/3789
f 4072/491/3961 4035/416/3960 4036/413/4043
f 3985/523/3808 3984/524/3771 4042/479/4037
f 4208/241/4205 4263/284/4213 4261/207/4170
f 3861/456/3740 4004/455/3739 4002/457/4030
f 4161/199/3864 4262/200/3866 4264/273/4093
f 3860/458/3922 4002/457/4030 4003/459/3923
f 4203/232/4207 4253/285/4215 4251/221/4101
f 4201/291/4249 4249/287/4277 4247/288/4162
f 4282/169/3817 4193/283/4142 4190/260/3827
f 4075/296/4070 4089/326/4069 4174/325/4235
f 4033/487/3921 4037/424/4063 4068/488/4115
f 4139/336/4159 4169/331/4250 4168/337/4160
f 3864/447/4059 3826/449/3837 4011/448/3836
f 4132/348/4281 4159/352/4186 4131/350/4282
f 4132/348/4281 4162/349/4233 4160/353/4204
f 4163/374/4243 4134/347/4242 4133/346/4266
f 4243/161/4278 4222/159/4274 4185/299/4193
f 4075/172/4070 4088/329/4255 4280/277/3867
f 4247/288/4162 4246/290/4218 4199/289/4163
f 4276/275/4041 4086/180/4104 4274/178/4103
f 4090/397/4165 4091/315/4232 4179/316/4177
f 4033/487/3921 4014/497/3913 3876/425/3755
f 4241/168/3815 4282/169/3817 4283/282/3878
f 4235/184/3870 4270/274/3871 4234/186/3851
f 4209/242/4211 4263/284/4213 4208/241/4205
f 4193/283/4142 4217/259/4144 4190/260/3827
f 4195/292/4217 4246/290/4218 4198/293/4228
f 4026/482/4145 4025/484/4287 4031/483/4146
f 4243/161/4278 4185/299/4193 4184/306/4241
f 4081/371/3865 4131/350/4282 4158/372/4156
f 4092/391/4168 4146/311/4224 4093/389/4182
f 4131/350/4282 4159/352/4186 4157/351/4185
f 3882/412/3849 3883/414/4135 4036/413/4043
f 4182/304/4167 4189/303/4288 4183/302/4264
f 3871/433/3845 4063/436/3838 4062/435/3840
f 3879/419/4045 3880/417/3916 4032/420/3918
f 4149/382/4199 4199/289/4163 4148/384/4244
f 4047/466/4008 3995/465/3831 3999/467/3780
f 4102/322/4209 4119/258/4073 4173/321/4229
f 4141/327/4230 4171/328/4285 4140/330/4273
f 4105/385/4269 4196/230/4223 4147/364/4222
f 4043/518/3902 3992/522/3901 3990/517/4262
f 4207/239/4283 4259/205/4123 4206/236/3985
f 4227/212/4087 4254/271/4089 4226/214/4082
f 3855/478/3897 3986/477/3809 4042/479/4037
f 3873/429/3943 3951/431/4031 4065/430/4109
f 4259/205/4123 4227/212/4087 4257/213/4191
f 4244/157/4219 4242/158/4175 4287/281/4091
f 4148/384/4244 4199/289/4163 4195/292/4217
f 4174/325/4235 4142/380/4208 4101/320/4210
f 4166/341/4189 4167/339/4259 4115/250/4140
f 4138/338/4161 4168/337/4160 4167/339/4259
f 4247/288/4162 4223/223/4227 4246/290/4218
f 4075/172/4070 4280/277/3867 4192/279/4068
f 4161/373/3864 4132/348/4281 4081/371/3865
f 4176/379/4234 4142/380/4208 4174/325/4235
f 4171/328/4285 4117/255/4155 4169/331/4250
f 4087/295/4257 4278/276/3868 4088/329/4255
f 4221/226/4090 4244/157/4219 4287/281/4091
f 4110/240/4205 4209/242/4211 4208/241/4205
f 4110/240/4205 4207/239/4283 4109/238/4187
f 4114/246/4127 4211/247/4077 4113/249/4076
f 4147/364/4222 4125/362/4200 4105/385/4269
f 4244/157/4219 4182/304/4167 4183/302/4264
f 4135/344/4226 4164/345/4154 4134/347/4242
f 4016/504/3860 4013/500/3859 4017/501/3977
f 4145/314/4178 4091/315/4232 4076/393/4172
f 4262/200/3866 4229/204/4121 4230/203/4263
f 3807/470/3735 3857/468/4040 4046/515/3736
f 4127/358/4202 4128/356/4284 4155/359/4180
f 4150/365/4272 4077/366/4131 4126/363/4203
f 4175/324/4253 4100/261/4074 4102/322/4209
f 4137/340/4260 4166/341/4189 4136/342/4225
f 4083/376/4084 4137/340/4260 4136/342/4225
f 4088/329/4255 4278/276/3868 4280/277/3867
f 4082/375/4085 4135/344/4226 4134/347/4242
f 3994/462/3829 4050/512/3882 3996/461/4137
f 4027/532/3876 3973/534/3875 3974/533/4267
f 4212/248/4128 4269/190/3853 4211/247/4077
f 4191/165/4206 4281/166/4143 4193/283/4142
f 3986/477/3809 3989/476/4152 3987/520/3820
f 4178/317/4196 4122/265/4078 4121/264/4261
f 4128/356/4284 4156/357/4258 4155/359/4180
f 4255/219/4081 4225/220/4083 4253/285/4215
f 4240/170/3816 4191/165/4206 4193/283/4142
f 4030/493/3862 3976/536/4289 3975/535/4060
f 4237/177/4042 4275/181/3968 4277/176/3967
f 4272/194/3856 4084/195/3855 4083/187/4084
f 4074/395/4240 4098/387/4286 4094/388/4174
f 4149/382/4199 4200/383/4164 4199/289/4163
f 4105/385/4269 4195/292/4217 4196/230/4223
f 4164/345/4154 4165/343/4188 4113/249/4076
f 4123/267/4198 4180/313/4197 4146/311/4224
f 4223/223/4227 4248/269/4276 4245/229/4275
f 4132/348/4281 4160/353/4204 4159/352/4186
f 4172/297/4271 4141/327/4230 4140/330/4273
f 4223/223/4227 4245/229/4275 4198/293/4228
f 4125/362/4200 4152/360/4246 4151/381/4201
f 4163/374/4243 4133/346/4266 4161/373/3864
f 4165/343/4188 4114/246/4127 4113/249/4076
f 4192/171/4068 4284/280/4149 4089/173/4069
f 4172/297/4271 4140/330/4273 4170/333/4256
f 4131/350/4282 4157/351/4185 4130/355/4157
f 4104/409/4231 4085/410/3854 4086/335/4104
f 4021/496/3919 4033/487/3921 4068/488/4115
f 4140/330/4273 4171/328/4285 4169/331/4250
f 4141/327/4230 4173/321/4229 4171/328/4285
f 4137/340/4260 4167/339/4259 4166/341/4189
f 4207/239/4283 4261/207/4170 4259/205/4123
f 4160/353/4204 4162/349/4233 4111/243/3978
f 4159/352/4186 4160/353/4204 4110/240/4205
f 4026/482/4145 4072/491/3961 4073/495/4044
f 4127/358/4202 4154/361/4179 4152/360/4246
f 4066/428/3858 4067/427/3912 4013/500/3859
f 4128/356/4284 4129/354/4190 4156/357/4258
f 4286/162/4148 4090/398/4165 4284/280/4149
f 3870/437/3951 4062/435/3840 4061/438/4098
f 4202/286/4247 4249/287/4277 4201/291/4249
f 4242/158/4175 4243/161/4278 4286/162/4148
f 4015/503/4125 4066/428/3858 4016/504/3860
f 4051/509/3832 4002/457/4030 4007/510/3833
f 4222/159/4274 4183/302/4264 4185/299/4193
f 4075/296/4070 4172/297/4271 4088/408/4255
f 4196/230/4223 4198/293/4228 4245/229/4275
f 4030/493/3862 4031/483/4146 3977/537/4290
f 4224/222/4100 4248/269/4276 4223/223/4227
f 4262/200/3866 4158/208/4156 4260/272/4169
f 4258/209/4238 4079/210/4245 4256/218/4088
f 4182/304/4167 4194/227/4220 4103/225/4237
f 4093/389/4182 4146/311/4224 4124/396/4236
f 4156/357/4258 4107/234/3983 4106/231/4181
f 4175/324/4253 4120/262/3825 4100/261/4074
f 4171/328/4285 4118/256/4095 4117/255/4155
f 4183/302/4264 4189/303/4288 4187/301/4194
f 4101/320/4210 4102/322/4209 4173/321/4229
f 4078/368/3822 4079/369/4245 4129/354/4190
f 4161/373/3864 4133/346/4266 4132/348/4281
f 4236/182/4071 4273/183/4239 4275/181/3968
f 4095/386/4183 4098/387/4286 4097/390/4184
f 4093/389/4182 4124/396/4236 4095/386/4183
f 4149/382/4199 4201/291/4249 4200/383/4164
f 4156/357/4258 4106/231/4181 4155/359/4180
f 4115/250/4140 4214/252/3969 4213/251/4141
f 4083/376/4084 4135/344/4226 4082/375/4085
f 4170/333/4256 4139/336/4159 4104/332/4231
f 3863/450/4061 4010/452/3958 4008/451/4057
f 3862/453/3738 3863/450/4061 4008/451/4057
f 4213/251/4141 4271/185/4102 4212/248/4128
f 4078/368/3822 4128/356/4284 4127/358/4202
f 4265/202/4212 4230/203/4263 4263/284/4213
f 4202/286/4247 4251/221/4101 4249/287/4277
f 4196/230/4223 4195/292/4217 4198/293/4228
f 4019/505/3787 4012/499/3914 4014/497/3913
f 4148/384/4244 4195/292/4217 4105/385/4269
f 3805/475/4002 4043/518/3902 3990/517/4262
f 4182/304/4167 4186/305/4270 4189/303/4288
f 3996/461/4137 4050/512/3882 4049/511/3884
f 4162/349/4233 4112/245/3979 4111/243/3978
f 4166/341/4189 4115/250/4140 4114/246/4127
f 4084/377/3855 4138/338/4161 4137/340/4260
f 3995/465/3831 3997/464/4216 4049/511/3884
f 3872/432/4004 3873/429/3943 4065/430/4109
f 4184/306/4241 4076/307/4172 4243/161/4278
f 4270/274/3871 4233/191/3852 4234/186/3851
f 3888/633/4020 3805/475/4002 3887/670/3992
f 3851/599/3850 3915/643/3934 3916/647/3935
f 3854/600/3952 3839/645/3777 3915/643/3934
f 3917/651/4000 3842/638/3812 3841/743/3814
f 3835/659/4055 3828/605/4065 3834/690/3999
f 3817/623/3907 3822/662/3908 3896/661/4016
f 3895/663/3893 3817/623/3907 3818/624/3804
f 3893/664/3759 3810/627/3761 3892/729/3807
f 3803/671/4050 3804/674/4023 3806/675/3796
f 3892/729/3807 3814/628/3747 3816/665/3742
f 3796/682/4139 3913/641/4035 3795/678/4134
f 3844/650/3779 3791/689/4111 3787/685/3910
f 3790/687/3997 3846/640/3998 3789/745/4012
f 3785/683/3947 3836/653/3758 3784/692/4054
f 3899/660/4032 3769/699/4106 3770/694/4013
f 3904/614/3751 3774/703/4033 3775/702/3932
f 3832/656/3763 3767/707/3915 3768/748/3806
f 3767/707/3915 3763/657/3996 3780/708/3991
f 3824/713/3745 3761/720/4133 3757/717/3746
f 3742/723/4119 3889/632/3887 3749/725/4019
f 3897/622/4025 3760/716/4026 3761/720/4133
f 3894/667/4046 3753/731/4047 3758/749/4080
f 3753/731/4047 3892/729/3807 3752/728/3995
f 3806/675/3796 3740/722/4024 3741/750/3797
f 3885/637/3896 3736/735/4150 3737/752/4105
f 3735/739/3924 3800/673/3753 3734/753/4022
f 4212/248/4128 4271/185/4102 4269/190/3853
f 4048/514/3830 3940/584/3883 3939/581/3811
f 3985/523/3808 3920/591/3810 3919/596/3936
f 3992/522/3901 3934/587/3903 3928/577/4066
f 3853/603/3937 3877/423/3939 3849/644/3757
f 3908/611/3928 3871/433/3845 3907/697/3847
f 4281/166/4143 4279/174/4126 4216/257/4096
f 4267/192/3881 4232/193/3880 4231/198/4094
f 3861/456/3740 3817/623/3907 3819/621/4015
f 4242/158/4175 4222/159/4274 4243/161/4278
f 4024/492/3861 4072/491/3961 4026/482/4145
f 3990/517/4262 3989/476/4152 3805/475/4002
f 4038/418/3917 4070/489/3873 4032/420/3918
f 4039/481/3898 4041/480/4036 4040/742/4130
f 4023/490/4039 4038/418/3917 4071/486/3959
f 3857/468/4040 3998/469/4006 4046/515/3736
f 4276/275/4041 4274/178/4103 4236/182/4071
f 4268/188/4086 4266/196/4092 4232/193/3880
f 3805/475/4002 4044/474/3774 4043/518/3902
f 3995/465/3831 4047/466/4008 3858/463/3993
f 4270/274/3871 4268/188/4086 4233/191/3852
f 4262/200/3866 4260/272/4169 4229/204/4121
f 4027/532/3876 4024/492/3861 4029/538/3863
f 4122/265/4078 4123/267/4198 4221/226/4090
f 4116/253/4251 4117/255/4155 4215/254/4097
f 3996/461/4137 4049/511/3884 3997/464/4216
f 4221/226/4090 4194/227/4220 4244/157/4219
f 3822/662/3908 3755/714/3965 3756/719/4049
f 3950/502/4151 3967/560/4099 4065/430/4109
f 3949/563/4058 4009/564/3843 4053/454/3783
f 3951/431/4031 4015/503/4125 3950/502/4151
f 4051/509/3832 3941/562/3942 4005/516/3828
f 4045/471/3775 3929/576/4011 3936/578/3776
f 4043/518/3902 3935/580/3844 3934/587/3903
f 3993/472/3737 3937/579/4124 3929/576/4011
f 4000/582/3768 3931/574/3781 3999/467/3780
f 3984/524/3771 3925/593/3773 4042/479/4037
f 4214/252/3969 4275/181/3968 4273/183/4239
f 4213/251/4141 4273/183/4239 4271/185/4102
f 4082/189/4085 4163/197/4243 4266/196/4092
f 4266/196/4092 4163/197/4243 4161/199/3864
f 3865/506/3835 3827/618/3792 3901/617/3950
f 4017/501/3977 4012/499/3914 4018/540/3786
f 4254/271/4089 4252/216/3824 4225/220/4083
f 4228/206/4122 4258/209/4238 4256/218/4088
f 4026/482/4145 4073/495/4044 4025/484/4287
f 4252/216/3824 4250/270/4171 4224/222/4100
f 4260/272/4169 4258/209/4238 4228/206/4122
f 4284/278/4149 4192/171/4068 4240/170/3816
f 4192/279/4068 4280/277/3867 4239/167/4254
f 4236/182/4071 4274/178/4103 4272/194/3856
f 4264/273/4093 4262/200/3866 4230/203/4263
f 4119/258/4073 4217/259/4144 4216/257/4096
f 4120/262/3825 4121/264/4261 4219/263/3879
f 4115/250/4140 4116/253/4251 4214/252/3969
f 4224/222/4100 4250/270/4171 4248/269/4276
f 4106/231/4181 4204/233/4214 4203/232/4207
f 4018/540/3786 3970/544/3788 3969/542/4153
f 3988/519/3765 3989/476/4152 3991/521/3899
f 4010/452/3958 3957/545/4067 4055/507/4112
f 3990/517/4262 3991/521/3899 3989/476/4152
f 4022/526/4116 3981/527/4129 3980/529/4279
f 4022/526/4116 3979/528/4280 4021/496/3919
f 4027/532/3876 3974/533/4267 4028/494/4147
f 4110/240/4205 4208/241/4205 4207/239/4283
f 4028/494/4147 3978/539/4268 4070/489/3873
f 4030/493/3862 3977/537/4290 3976/536/4289
f 4110/240/4205 4111/243/3978 4209/242/4211
f 3999/467/3780 4001/513/3769 4000/582/3768
f 4107/234/3983 4205/235/4192 4204/233/4214
f 4109/238/4187 4207/239/4283 4206/236/3985
f 4244/157/4219 4222/159/4274 4242/158/4175
f 4005/516/3828 4003/459/3923 4051/509/3832
f 4002/457/4030 4051/509/3832 4003/459/3923
f 4052/508/4075 3943/567/4132 4007/510/3833
f 4016/504/3860 3968/541/3976 3955/559/4051
f 4062/435/3840 3963/552/4107 4061/438/4098
f 4103/225/4237 4194/227/4220 4221/226/4090
f 4057/446/3956 3953/556/4053 4011/448/3836
f 4060/440/4114 3961/554/4117 4059/442/4113
f 3949/563/4058 4055/507/4112 4054/565/3798
f 4251/221/4101 4224/222/4100 4223/223/4227
f 3954/558/4052 3950/502/4151 4015/503/4125
f 4197/228/4221 4196/230/4223 4245/229/4275
f 4259/205/4123 4228/206/4122 4227/212/4087
f 4258/209/4238 4080/211/4158 4079/210/4245
f 4236/182/4071 4235/184/3870 4273/183/4239
f 3848/601/3953 3879/419/4045 3850/602/4048
f 4230/203/4263 4229/204/4121 4261/207/4170
f 3911/606/3971 3876/425/3755 3875/426/3970
f 4262/200/3866 4081/201/3865 4158/208/4156
f 3909/610/3944 3872/432/4004 3908/611/3928
f 4256/218/4088 4079/210/4245 4078/215/3822
f 4257/213/4191 4227/212/4087 4226/214/4082
f 4006/572/3834 3946/571/3941 4051/509/3832
f 4158/208/4156 4080/211/4158 4258/209/4238
f 4000/582/3768 3933/583/3770 3932/586/4005
f 4265/202/4212 4231/198/4094 4230/203/4263
f 3984/524/3771 3919/596/3936 3918/595/3772
f 3864/447/4059 3825/619/3929 3900/695/3926
f 4238/175/3869 4237/177/4042 4277/176/3967
f 4191/165/4206 4239/167/4254 4281/166/4143
f 3863/450/4061 3825/619/3929 3864/447/4059
f 4239/167/4254 4238/175/3869 4279/174/4126
f 4242/158/4175 4241/164/3815 4285/163/3877
f 4091/160/4232 4286/162/4148 4243/161/4278
f 4290/7/4291 4326/9/4292 4327/8/4293
f 4347/10/4294 4348/12/4295 4293/11/4296
f 4296/13/4297 4345/15/4298 4346/14/4299
f 4343/16/4300 4344/18/4301 4297/17/4302
f 4341/19/4303 4342/21/4304 4299/20/4305
f 4300/22/4306 4299/20/4305 4301/23/4307
f 4367/24/4308 4368/26/4309 4303/25/4310
f 4304/27/4311 4303/25/4310 4305/28/4312
f 4306/29/4313 4305/28/4312 4307/30/4314
f 4339/31/4315 4340/33/4316 4309/32/4317
f 4310/34/4318 4309/32/4317 4311/35/4319
f 4312/36/4320 4311/35/4319 4313/37/4321
f 4314/38/4322 4313/37/4321 4315/39/4323
f 4318/40/4324 4316/41/4325 4315/39/4323
f 4320/42/4326 4318/40/4324 4317/43/4327
f 4322/44/4328 4320/42/4326 4319/45/4329
f 4324/46/4330 4322/44/4328 4321/47/4331
f 4360/48/4332 4341/19/4303 4300/22/4306
f 4417/49/4333 4339/31/4315 4310/34/4318
f 4318/40/4324 4320/42/4326 4335/50/4334
f 4289/51/4335 4325/53/4336 4365/52/4337
f 4325/53/4336 4291/55/4338 4352/54/4339
f 4345/15/4298 4296/13/4297 4357/56/4340
f 4363/57/4341 4304/27/4311 4306/29/4313
f 4314/38/4322 4316/41/4325 4333/58/4342
f 4328/59/4343 4290/7/4291 4327/8/4293
f 4326/9/4292 4292/61/4344 4354/60/4345
f 4338/62/4346 4327/8/4293 4289/51/4335
f 4361/63/4347 4300/22/4306 4302/64/4348
f 4330/65/4349 4310/34/4318 4312/36/4320
f 4320/42/4326 4322/44/4328 4336/66/4350
f 4291/55/4338 4326/9/4292 4353/67/4351
f 4358/68/4352 4343/16/4300 4298/69/4353
f 4306/29/4313 4308/71/4354 4418/70/4355
f 4316/41/4325 4318/40/4324 4334/72/4356
f 4355/73/4357 4347/10/4294 4294/74/4358
f 4362/75/4359 4367/24/4308 4304/27/4311
f 4331/76/4360 4312/36/4320 4314/38/4322
f 4336/66/4350 4322/44/4328 4324/46/4330
f 4308/71/4354 4339/31/4315 4417/49/4333
f 4308/71/4354 4307/30/4314 4340/33/4316
f 4359/77/4361 4298/69/4353 4341/19/4303
f 4341/19/4303 4298/69/4353 4297/17/4302
f 4296/13/4297 4343/16/4300 4358/68/4352
f 4343/16/4300 4296/13/4297 4295/78/4362
f 4294/74/4358 4345/15/4298 4364/79/4363
f 4294/74/4358 4293/11/4296 4346/14/4299
f 4354/60/4345 4292/61/4344 4347/10/4294
f 4347/10/4294 4292/61/4344 4290/7/4291
f 4344/18/4301 4338/81/4346 4351/80/4364
f 4340/33/4316 4307/30/4314 4356/82/4365
f 4307/30/4314 4305/28/4312 4355/83/4357
f 4346/14/4299 4293/11/4296 4350/84/4366
f 4315/39/4323 4360/86/4332 4361/85/4347
f 4293/11/4296 4348/12/4295 4366/87/4367
f 4368/26/4309 4353/89/4351 4354/88/4345
f 4313/37/4321 4311/35/4319 4358/90/4352
f 4321/47/4331 4362/92/4359 4363/91/4341
f 4295/78/4362 4338/81/4346 4344/18/4301
f 4299/20/4305 4342/21/4304 4365/93/4337
f 4309/32/4317 4340/33/4316 4364/94/4363
f 4317/43/4327 4361/85/4347 4329/95/4368
f 4295/78/4362 4346/14/4299 4328/96/4343
f 4305/28/4312 4303/25/4310 4354/88/4345
f 4313/37/4321 4359/97/4361 4360/86/4332
f 4342/21/4304 4297/17/4302 4351/80/4364
f 4348/12/4295 4290/7/4291 4349/98/4369
f 4328/59/4343 4350/99/4366 4349/98/4369
f 4301/23/4307 4299/20/4305 4352/100/4339
f 4311/35/4319 4309/32/4317 4357/101/4340
f 4321/47/4331 4319/45/4329 4329/95/4368
f 4301/23/4307 4353/89/4351 4368/26/4309
f 4329/102/4368 4302/64/4348 4367/24/4308
f 4367/24/4308 4302/64/4348 4301/23/4307
f 4366/87/4367 4349/98/4369 4350/99/4366
f 4371/103/4370 4369/105/4371 4370/104/4372
f 4373/106/4373 4371/103/4370 4372/107/4374
f 4323/108/4375 4391/110/4376 4397/109/4377
f 4391/110/4376 4390/112/4378 4396/111/4379
f 4390/112/4378 4389/114/4380 4395/113/4381
f 4389/114/4380 4388/116/4382 4394/115/4383
f 4388/116/4382 4387/118/4384 4393/117/4385
f 4387/118/4384 4386/120/4386 4385/119/4387
f 4383/121/4388 4382/123/4389 4381/122/4390
f 4378/124/4391 4381/122/4390 4380/125/4392
f 4378/124/4391 4377/126/4393 4381/122/4390
f 4381/122/4390 4377/126/4393 4384/127/4394
f 4373/106/4373 4377/126/4393 4376/128/4395
f 4373/106/4373 4374/129/4396 4377/126/4393
f 4392/130/4397 4377/126/4393 4374/129/4396
f 4377/126/4393 4392/130/4397 4384/127/4394
f 4385/119/4387 4384/127/4394 4392/130/4397
f 4324/46/4330 4397/109/4377 4425/131/4398
f 4414/132/4399 4385/119/4387 4386/120/4386
f 4371/103/4370 4373/106/4373 4402/133/4400
f 4415/134/4401 4386/120/4386 4387/118/4384
f 4374/129/4396 4372/107/4374 4401/135/4402
f 4387/118/4384 4388/116/4382 4417/136/4333
f 4402/133/4400 4373/106/4373 4375/137/4403
f 4417/136/4333 4388/116/4382 4389/114/4380
f 4389/114/4380 4390/112/4378 4418/138/4355
f 4376/128/4395 4377/126/4393 4406/139/4404
f 4418/138/4355 4390/112/4378 4391/110/4376
f 4406/139/4404 4377/126/4393 4378/124/4391
f 4419/140/4405 4391/110/4376 4323/108/4375
f 4407/141/4406 4378/124/4391 4379/142/4407
f 4392/130/4397 4374/129/4396 4403/143/4408
f 4408/144/4409 4379/142/4407 4380/125/4392
f 4393/117/4385 4392/130/4397 4420/145/4410
f 4380/125/4392 4381/122/4390 4410/146/4411
f 4398/147/4412 4369/105/4371 4371/103/4370
f 4394/115/4383 4393/117/4385 4421/148/4413
f 4410/146/4411 4381/122/4390 4382/123/4389
f 4399/149/4414 4370/104/4372 4369/105/4371
f 4395/113/4381 4394/115/4383 4422/150/4415
f 4382/123/4389 4383/121/4388 4412/151/4416
f 4372/107/4374 4370/104/4372 4399/149/4414
f 4396/111/4379 4395/113/4381 4423/152/4417
f 4383/121/4388 4384/127/4394 4413/153/4418
f 4397/109/4377 4396/111/4379 4424/154/4419
f 4384/127/4394 4385/119/4387 4414/132/4399
f 4376/128/4395 4405/156/4420 4404/155/4421
f 4327/8/4293 4326/9/4292 4289/51/4335
f 4289/51/4335 4291/55/4338 4325/53/4336
f 4326/9/4292 4291/55/4338 4289/51/4335
f 4326/9/4292 4290/7/4291 4292/61/4344
f 4347/10/4294 4293/11/4296 4294/74/4358
f 4296/13/4297 4346/14/4299 4295/78/4362
f 4343/16/4300 4297/17/4302 4298/69/4353
f 4341/19/4303 4299/20/4305 4300/22/4306
f 4300/22/4306 4301/23/4307 4302/64/4348
f 4367/24/4308 4303/25/4310 4304/27/4311
f 4304/27/4311 4305/28/4312 4306/29/4313
f 4306/29/4313 4307/30/4314 4308/71/4354
f 4339/31/4315 4309/32/4317 4310/34/4318
f 4310/34/4318 4311/35/4319 4312/36/4320
f 4312/36/4320 4313/37/4321 4314/38/4322
f 4314/38/4322 4315/39/4323 4316/41/4325
f 4318/40/4324 4315/39/4323 4317/43/4327
f 4320/42/4326 4317/43/4327 4319/45/4329
f 4322/44/4328 4319/45/4329 4321/47/4331
f 4324/46/4330 4321/47/4331 4323/108/4375
f 4360/48/4332 4300/22/4306 4361/63/4347
f 4417/49/4333 4310/34/4318 4330/65/4349
f 4318/40/4324 4335/50/4334 4334/72/4356
f 4289/51/4335 4365/52/4337 4351/399/4364
f 4325/53/4336 4352/54/4339 4365/52/4337
f 4345/15/4298 4357/56/4340 4364/79/4363
f 4363/57/4341 4306/29/4313 4419/400/4405
f 4314/38/4322 4333/58/4342 4332/401/4422
f 4328/59/4343 4327/8/4293 4338/62/4346
f 4326/9/4292 4354/60/4345 4353/67/4351
f 4338/62/4346 4289/51/4335 4351/399/4364
f 4361/63/4347 4302/64/4348 4329/102/4368
f 4330/65/4349 4312/36/4320 4331/76/4360
f 4320/42/4326 4336/66/4350 4335/50/4334
f 4291/55/4338 4353/67/4351 4352/54/4339
f 4358/68/4352 4298/69/4353 4359/77/4361
f 4306/29/4313 4418/70/4355 4419/400/4405
f 4316/41/4325 4334/72/4356 4333/58/4342
f 4355/73/4357 4294/74/4358 4356/402/4365
f 4362/75/4359 4304/27/4311 4363/57/4341
f 4331/76/4360 4314/38/4322 4332/401/4422
f 4336/66/4350 4324/46/4330 4337/403/4423
f 4308/71/4354 4417/49/4333 4418/70/4355
f 4308/71/4354 4340/33/4316 4339/31/4315
f 4359/77/4361 4341/19/4303 4360/48/4332
f 4341/19/4303 4297/17/4302 4342/21/4304
f 4296/13/4297 4358/68/4352 4357/56/4340
f 4343/16/4300 4295/78/4362 4344/18/4301
f 4294/74/4358 4364/79/4363 4356/402/4365
f 4294/74/4358 4346/14/4299 4345/15/4298
f 4354/60/4345 4347/10/4294 4355/73/4357
f 4347/10/4294 4290/7/4291 4348/12/4295
f 4344/18/4301 4351/80/4364 4297/17/4302
f 4340/33/4316 4356/82/4365 4364/94/4363
f 4307/30/4314 4355/83/4357 4356/82/4365
f 4346/14/4299 4350/84/4366 4328/96/4343
f 4315/39/4323 4361/85/4347 4317/43/4327
f 4293/11/4296 4366/87/4367 4350/84/4366
f 4368/26/4309 4354/88/4345 4303/25/4310
f 4313/37/4321 4358/90/4352 4359/97/4361
f 4321/47/4331 4363/91/4341 4323/108/4375
f 4299/20/4305 4365/93/4337 4352/100/4339
f 4309/32/4317 4364/94/4363 4357/101/4340
f 4317/43/4327 4329/95/4368 4319/45/4329
f 4295/78/4362 4328/96/4343 4338/81/4346
f 4305/28/4312 4354/88/4345 4355/83/4357
f 4313/37/4321 4360/86/4332 4315/39/4323
f 4342/21/4304 4351/80/4364 4365/93/4337
f 4348/12/4295 4349/98/4369 4366/87/4367
f 4328/59/4343 4349/98/4369 4290/7/4291
f 4301/23/4307 4352/100/4339 4353/89/4351
f 4311/35/4319 4357/101/4340 4358/90/4352
f 4321/47/4331 4329/95/4368 4362/92/4359
f 4329/102/4368 4367/24/4308 4362/75/4359
f 4367/24/4308 4301/23/4307 4368/26/4309
f 4371/103/4370 4370/104/4372 4372/107/4374
f 4373/106/4373 4372/107/4374 4374/129/4396
f 4323/108/4375 4397/109/4377 4324/46/4330
f 4391/110/4376 4396/111/4379 4397/109/4377
f 4390/112/4378 4395/113/4381 4396/111/4379
f 4389/114/4380 4394/115/4383 4395/113/4381
f 4388/116/4382 4393/117/4385 4394/115/4383
f 4387/118/4384 4385/119/4387 4393/117/4385
f 4383/121/4388 4381/122/4390 4384/127/4394
f 4378/124/4391 4380/125/4392 4379/142/4407
f 4373/106/4373 4376/128/4395 4375/137/4403
f 4385/119/4387 4392/130/4397 4393/117/4385
f 4324/46/4330 4425/131/4398 4337/403/4423
f 4414/132/4399 4386/120/4386 4415/134/4401
f 4371/103/4370 4402/133/4400 4400/404/4424
f 4415/134/4401 4387/118/4384 4416/405/4425
f 4374/129/4396 4401/135/4402 4403/143/4408
f 4387/118/4384 4417/136/4333 4416/405/4425
f 4402/133/4400 4375/137/4403 4404/155/4421
f 4417/136/4333 4389/114/4380 4418/138/4355
f 4376/128/4395 4406/139/4404 4405/156/4420
f 4418/138/4355 4391/110/4376 4419/140/4405
f 4406/139/4404 4378/124/4391 4407/141/4406
f 4419/140/4405 4323/108/4375 4363/91/4341
f 4407/141/4406 4379/142/4407 4408/144/4409
f 4392/130/4397 4403/143/4408 4420/145/4410
f 4408/144/4409 4380/125/4392 4409/406/4426
f 4393/117/4385 4420/145/4410 4421/148/4413
f 4380/125/4392 4410/146/4411 4409/406/4426
f 4398/147/4412 4371/103/4370 4400/404/4424
f 4394/115/4383 4421/148/4413 4422/150/4415
f 4410/146/4411 4382/123/4389 4411/407/4427
f 4399/149/4414 4369/105/4371 4398/147/4412
f 4395/113/4381 4422/150/4415 4423/152/4417
f 4382/123/4389 4412/151/4416 4411/407/4427
f 4372/107/4374 4399/149/4414 4401/135/4402
f 4396/111/4379 4423/152/4417 4424/154/4419
f 4383/121/4388 4413/153/4418 4412/151/4416
f 4397/109/4377 4424/154/4419 4425/131/4398
f 4384/127/4394 4414/132/4399 4413/153/4418
f 4376/128/4395 4404/155/4421 4375/137/4403
