# Blender 5.0.1
# www.blender.org
mtllib vintage_oil_lamp_1k.mtl
o vintage_oil_lamp
v -0.000000 0.084458 -0.072001
v -0.014047 0.084458 -0.070617
v -0.027553 0.084458 -0.066520
v -0.040001 0.084458 -0.059866
v -0.050912 0.084458 -0.050912
v -0.059866 0.084458 -0.040001
v -0.066520 0.084458 -0.027553
v -0.070617 0.084458 -0.014047
v -0.072001 0.084458 -0.000000
v -0.070617 0.084458 0.014047
v -0.066520 0.084458 0.027553
v -0.059866 0.084458 0.040001
v -0.050912 0.084458 0.050912
v -0.040001 0.084458 0.059866
v -0.027553 0.084458 0.066520
v -0.014047 0.084458 0.070617
v -0.000000 0.084458 0.072001
v 0.014047 0.084458 0.070617
v 0.027553 0.084458 0.066520
v 0.040001 0.084458 0.059866
v 0.050912 0.084458 0.050912
v 0.059866 0.084458 0.040001
v 0.066520 0.084458 0.027553
v 0.070617 0.084458 0.014047
v 0.072001 0.084458 -0.000000
v 0.070617 0.084458 -0.014047
v 0.066520 0.084458 -0.027553
v 0.059866 0.084458 -0.040001
v 0.050912 0.084458 -0.050912
v 0.040001 0.084458 -0.059866
v 0.027553 0.084458 -0.066520
v 0.014047 0.084458 -0.070617
v -0.004401 0.121416 0.022125
v -0.004419 0.118280 0.022214
v -0.008633 0.121416 0.020841
v -0.008667 0.118280 0.020925
v -0.012533 0.121416 0.018757
v -0.012583 0.118280 0.018832
v -0.015951 0.121416 0.015951
v -0.016015 0.118280 0.016015
v -0.018757 0.121416 0.012533
v -0.018832 0.118280 0.012583
v -0.020841 0.121416 0.008633
v -0.020925 0.118280 0.008667
v -0.022125 0.121416 0.004401
v -0.022214 0.118280 0.004419
v -0.022558 0.121416 0.000000
v -0.022649 0.118280 0.000000
v -0.022125 0.121416 -0.004401
v -0.022214 0.118280 -0.004419
v -0.020841 0.121416 -0.008633
v -0.020925 0.118280 -0.008667
v -0.018757 0.121416 -0.012533
v -0.018832 0.118280 -0.012583
v -0.015951 0.121416 -0.015951
v -0.016015 0.118280 -0.016015
v -0.012533 0.121416 -0.018757
v -0.012583 0.118280 -0.018832
v -0.008633 0.121416 -0.020841
v -0.008667 0.118280 -0.020925
v -0.000000 0.118280 -0.022649
v -0.000000 0.121416 -0.022558
v -0.004401 0.121416 -0.022125
v -0.004419 0.118280 -0.022214
v -0.000000 0.147006 -0.021600
v -0.004214 0.147006 -0.021185
v -0.008266 0.147006 -0.019956
v -0.012000 0.147006 -0.017960
v -0.015274 0.147006 -0.015274
v -0.017960 0.147006 -0.012000
v -0.019956 0.147006 -0.008266
v -0.021185 0.147006 -0.004214
v -0.021600 0.147006 0.000000
v -0.021185 0.147006 0.004214
v -0.019956 0.147006 0.008266
v -0.017960 0.147006 0.012000
v -0.015274 0.147006 0.015274
v -0.012000 0.147006 0.017960
v -0.008266 0.147006 0.019956
v -0.004214 0.147006 0.021185
v -0.000000 0.147006 0.021600
v 0.004214 0.147006 0.021185
v 0.008266 0.147006 0.019956
v 0.012000 0.147006 0.017960
v 0.015274 0.147006 0.015274
v 0.017960 0.147006 0.012000
v 0.019956 0.147006 0.008266
v 0.021185 0.147006 0.004214
v 0.021600 0.147006 0.000000
v 0.021185 0.147006 -0.004214
v 0.019956 0.147006 -0.008266
v 0.017960 0.147006 -0.012000
v 0.015274 0.147006 -0.015274
v 0.012000 0.147006 -0.017960
v 0.008266 0.147006 -0.019956
v 0.004214 0.147006 -0.021185
v -0.000000 0.150648 -0.021600
v -0.004214 0.150648 -0.021185
v -0.008266 0.150648 -0.019956
v -0.012000 0.150648 -0.017960
v -0.015274 0.150648 -0.015274
v -0.017960 0.150648 -0.012000
v -0.019956 0.150648 -0.008266
v -0.021185 0.150648 -0.004214
v -0.021600 0.150648 0.000000
v -0.021185 0.150648 0.004214
v -0.019956 0.150648 0.008266
v -0.017960 0.150648 0.012000
v -0.015274 0.150648 0.015274
v -0.012000 0.150648 0.017960
v -0.008266 0.150648 0.019956
v -0.004214 0.150648 0.021185
v -0.000000 0.150648 0.021600
v 0.004214 0.150648 0.021185
v 0.008266 0.150648 0.019956
v 0.012000 0.150648 0.017960
v 0.015274 0.150648 0.015274
v 0.017960 0.150648 0.012000
v 0.019956 0.150648 0.008266
v 0.021185 0.150648 0.004214
v 0.021600 0.150648 0.000000
v 0.021185 0.150648 -0.004214
v 0.019956 0.150648 -0.008266
v 0.017960 0.150648 -0.012000
v 0.015274 0.150648 -0.015274
v 0.012000 0.150648 -0.017960
v 0.008266 0.150648 -0.019956
v 0.004214 0.150648 -0.021185
v -0.000000 0.156230 -0.021600
v -0.004214 0.156230 -0.021185
v -0.008266 0.156230 -0.019956
v -0.012000 0.156230 -0.017960
v -0.015274 0.156230 -0.015274
v -0.017960 0.156230 -0.012000
v -0.019956 0.156230 -0.008266
v -0.021185 0.156230 -0.004214
v -0.021600 0.156230 0.000000
v -0.021185 0.156230 0.004214
v -0.019956 0.156230 0.008266
v -0.017960 0.156230 0.012000
v -0.015274 0.156230 0.015274
v -0.012000 0.156230 0.017960
v -0.008266 0.156230 0.019956
v -0.004214 0.156230 0.021185
v -0.000000 0.156230 0.021600
v 0.004214 0.156230 0.021185
v 0.008266 0.156230 0.019956
v 0.012000 0.156230 0.017960
v 0.015274 0.156230 0.015274
v 0.017960 0.156230 0.012000
v 0.019956 0.156230 0.008266
v 0.021185 0.156230 0.004214
v 0.021600 0.156230 0.000000
v 0.021185 0.156230 -0.004214
v 0.019956 0.156230 -0.008266
v 0.017960 0.156230 -0.012000
v 0.015274 0.156230 -0.015274
v 0.012000 0.156230 -0.017960
v 0.008266 0.156230 -0.019956
v 0.004214 0.156230 -0.021185
v 0.004469 0.147684 -0.022467
v 0.008766 0.147684 -0.021164
v 0.012727 0.147684 -0.019047
v 0.016198 0.147684 -0.016198
v 0.019047 0.147684 -0.012727
v 0.021164 0.147684 -0.008766
v 0.022467 0.147684 -0.004469
v 0.022907 0.147684 0.000000
v 0.022467 0.147684 0.004469
v 0.021164 0.147684 0.008766
v 0.019047 0.147684 0.012727
v 0.016198 0.147684 0.016198
v 0.012727 0.147684 0.019047
v 0.008766 0.147684 0.021164
v 0.004469 0.147684 0.022467
v -0.000000 0.147684 0.022907
v -0.004469 0.147684 0.022467
v -0.008766 0.147684 0.021164
v -0.012727 0.147684 0.019047
v -0.016198 0.147684 0.016198
v -0.019047 0.147684 0.012727
v -0.021164 0.147684 0.008766
v -0.022467 0.147684 0.004469
v -0.022907 0.147684 0.000000
v -0.022467 0.147684 -0.004469
v -0.021164 0.147684 -0.008766
v 0.000000 0.359234 -0.050420
v 0.000000 0.356561 -0.050420
v 0.009837 0.356561 -0.049451
v 0.019295 0.356561 -0.046582
v 0.028012 0.356561 -0.041923
v 0.035653 0.356561 -0.035652
v 0.041923 0.356561 -0.028012
v 0.046582 0.356561 -0.019295
v 0.049452 0.356561 -0.009836
v 0.050420 0.356561 0.000000
v 0.049452 0.356561 0.009837
v 0.046582 0.356561 0.019295
v 0.041923 0.356561 0.028012
v 0.035653 0.356561 0.035653
v 0.028012 0.356561 0.041923
v 0.019295 0.356561 0.046582
v 0.009837 0.356561 0.049451
v 0.000000 0.356561 0.050420
v -0.009836 0.356561 0.049451
v -0.019295 0.356561 0.046582
v -0.028012 0.356561 0.041923
v -0.035652 0.356561 0.035653
v -0.041923 0.356561 0.028012
v -0.046582 0.356561 0.019295
v -0.049451 0.356561 0.009837
v -0.019047 0.147684 -0.012727
v -0.050420 0.356561 0.000000
v -0.049451 0.356561 -0.009836
v -0.046582 0.356561 -0.019295
v -0.041923 0.356561 -0.028012
v -0.035652 0.356561 -0.035652
v -0.028012 0.356561 -0.041923
v -0.019295 0.356561 -0.046582
v -0.009836 0.356561 -0.049451
v -0.016198 0.147684 -0.016198
v -0.012727 0.147684 -0.019047
v -0.008766 0.147684 -0.021164
v -0.000000 0.147684 -0.022907
v -0.004469 0.147684 -0.022467
v 0.011189 0.176070 -0.056253
v 0.021949 0.176070 -0.052989
v 0.031865 0.176070 -0.047689
v 0.040556 0.176070 -0.040556
v 0.047689 0.176070 -0.031864
v 0.052989 0.176070 -0.021949
v 0.056253 0.176070 -0.011189
v 0.057355 0.176070 0.000000
v 0.056253 0.176070 0.011189
v 0.052989 0.176070 0.021949
v 0.047689 0.176070 0.031865
v 0.040556 0.176070 0.040556
v 0.031865 0.176070 0.047689
v 0.021949 0.176070 0.052989
v 0.011189 0.176070 0.056253
v 0.000000 0.176070 0.057355
v -0.011189 0.176070 0.056253
v -0.021949 0.176070 0.052989
v -0.031864 0.176070 0.047689
v -0.040556 0.176070 0.040556
v -0.047689 0.176070 0.031864
v -0.052989 0.176070 0.021949
v -0.056252 0.176070 0.011189
v -0.057355 0.176070 -0.000000
v -0.056252 0.176070 -0.011189
v -0.052989 0.176070 -0.021949
v -0.047688 0.176070 -0.031864
v -0.040556 0.176070 -0.040556
v -0.031864 0.176070 -0.047689
v -0.021949 0.176070 -0.052989
v -0.011189 0.176070 -0.056252
v 0.000000 0.176070 -0.057354
v 0.009837 0.359234 -0.049451
v 0.019295 0.359234 -0.046582
v 0.028012 0.359234 -0.041923
v 0.035653 0.359234 -0.035652
v 0.041923 0.359234 -0.028012
v 0.046582 0.359234 -0.019295
v 0.049452 0.359234 -0.009836
v 0.050420 0.359234 0.000000
v 0.049452 0.359234 0.009837
v 0.046582 0.359234 0.019295
v 0.041923 0.359234 0.028012
v 0.035653 0.359234 0.035653
v 0.028012 0.359234 0.041923
v 0.019295 0.359234 0.046582
v 0.009837 0.359234 0.049451
v 0.000000 0.359234 0.050420
v -0.009836 0.359234 0.049451
v -0.019295 0.359234 0.046582
v -0.028012 0.359234 0.041923
v -0.035652 0.359234 0.035653
v -0.041923 0.359234 0.028012
v -0.046582 0.359234 0.019295
v -0.049451 0.359234 0.009837
v -0.050420 0.359234 0.000000
v -0.049451 0.359234 -0.009836
v -0.046582 0.359234 -0.019295
v -0.041923 0.359234 -0.028012
v -0.035652 0.359234 -0.035652
v -0.028012 0.359234 -0.041923
v -0.019295 0.359234 -0.046582
v -0.009836 0.359234 -0.049451
v 0.000000 0.369095 -0.022877
v 0.004463 0.369095 -0.022437
v 0.008755 0.369095 -0.021135
v 0.012710 0.369095 -0.019021
v 0.016176 0.369095 -0.016176
v 0.019021 0.369095 -0.012710
v 0.021135 0.369095 -0.008754
v 0.022437 0.369095 -0.004463
v 0.022877 0.369095 0.000000
v 0.022437 0.369095 0.004463
v 0.021135 0.369095 0.008755
v 0.019021 0.369095 0.012710
v 0.016176 0.369095 0.016176
v 0.012710 0.369095 0.019021
v 0.008755 0.369095 0.021135
v 0.004463 0.369095 0.022437
v 0.000000 0.369095 0.022877
v -0.004463 0.369095 0.022437
v -0.008754 0.369095 0.021135
v -0.012709 0.369095 0.019021
v -0.016176 0.369095 0.016176
v -0.019021 0.369095 0.012710
v -0.021135 0.369095 0.008755
v -0.022437 0.369095 0.004463
v -0.022877 0.369095 0.000000
v -0.022437 0.369095 -0.004463
v -0.021135 0.369095 -0.008754
v -0.019021 0.369095 -0.012710
v -0.016176 0.369095 -0.016176
v -0.012709 0.369095 -0.019021
v -0.008754 0.369095 -0.021135
v -0.004463 0.369095 -0.022437
v 0.000000 0.370398 -0.022877
v 0.004463 0.370398 -0.022437
v 0.008755 0.370398 -0.021135
v 0.012710 0.370398 -0.019021
v 0.016176 0.370398 -0.016176
v 0.019021 0.370398 -0.012710
v 0.021135 0.370398 -0.008754
v 0.022437 0.370398 -0.004463
v 0.022877 0.370398 0.000000
v 0.022437 0.370398 0.004463
v 0.021135 0.370398 0.008755
v 0.019021 0.370398 0.012710
v 0.016176 0.370398 0.016176
v 0.012710 0.370398 0.019021
v 0.008755 0.370398 0.021135
v 0.004463 0.370398 0.022437
v 0.000000 0.370398 0.022877
v -0.004463 0.370398 0.022437
v -0.008754 0.370398 0.021135
v -0.012709 0.370398 0.019021
v -0.016176 0.370398 0.016176
v -0.019021 0.370398 0.012710
v -0.021135 0.370398 0.008755
v -0.022437 0.370398 0.004463
v -0.022877 0.370398 0.000000
v -0.022437 0.370398 -0.004463
v -0.021135 0.370398 -0.008754
v -0.019021 0.370398 -0.012710
v -0.016176 0.370398 -0.016176
v -0.012709 0.370398 -0.019021
v -0.008754 0.370398 -0.021135
v -0.004463 0.370398 -0.022437
v 0.000000 0.376908 -0.018025
v 0.003517 0.376908 -0.017679
v 0.006898 0.376908 -0.016653
v 0.010014 0.376908 -0.014988
v 0.012746 0.376908 -0.012746
v 0.014988 0.376908 -0.010014
v 0.016653 0.376908 -0.006898
v 0.017679 0.376908 -0.003517
v 0.018025 0.376908 0.000000
v 0.017679 0.376908 0.003517
v 0.016653 0.376908 0.006898
v 0.014988 0.376908 0.010014
v 0.012746 0.376908 0.012746
v 0.010014 0.376908 0.014988
v 0.006898 0.376908 0.016653
v 0.003517 0.376908 0.017679
v 0.000000 0.376908 0.018025
v -0.003517 0.376908 0.017679
v -0.006898 0.376908 0.016653
v -0.010014 0.376908 0.014988
v -0.012746 0.376908 0.012746
v -0.014987 0.376908 0.010014
v -0.016653 0.376908 0.006898
v -0.017679 0.376908 0.003517
v -0.018025 0.376908 0.000000
v -0.017679 0.376908 -0.003517
v -0.016653 0.376908 -0.006898
v -0.014987 0.376908 -0.010014
v -0.012746 0.376908 -0.012746
v -0.010014 0.376908 -0.014988
v -0.006898 0.376908 -0.016653
v -0.003516 0.376908 -0.017679
v 0.000000 0.388337 -0.018025
v 0.003517 0.388337 -0.017679
v 0.006898 0.388337 -0.016653
v 0.010014 0.388337 -0.014988
v 0.012746 0.388337 -0.012746
v 0.014988 0.388337 -0.010014
v 0.016653 0.388337 -0.006898
v 0.017679 0.388337 -0.003517
v 0.018025 0.388337 0.000000
v 0.017679 0.388337 0.003517
v 0.016653 0.388337 0.006898
v 0.014988 0.388337 0.010014
v 0.012746 0.388337 0.012746
v 0.010014 0.388337 0.014988
v 0.006898 0.388337 0.016653
v 0.003517 0.388337 0.017679
v 0.000000 0.388337 0.018025
v -0.003517 0.388337 0.017679
v -0.006898 0.388337 0.016653
v -0.010014 0.388337 0.014988
v -0.012746 0.388337 0.012746
v -0.014987 0.388337 0.010014
v -0.016653 0.388337 0.006898
v -0.017679 0.388337 0.003517
v -0.018025 0.388337 0.000000
v -0.017679 0.388337 -0.003517
v -0.016653 0.388337 -0.006898
v -0.014987 0.388337 -0.010014
v -0.012746 0.388337 -0.012746
v -0.010014 0.388337 -0.014988
v -0.006898 0.388337 -0.016653
v -0.003516 0.388337 -0.017679
v 0.000000 0.406436 -0.026435
v 0.005157 0.406436 -0.025927
v 0.010116 0.406436 -0.024423
v 0.014687 0.406436 -0.021980
v 0.018692 0.406436 -0.018692
v 0.021980 0.406436 -0.014686
v 0.024423 0.406436 -0.010116
v 0.025927 0.406436 -0.005157
v 0.026435 0.406436 0.000000
v 0.025927 0.406436 0.005157
v 0.024423 0.406436 0.010116
v 0.021980 0.406436 0.014687
v 0.018692 0.406436 0.018692
v 0.014687 0.406436 0.021980
v 0.010116 0.406436 0.024423
v 0.005157 0.406436 0.025927
v 0.000000 0.406436 0.026435
v -0.005157 0.406436 0.025927
v -0.010116 0.406436 0.024423
v -0.014686 0.406436 0.021980
v -0.018692 0.406436 0.018692
v -0.021980 0.406436 0.014687
v -0.024423 0.406436 0.010116
v -0.025927 0.406436 0.005157
v -0.026435 0.406436 0.000000
v -0.025927 0.406436 -0.005157
v -0.024423 0.406436 -0.010116
v -0.021980 0.406436 -0.014686
v -0.018692 0.406436 -0.018692
v -0.014686 0.406436 -0.021980
v -0.010116 0.406436 -0.024423
v -0.005157 0.406436 -0.025927
v 0.014687 0.405375 0.021980
v -0.010116 0.405375 -0.024423
v -0.025927 0.405375 -0.005157
v -0.005157 0.405375 0.025927
v 0.000000 0.405375 0.026435
v -0.014686 0.405375 0.021980
v -0.010116 0.405375 0.024423
v 0.014687 0.405375 -0.021980
v 0.021980 0.405375 -0.014686
v 0.018692 0.405375 -0.018692
v -0.021980 0.405375 -0.014686
v -0.024423 0.405375 -0.010116
v -0.021980 0.405375 0.014687
v -0.018692 0.405375 0.018692
v 0.025927 0.405375 -0.005157
v 0.024423 0.405375 -0.010116
v -0.026435 0.405375 0.000000
v 0.026435 0.405375 0.000000
v 0.010116 0.405375 -0.024423
v 0.005157 0.405375 -0.025927
v -0.014686 0.405375 -0.021980
v -0.018692 0.405375 -0.018692
v 0.005157 0.405375 0.025927
v 0.010116 0.405375 0.024423
v 0.018692 0.405375 0.018692
v 0.021980 0.405375 0.014687
v 0.000000 0.405375 -0.026435
v -0.005157 0.405375 -0.025927
v 0.024423 0.405375 0.010116
v 0.025927 0.405375 0.005157
v -0.025927 0.405375 0.005157
v -0.024423 0.405375 0.010116
v 0.000000 0.430432 -0.016176
v 0.003156 0.430432 -0.015866
v 0.006191 0.430432 -0.014945
v 0.008987 0.430432 -0.013450
v 0.011439 0.430432 -0.011438
v 0.013450 0.430432 -0.008987
v 0.014945 0.430432 -0.006190
v 0.015866 0.430432 -0.003156
v 0.016177 0.430432 0.000000
v 0.015866 0.430432 0.003156
v 0.014945 0.430432 0.006191
v 0.013450 0.430432 0.008987
v 0.011439 0.430432 0.011439
v 0.008987 0.430432 0.013450
v 0.006191 0.430432 0.014945
v 0.003156 0.430432 0.015866
v 0.000000 0.430432 0.016177
v -0.003156 0.430432 0.015866
v -0.006190 0.430432 0.014945
v -0.008987 0.430432 0.013450
v -0.011438 0.430432 0.011439
v -0.013450 0.430432 0.008987
v -0.014945 0.430432 0.006191
v -0.015866 0.430432 0.003156
v -0.016176 0.430432 0.000000
v -0.015866 0.430432 -0.003156
v -0.014945 0.430432 -0.006190
v -0.013450 0.430432 -0.008987
v -0.011438 0.430432 -0.011438
v -0.008987 0.430432 -0.013450
v -0.006190 0.430432 -0.014945
v -0.003156 0.430432 -0.015866
v 0.000000 0.429874 -0.018993
v -0.003705 0.429874 -0.018628
v -0.010552 0.429874 -0.015792
v -0.013430 0.429874 -0.013430
v -0.018993 0.429874 0.000000
v -0.018628 0.429874 0.003705
v -0.015792 0.429874 -0.010552
v -0.017548 0.429874 -0.007268
v -0.017548 0.429874 0.007269
v -0.015792 0.429874 0.010552
v -0.010552 0.429874 0.015793
v -0.007268 0.429874 0.017548
v 0.003706 0.429874 0.018629
v 0.000000 0.429874 0.018993
v -0.003705 0.429874 0.018629
v -0.013430 0.429874 0.013430
v 0.010552 0.429874 0.015793
v 0.013430 0.429874 0.013430
v 0.007269 0.429874 0.017548
v 0.017548 0.429874 0.007269
v 0.018629 0.429874 0.003705
v 0.018994 0.429874 0.000000
v 0.017548 0.429874 -0.007268
v 0.015793 0.429874 -0.010552
v 0.013430 0.429874 -0.013430
v 0.010552 0.429874 -0.015792
v 0.018629 0.429874 -0.003705
v 0.015793 0.429874 0.010552
v 0.007269 0.429874 -0.017548
v -0.018628 0.429874 -0.003705
v -0.007268 0.429874 -0.017548
v 0.003706 0.429874 -0.018628
v 0.000000 0.429874 -0.017779
v -0.003468 0.429874 -0.017438
v -0.009878 0.429874 -0.014783
v -0.012572 0.429874 -0.012572
v -0.017779 0.429874 0.000000
v -0.017438 0.429874 0.003469
v -0.014783 0.429874 -0.009878
v -0.016426 0.429874 -0.006804
v -0.016426 0.429874 0.006804
v -0.014783 0.429874 0.009878
v -0.009878 0.429874 0.014783
v -0.006804 0.429874 0.016426
v 0.003469 0.429874 0.017438
v 0.000000 0.429874 0.017779
v -0.003468 0.429874 0.017438
v -0.012572 0.429874 0.012572
v 0.009878 0.429874 0.014783
v 0.012572 0.429874 0.012572
v 0.006804 0.429874 0.016426
v 0.016426 0.429874 0.006804
v 0.017438 0.429874 0.003469
v 0.017779 0.429874 0.000000
v 0.016426 0.429874 -0.006804
v 0.014783 0.429874 -0.009878
v 0.012572 0.429874 -0.012572
v 0.009878 0.429874 -0.014783
v 0.017438 0.429874 -0.003469
v 0.014783 0.429874 0.009878
v 0.006804 0.429874 -0.016426
v -0.017438 0.429874 -0.003469
v -0.006804 0.429874 -0.016426
v 0.003469 0.429874 -0.017438
v 0.000000 0.471133 -0.007807
v 0.001523 0.471133 -0.007657
v 0.002988 0.471133 -0.007213
v 0.004337 0.471133 -0.006491
v 0.005521 0.471133 -0.005520
v 0.006491 0.471133 -0.004337
v 0.007213 0.471133 -0.002988
v 0.007657 0.471133 -0.001523
v 0.007807 0.471133 0.000000
v 0.007657 0.471133 0.001523
v 0.007213 0.471133 0.002988
v 0.006491 0.471133 0.004337
v 0.005520 0.471133 0.005520
v 0.004337 0.471133 0.006491
v 0.002988 0.471133 0.007213
v 0.001523 0.471133 0.007657
v 0.000000 0.471133 0.007807
v -0.001523 0.471133 0.007657
v -0.002987 0.471133 0.007213
v -0.004337 0.471133 0.006491
v -0.005520 0.471133 0.005520
v -0.006491 0.471133 0.004337
v -0.007213 0.471133 0.002988
v -0.007657 0.471133 0.001523
v -0.007807 0.471133 0.000000
v -0.007657 0.471133 -0.001523
v -0.007213 0.471133 -0.002988
v -0.006491 0.471133 -0.004337
v -0.005520 0.471133 -0.005520
v -0.004337 0.471133 -0.006491
v -0.002987 0.471133 -0.007213
v -0.001523 0.471133 -0.007657
v 0.000000 0.471133 -0.011732
v -0.002289 0.471133 -0.011507
v -0.006518 0.471133 -0.009755
v -0.008296 0.471133 -0.008296
v -0.011732 0.471133 0.000000
v -0.011507 0.471133 0.002289
v -0.009755 0.471133 -0.006518
v -0.010839 0.471133 -0.004490
v -0.010839 0.471133 0.004490
v -0.009755 0.471133 0.006518
v -0.006518 0.471133 0.009755
v -0.004490 0.471133 0.010839
v 0.002289 0.471133 0.011507
v 0.000000 0.471133 0.011732
v -0.002289 0.471133 0.011507
v -0.008296 0.471133 0.008296
v 0.006518 0.471133 0.009755
v 0.008296 0.471133 0.008296
v 0.004490 0.471133 0.010839
v 0.010839 0.471133 0.004490
v 0.011507 0.471133 0.002289
v 0.011732 0.471133 0.000000
v 0.010839 0.471133 -0.004490
v 0.009755 0.471133 -0.006518
v 0.008296 0.471133 -0.008296
v 0.006518 0.471133 -0.009755
v 0.011507 0.471133 -0.002289
v 0.009755 0.471133 0.006518
v 0.004490 0.471133 -0.010839
v -0.011507 0.471133 -0.002289
v -0.004490 0.471133 -0.010839
v 0.002289 0.471133 -0.011507
v 0.000000 0.422442 0.000000
v 0.000000 0.426234 -0.018993
v -0.003705 0.426234 -0.018628
v -0.010552 0.426234 -0.015792
v -0.013430 0.426234 -0.013430
v -0.018993 0.426234 0.000000
v -0.018628 0.426234 0.003705
v -0.015792 0.426234 -0.010552
v -0.017548 0.426234 -0.007268
v -0.017548 0.426234 0.007269
v -0.015792 0.426234 0.010552
v -0.010552 0.426234 0.015793
v -0.007268 0.426234 0.017548
v 0.003706 0.426234 0.018629
v 0.000000 0.426234 0.018993
v -0.003705 0.426234 0.018629
v -0.013430 0.426234 0.013430
v 0.010552 0.426234 0.015793
v 0.013430 0.426234 0.013430
v 0.007269 0.426234 0.017548
v 0.017548 0.426234 0.007269
v 0.018629 0.426234 0.003705
v 0.018994 0.426234 0.000000
v 0.017548 0.426234 -0.007268
v 0.015793 0.426234 -0.010552
v 0.013430 0.426234 -0.013430
v 0.010552 0.426234 -0.015792
v 0.018629 0.426234 -0.003705
v 0.015793 0.426234 0.010552
v 0.007269 0.426234 -0.017548
v -0.018628 0.426234 -0.003705
v -0.007268 0.426234 -0.017548
v 0.003706 0.426234 -0.018628
v 0.000000 0.426234 -0.017779
v -0.003468 0.426234 -0.017438
v -0.009878 0.426234 -0.014783
v -0.012572 0.426234 -0.012572
v -0.017779 0.426234 0.000000
v -0.017438 0.426234 0.003469
v -0.014783 0.426234 -0.009878
v -0.016426 0.426234 -0.006804
v -0.016426 0.426234 0.006804
v -0.014783 0.426234 0.009878
v -0.009878 0.426234 0.014783
v -0.006804 0.426234 0.016426
v 0.003469 0.426234 0.017438
v 0.000000 0.426234 0.017779
v -0.003468 0.426234 0.017438
v -0.012572 0.426234 0.012572
v 0.009878 0.426234 0.014783
v 0.012572 0.426234 0.012572
v 0.006804 0.426234 0.016426
v 0.016426 0.426234 0.006804
v 0.017438 0.426234 0.003469
v 0.017779 0.426234 0.000000
v 0.016426 0.426234 -0.006804
v 0.014783 0.426234 -0.009878
v 0.012572 0.426234 -0.012572
v 0.009878 0.426234 -0.014783
v 0.017438 0.426234 -0.003469
v 0.014783 0.426234 0.009878
v 0.006804 0.426234 -0.016426
v -0.017438 0.426234 -0.003469
v -0.006804 0.426234 -0.016426
v 0.003469 0.426234 -0.017438
v 0.000000 0.427853 -0.020902
v 0.004282 0.429424 -0.021525
v -0.008399 0.429424 -0.020276
v 0.004078 0.427853 -0.020501
v -0.021525 0.429424 -0.004282
v 0.007999 0.427853 -0.019311
v 0.008399 0.429424 -0.020276
v 0.011613 0.427853 -0.017380
v 0.014780 0.427853 -0.014780
v 0.018248 0.429424 0.012193
v 0.021525 0.429424 -0.004282
v 0.017380 0.427853 -0.011613
v 0.019311 0.427853 -0.007999
v 0.012193 0.429424 -0.018248
v 0.015519 0.429424 -0.015519
v 0.020501 0.427853 -0.004078
v 0.018248 0.429424 -0.012193
v 0.020902 0.427853 0.000000
v 0.020277 0.429424 -0.008399
v 0.020501 0.427853 0.004078
v 0.019311 0.427853 0.007999
v 0.021947 0.429424 0.000000
v 0.017380 0.427853 0.011613
v 0.021525 0.429424 0.004282
v 0.020277 0.429424 0.008399
v 0.014780 0.427853 0.014780
v 0.011613 0.427853 0.017380
v 0.008399 0.429424 0.020277
v 0.007999 0.427853 0.019311
v 0.015519 0.429424 0.015519
v 0.012193 0.429424 0.018248
v 0.004078 0.427853 0.020501
v 0.000000 0.427853 0.020902
v -0.015519 0.429424 0.015519
v -0.004282 0.429424 0.021525
v -0.004078 0.427853 0.020501
v 0.000000 0.429424 0.021947
v -0.007999 0.427853 0.019311
v -0.011613 0.427853 0.017380
v 0.004282 0.429424 0.021525
v -0.014780 0.427853 0.014780
v -0.008399 0.429424 0.020277
v -0.012193 0.429424 0.018248
v -0.017380 0.427853 0.011613
v -0.019311 0.427853 0.007999
v -0.018248 0.429424 0.012193
v -0.020276 0.429424 0.008399
v -0.020501 0.427853 0.004078
v -0.020902 0.427853 0.000000
v -0.020276 0.429424 -0.008399
v -0.018248 0.429424 -0.012193
v -0.020501 0.427853 -0.004078
v -0.021525 0.429424 0.004282
v -0.019311 0.427853 -0.007999
v -0.017380 0.427853 -0.011613
v -0.021947 0.429424 0.000000
v -0.015519 0.429424 -0.015519
v -0.014780 0.427853 -0.014780
v -0.011613 0.427853 -0.017380
v -0.012193 0.429424 -0.018248
v -0.007999 0.427853 -0.019311
v -0.004282 0.429424 -0.021525
v 0.000000 0.429424 -0.021947
v -0.004078 0.427853 -0.020501
v 0.000000 0.411540 -0.020902
v 0.000000 0.407817 -0.023328
v 0.000000 0.409354 -0.021613
v 0.004551 0.407817 -0.022880
v 0.004078 0.411540 -0.020501
v 0.004217 0.409354 -0.021198
v 0.008927 0.407817 -0.021552
v 0.007999 0.411540 -0.019311
v 0.008271 0.409354 -0.019968
v 0.012961 0.407817 -0.019397
v 0.011613 0.411540 -0.017380
v 0.012008 0.409354 -0.017970
v 0.014780 0.411540 -0.014780
v 0.016496 0.407817 -0.016496
v 0.015283 0.409354 -0.015283
v 0.019397 0.407817 -0.012960
v 0.017380 0.411540 -0.011613
v 0.017971 0.409354 -0.012007
v 0.019311 0.411540 -0.007999
v 0.021553 0.407817 -0.008927
v 0.019968 0.409354 -0.008271
v 0.022880 0.407817 -0.004551
v 0.020501 0.411540 -0.004078
v 0.021198 0.409354 -0.004216
v 0.023328 0.407817 0.000000
v 0.020902 0.411540 0.000000
v 0.021613 0.409354 0.000000
v 0.022880 0.407817 0.004551
v 0.020501 0.411540 0.004078
v 0.021198 0.409354 0.004217
v 0.019311 0.411540 0.007999
v 0.021553 0.407817 0.008927
v 0.019968 0.409354 0.008271
v 0.017380 0.411540 0.011613
v 0.019397 0.407817 0.012961
v 0.017971 0.409354 0.012008
v 0.016496 0.407817 0.016496
v 0.014780 0.411540 0.014780
v 0.015283 0.409354 0.015283
v 0.011613 0.411540 0.017380
v 0.012961 0.407817 0.019397
v 0.012008 0.409354 0.017970
v 0.007999 0.411540 0.019311
v 0.008927 0.407817 0.021553
v 0.008271 0.409354 0.019968
v 0.004551 0.407817 0.022880
v 0.004078 0.411540 0.020501
v 0.004217 0.409354 0.021198
v 0.000000 0.411540 0.020902
v 0.000000 0.407817 0.023328
v 0.000000 0.409354 0.021613
v -0.004551 0.407817 0.022880
v -0.004078 0.411540 0.020501
v -0.004216 0.409354 0.021198
v -0.008927 0.407817 0.021553
v -0.007999 0.411540 0.019311
v -0.008271 0.409354 0.019968
v -0.011613 0.411540 0.017380
v -0.012960 0.407817 0.019397
v -0.012007 0.409354 0.017970
v -0.014780 0.411540 0.014780
v -0.016495 0.407817 0.016496
v -0.015283 0.409354 0.015283
v -0.019397 0.407817 0.012961
v -0.017380 0.411540 0.011613
v -0.017970 0.409354 0.012007
v -0.019311 0.411540 0.007999
v -0.021552 0.407817 0.008927
v -0.019968 0.409354 0.008271
v -0.022880 0.407817 0.004551
v -0.020501 0.411540 0.004078
v -0.021197 0.409354 0.004216
v -0.020902 0.411540 0.000000
v -0.023328 0.407817 0.000000
v -0.021613 0.409354 0.000000
v -0.022880 0.407817 -0.004551
v -0.020501 0.411540 -0.004078
v -0.021197 0.409354 -0.004216
v -0.021552 0.407817 -0.008927
v -0.019311 0.411540 -0.007999
v -0.019968 0.409354 -0.008271
v -0.017380 0.411540 -0.011613
v -0.019397 0.407817 -0.012960
v -0.017970 0.409354 -0.012007
v -0.016495 0.407817 -0.016496
v -0.014780 0.411540 -0.014780
v -0.015283 0.409354 -0.015283
v -0.011613 0.411540 -0.017380
v -0.012960 0.407817 -0.019397
v -0.012007 0.409354 -0.017970
v -0.007999 0.411540 -0.019311
v -0.008927 0.407817 -0.021552
v -0.008271 0.409354 -0.019968
v -0.004551 0.407817 -0.022880
v -0.004078 0.411540 -0.020501
v -0.004216 0.409354 -0.021198
v 0.000000 0.406910 -0.029036
v -0.005665 0.406910 -0.028478
v -0.016131 0.406910 -0.024142
v -0.020531 0.406910 -0.020531
v -0.029036 0.406910 0.000000
v -0.028478 0.406910 0.005665
v -0.024142 0.406910 -0.016131
v -0.026826 0.406910 -0.011112
v -0.026826 0.406910 0.011112
v -0.024142 0.406910 0.016132
v -0.016131 0.406910 0.024143
v -0.011112 0.406910 0.026826
v 0.005665 0.406910 0.028478
v 0.000000 0.406910 0.029036
v -0.005665 0.406910 0.028478
v -0.020531 0.406910 0.020532
v 0.016132 0.406910 0.024143
v 0.020532 0.406910 0.020532
v 0.011112 0.406910 0.026826
v 0.026826 0.406910 0.011112
v 0.028478 0.406910 0.005665
v 0.029036 0.406910 0.000000
v 0.026826 0.406910 -0.011112
v 0.024143 0.406910 -0.016131
v 0.020532 0.406910 -0.020531
v 0.016132 0.406910 -0.024142
v 0.028478 0.406910 -0.005665
v 0.024143 0.406910 0.016132
v 0.011112 0.406910 -0.026826
v -0.028478 0.406910 -0.005665
v -0.011111 0.406910 -0.026826
v 0.005665 0.406910 -0.028478
v 0.005980 0.407470 -0.030061
v 0.000000 0.407470 -0.030650
v -0.025484 0.407470 -0.017028
v -0.028317 0.407470 -0.011729
v -0.017028 0.407470 0.025484
v -0.011729 0.407470 0.028317
v 0.030061 0.407470 0.005980
v 0.030650 0.407470 0.000000
v 0.011729 0.407470 -0.028317
v 0.017028 0.407470 -0.025484
v -0.021673 0.407470 0.021673
v -0.005979 0.407470 -0.030061
v -0.011729 0.407470 -0.028317
v 0.021673 0.407470 0.021673
v 0.025484 0.407470 0.017028
v 0.011729 0.407470 0.028317
v 0.017028 0.407470 0.025484
v 0.021673 0.407470 -0.021673
v 0.025484 0.407470 -0.017028
v -0.005979 0.407470 0.030061
v 0.028317 0.407470 -0.011729
v 0.005980 0.407470 0.030061
v 0.030061 0.407470 -0.005979
v -0.030061 0.407470 0.005979
v -0.028317 0.407470 0.011729
v 0.028317 0.407470 0.011729
v -0.025484 0.407470 0.017028
v -0.017028 0.407470 -0.025484
v -0.030650 0.407470 0.000000
v -0.030061 0.407470 -0.005979
v 0.000000 0.407470 0.030650
v -0.021672 0.407470 -0.021673
v -0.028317 0.406409 0.011729
v 0.030061 0.406409 0.005980
v -0.005979 0.406409 -0.030061
v 0.025484 0.406409 0.017028
v 0.011729 0.406409 0.028317
v -0.021672 0.406409 -0.021673
v 0.005980 0.406409 -0.030061
v 0.030650 0.406409 0.000000
v 0.028317 0.406409 -0.011729
v -0.021673 0.406409 0.021673
v -0.028317 0.406409 -0.011729
v 0.021673 0.406409 -0.021673
v 0.017028 0.406409 -0.025484
v -0.011729 0.406409 0.028317
v -0.005979 0.406409 0.030061
v -0.030061 0.406409 -0.005979
v 0.011729 0.406409 -0.028317
v 0.017028 0.406409 0.025484
v -0.025484 0.406409 -0.017028
v 0.028317 0.406409 0.011729
v -0.017028 0.406409 -0.025484
v -0.011729 0.406409 -0.028317
v -0.025484 0.406409 0.017028
v -0.030061 0.406409 0.005979
v -0.030650 0.406409 0.000000
v 0.021673 0.406409 0.021673
v 0.000000 0.406409 -0.030650
v 0.005980 0.406409 0.030061
v 0.000000 0.406409 0.030650
v 0.030061 0.406409 -0.005979
v 0.025484 0.406409 -0.017028
v -0.017028 0.406409 0.025484
v -0.004282 0.428302 -0.021525
v 0.000000 0.428302 -0.021947
v -0.015519 0.428302 -0.015519
v -0.012193 0.428302 -0.018248
v -0.021525 0.428302 0.004282
v -0.021947 0.428302 0.000000
v -0.020276 0.428302 -0.008399
v -0.018248 0.428302 -0.012193
v -0.018248 0.428302 0.012193
v -0.020276 0.428302 0.008399
v -0.008399 0.428302 0.020277
v -0.012193 0.428302 0.018248
v 0.004282 0.428302 0.021525
v 0.000000 0.428302 0.021947
v -0.004282 0.428302 0.021525
v -0.015519 0.428302 0.015519
v 0.015519 0.428302 0.015519
v 0.012193 0.428302 0.018248
v 0.008399 0.428302 0.020277
v 0.021525 0.428302 0.004282
v 0.020277 0.428302 0.008399
v 0.021947 0.428302 0.000000
v 0.018248 0.428302 -0.012193
v 0.020277 0.428302 -0.008399
v 0.012193 0.428302 -0.018248
v 0.015519 0.428302 -0.015519
v 0.021525 0.428302 -0.004282
v 0.018248 0.428302 0.012193
v 0.008399 0.428302 -0.020276
v -0.021525 0.428302 -0.004282
v -0.008399 0.428302 -0.020276
v 0.004282 0.428302 -0.021525
v 0.000000 0.440627 -0.013073
v 0.000000 0.434569 -0.016176
v 0.000000 0.437925 -0.015267
v 0.003156 0.434569 -0.015866
v 0.002550 0.440627 -0.012821
v 0.002979 0.437925 -0.014974
v 0.006191 0.434569 -0.014945
v 0.005003 0.440627 -0.012077
v 0.005843 0.437925 -0.014105
v 0.008987 0.434569 -0.013450
v 0.007263 0.440627 -0.010869
v 0.008482 0.437925 -0.012694
v 0.009244 0.440627 -0.009244
v 0.011439 0.434569 -0.011438
v 0.010796 0.437925 -0.010796
v 0.013450 0.434569 -0.008987
v 0.010870 0.440627 -0.007263
v 0.012694 0.437925 -0.008482
v 0.012078 0.440627 -0.005003
v 0.014945 0.434569 -0.006190
v 0.014105 0.437925 -0.005843
v 0.015866 0.434569 -0.003156
v 0.012821 0.440627 -0.002550
v 0.014974 0.437925 -0.002978
v 0.016177 0.434569 0.000000
v 0.013073 0.440627 0.000000
v 0.015267 0.437925 0.000000
v 0.015866 0.434569 0.003156
v 0.012821 0.440627 0.002550
v 0.014974 0.437925 0.002979
v 0.012078 0.440627 0.005003
v 0.014945 0.434569 0.006191
v 0.014105 0.437925 0.005843
v 0.010870 0.440627 0.007263
v 0.013450 0.434569 0.008987
v 0.012694 0.437925 0.008482
v 0.011439 0.434569 0.011439
v 0.009244 0.440627 0.009244
v 0.010796 0.437925 0.010796
v 0.007263 0.440627 0.010870
v 0.008987 0.434569 0.013450
v 0.008482 0.437925 0.012694
v 0.005003 0.440627 0.012078
v 0.006191 0.434569 0.014945
v 0.005843 0.437925 0.014105
v 0.003156 0.434569 0.015866
v 0.002550 0.440627 0.012821
v 0.002979 0.437925 0.014974
v 0.000000 0.440627 0.013073
v 0.000000 0.434569 0.016177
v 0.000000 0.437925 0.015267
v -0.003156 0.434569 0.015866
v -0.002550 0.440627 0.012821
v -0.002978 0.437925 0.014974
v -0.006190 0.434569 0.014945
v -0.005003 0.440627 0.012078
v -0.005842 0.437925 0.014105
v -0.007263 0.440627 0.010869
v -0.008987 0.434569 0.013450
v -0.008482 0.437925 0.012694
v -0.009244 0.440627 0.009244
v -0.011438 0.434569 0.011439
v -0.010796 0.437925 0.010796
v -0.013450 0.434569 0.008987
v -0.010869 0.440627 0.007263
v -0.012694 0.437925 0.008482
v -0.012077 0.440627 0.005003
v -0.014945 0.434569 0.006191
v -0.014105 0.437925 0.005843
v -0.015866 0.434569 0.003156
v -0.012821 0.440627 0.002550
v -0.014974 0.437925 0.002979
v -0.013072 0.440627 0.000000
v -0.016176 0.434569 0.000000
v -0.015267 0.437925 0.000000
v -0.015866 0.434569 -0.003156
v -0.012821 0.440627 -0.002550
v -0.014974 0.437925 -0.002978
v -0.014945 0.434569 -0.006190
v -0.012077 0.440627 -0.005003
v -0.014105 0.437925 -0.005843
v -0.010869 0.440627 -0.007263
v -0.013450 0.434569 -0.008987
v -0.012694 0.437925 -0.008482
v -0.011438 0.434569 -0.011438
v -0.009244 0.440627 -0.009244
v -0.010796 0.437925 -0.010796
v -0.007263 0.440627 -0.010869
v -0.008987 0.434569 -0.013450
v -0.008482 0.437925 -0.012694
v -0.005003 0.440627 -0.012077
v -0.006190 0.434569 -0.014945
v -0.005842 0.437925 -0.014105
v -0.003156 0.434569 -0.015866
v -0.002550 0.440627 -0.012821
v -0.002978 0.437925 -0.014974
v 0.000000 0.440214 -0.011732
v 0.000000 0.441484 -0.011886
v 0.002319 0.441484 -0.011657
v 0.002289 0.440214 -0.011507
v 0.004549 0.441484 -0.010981
v 0.004490 0.440214 -0.010839
v 0.006603 0.441484 -0.009882
v 0.006518 0.440214 -0.009755
v 0.008296 0.440214 -0.008296
v 0.008404 0.441484 -0.008404
v 0.009883 0.441484 -0.006603
v 0.009755 0.440214 -0.006518
v 0.010839 0.440214 -0.004490
v 0.010981 0.441484 -0.004548
v 0.011657 0.441484 -0.002319
v 0.011507 0.440214 -0.002289
v 0.011886 0.441484 0.000000
v 0.011732 0.440214 0.000000
v 0.011657 0.441484 0.002319
v 0.011507 0.440214 0.002289
v 0.010839 0.440214 0.004490
v 0.010981 0.441484 0.004548
v 0.009755 0.440214 0.006518
v 0.009883 0.441484 0.006603
v 0.008404 0.441484 0.008404
v 0.008296 0.440214 0.008296
v 0.006518 0.440214 0.009755
v 0.006603 0.441484 0.009883
v 0.004490 0.440214 0.010839
v 0.004549 0.441484 0.010981
v 0.002319 0.441484 0.011657
v 0.002289 0.440214 0.011507
v 0.000000 0.440214 0.011732
v 0.000000 0.441484 0.011886
v -0.002319 0.441484 0.011657
v -0.002289 0.440214 0.011507
v -0.004548 0.441484 0.010981
v -0.004490 0.440214 0.010839
v -0.006518 0.440214 0.009755
v -0.006603 0.441484 0.009883
v -0.008296 0.440214 0.008296
v -0.008404 0.441484 0.008404
v -0.009882 0.441484 0.006603
v -0.009755 0.440214 0.006518
v -0.010839 0.440214 0.004490
v -0.010981 0.441484 0.004548
v -0.011657 0.441484 0.002319
v -0.011507 0.440214 0.002289
v -0.011732 0.440214 0.000000
v -0.011885 0.441484 0.000000
v -0.011657 0.441484 -0.002319
v -0.011507 0.440214 -0.002289
v -0.010981 0.441484 -0.004548
v -0.010839 0.440214 -0.004490
v -0.009755 0.440214 -0.006518
v -0.009882 0.441484 -0.006603
v -0.008404 0.441484 -0.008404
v -0.008296 0.440214 -0.008296
v -0.006518 0.440214 -0.009755
v -0.006603 0.441484 -0.009882
v -0.004490 0.440214 -0.010839
v -0.004548 0.441484 -0.010981
v -0.002319 0.441484 -0.011657
v -0.002289 0.440214 -0.011507
v 0.000000 0.402813 -0.026435
v 0.000000 0.391623 -0.021555
v 0.000000 0.399923 -0.026063
v 0.000000 0.396782 -0.025006
v 0.000000 0.393867 -0.023423
v 0.004205 0.391623 -0.021141
v 0.005157 0.402813 -0.025927
v 0.004570 0.393867 -0.022972
v 0.004878 0.396782 -0.024525
v 0.005085 0.399923 -0.025563
v 0.008249 0.391623 -0.019914
v 0.010116 0.402813 -0.024423
v 0.008964 0.393867 -0.021640
v 0.009569 0.396782 -0.023102
v 0.009974 0.399923 -0.024080
v 0.011975 0.391623 -0.017922
v 0.014687 0.402813 -0.021980
v 0.013013 0.393867 -0.019475
v 0.013893 0.396782 -0.020791
v 0.014480 0.399923 -0.021671
v 0.018692 0.402813 -0.018692
v 0.015242 0.391623 -0.015242
v 0.018430 0.399923 -0.018430
v 0.017682 0.396782 -0.017682
v 0.016562 0.393867 -0.016562
v 0.017923 0.391623 -0.011975
v 0.021980 0.402813 -0.014686
v 0.019475 0.393867 -0.013013
v 0.020792 0.396782 -0.013892
v 0.021671 0.399923 -0.014480
v 0.024423 0.402813 -0.010116
v 0.019914 0.391623 -0.008249
v 0.024080 0.399923 -0.009974
v 0.023102 0.396782 -0.009569
v 0.021640 0.393867 -0.008963
v 0.021141 0.391623 -0.004205
v 0.025927 0.402813 -0.005157
v 0.022973 0.393867 -0.004569
v 0.024525 0.396782 -0.004878
v 0.025563 0.399923 -0.005085
v 0.021555 0.391623 0.000000
v 0.026435 0.402813 0.000000
v 0.023423 0.393867 0.000000
v 0.025006 0.396782 0.000000
v 0.026064 0.399923 0.000000
v 0.021141 0.391623 0.004205
v 0.025927 0.402813 0.005157
v 0.022973 0.393867 0.004570
v 0.024525 0.396782 0.004878
v 0.025563 0.399923 0.005085
v 0.024423 0.402813 0.010116
v 0.019914 0.391623 0.008249
v 0.024080 0.399923 0.009974
v 0.023102 0.396782 0.009569
v 0.021640 0.393867 0.008963
v 0.021980 0.402813 0.014687
v 0.017923 0.391623 0.011975
v 0.021671 0.399923 0.014480
v 0.020792 0.396782 0.013892
v 0.019475 0.393867 0.013013
v 0.015242 0.391623 0.015242
v 0.018692 0.402813 0.018692
v 0.016562 0.393867 0.016562
v 0.017682 0.396782 0.017682
v 0.018430 0.399923 0.018430
v 0.014687 0.402813 0.021980
v 0.011975 0.391623 0.017923
v 0.014480 0.399923 0.021671
v 0.013893 0.396782 0.020792
v 0.013013 0.393867 0.019475
v 0.010116 0.402813 0.024423
v 0.008249 0.391623 0.019914
v 0.009974 0.399923 0.024080
v 0.009569 0.396782 0.023102
v 0.008964 0.393867 0.021640
v 0.004205 0.391623 0.021141
v 0.005157 0.402813 0.025927
v 0.004570 0.393867 0.022973
v 0.004878 0.396782 0.024525
v 0.005085 0.399923 0.025563
v 0.000000 0.402813 0.026435
v 0.000000 0.391623 0.021555
v 0.000000 0.399923 0.026064
v 0.000000 0.396782 0.025006
v 0.000000 0.393867 0.023423
v -0.004205 0.391623 0.021141
v -0.005157 0.402813 0.025927
v -0.004569 0.393867 0.022973
v -0.004878 0.396782 0.024525
v -0.005085 0.399923 0.025563
v -0.008249 0.391623 0.019914
v -0.010116 0.402813 0.024423
v -0.008963 0.393867 0.021640
v -0.009569 0.396782 0.023102
v -0.009974 0.399923 0.024080
v -0.014686 0.402813 0.021980
v -0.011975 0.391623 0.017922
v -0.014480 0.399923 0.021671
v -0.013892 0.396782 0.020792
v -0.013013 0.393867 0.019475
v -0.018692 0.402813 0.018692
v -0.015242 0.391623 0.015242
v -0.018430 0.399923 0.018430
v -0.017682 0.396782 0.017682
v -0.016562 0.393867 0.016562
v -0.017922 0.391623 0.011975
v -0.021980 0.402813 0.014687
v -0.019475 0.393867 0.013013
v -0.020791 0.396782 0.013892
v -0.021671 0.399923 0.014480
v -0.024423 0.402813 0.010116
v -0.019914 0.391623 0.008249
v -0.024079 0.399923 0.009974
v -0.023102 0.396782 0.009569
v -0.021640 0.393867 0.008963
v -0.021141 0.391623 0.004205
v -0.025927 0.402813 0.005157
v -0.022972 0.393867 0.004570
v -0.024525 0.396782 0.004878
v -0.025563 0.399923 0.005085
v -0.026435 0.402813 0.000000
v -0.021555 0.391623 0.000000
v -0.026063 0.399923 0.000000
v -0.025006 0.396782 0.000000
v -0.023422 0.393867 0.000000
v -0.021141 0.391623 -0.004205
v -0.025927 0.402813 -0.005157
v -0.022972 0.393867 -0.004569
v -0.024525 0.396782 -0.004878
v -0.025563 0.399923 -0.005085
v -0.019914 0.391623 -0.008249
v -0.024423 0.402813 -0.010116
v -0.021640 0.393867 -0.008963
v -0.023102 0.396782 -0.009569
v -0.024079 0.399923 -0.009974
v -0.021980 0.402813 -0.014686
v -0.017922 0.391623 -0.011975
v -0.021671 0.399923 -0.014480
v -0.020791 0.396782 -0.013892
v -0.019475 0.393867 -0.013013
v -0.015242 0.391623 -0.015242
v -0.018692 0.402813 -0.018692
v -0.016562 0.393867 -0.016562
v -0.017682 0.396782 -0.017682
v -0.018430 0.399923 -0.018430
v -0.014686 0.402813 -0.021980
v -0.011975 0.391623 -0.017922
v -0.014480 0.399923 -0.021671
v -0.013892 0.396782 -0.020791
v -0.013013 0.393867 -0.019475
v -0.010116 0.402813 -0.024423
v -0.008249 0.391623 -0.019914
v -0.009974 0.399923 -0.024080
v -0.009569 0.396782 -0.023102
v -0.008963 0.393867 -0.021640
v -0.004205 0.391623 -0.021141
v -0.005157 0.402813 -0.025927
v -0.004569 0.393867 -0.022972
v -0.004878 0.396782 -0.024525
v -0.005085 0.399923 -0.025563
v 0.013452 0.374506 -0.013452
v 0.014696 0.372095 -0.014696
v 0.017281 0.372095 -0.011547
v 0.015818 0.374506 -0.010569
v 0.019202 0.372095 -0.007954
v 0.017576 0.374506 -0.007280
v -0.015818 0.374506 -0.010569
v -0.017281 0.372095 -0.011547
v -0.014696 0.372095 -0.014696
v -0.013452 0.374506 -0.013452
v 0.000000 0.374506 -0.019024
v 0.000000 0.372095 -0.020784
v 0.004055 0.372095 -0.020384
v 0.003712 0.374506 -0.018659
v 0.010570 0.374506 -0.015818
v 0.011547 0.372095 -0.017281
v -0.015818 0.374506 0.010569
v -0.017281 0.372095 0.011547
v -0.019202 0.372095 0.007954
v -0.017576 0.374506 0.007280
v 0.018659 0.374506 -0.003711
v 0.020385 0.372095 -0.004055
v 0.020784 0.372095 0.000000
v 0.019025 0.374506 0.000000
v -0.007280 0.374506 0.017576
v -0.007954 0.372095 0.019202
v -0.011547 0.372095 0.017281
v -0.010569 0.374506 0.015818
v 0.017576 0.374506 0.007280
v 0.019202 0.372095 0.007954
v 0.017281 0.372095 0.011547
v 0.015818 0.374506 0.010569
v 0.003712 0.374506 0.018659
v 0.004055 0.372095 0.020385
v 0.000000 0.372095 0.020784
v 0.000000 0.374506 0.019024
v 0.007280 0.374506 -0.017576
v 0.007954 0.372095 -0.019202
v -0.003711 0.374506 0.018659
v -0.004055 0.372095 0.020385
v -0.018659 0.374506 -0.003711
v -0.020384 0.372095 -0.004055
v -0.019202 0.372095 -0.007954
v -0.017576 0.374506 -0.007280
v -0.014696 0.372095 0.014696
v -0.013452 0.374506 0.013452
v -0.010569 0.374506 -0.015818
v -0.011547 0.372095 -0.017281
v -0.007954 0.372095 -0.019202
v -0.007280 0.374506 -0.017576
v -0.004055 0.372095 -0.020384
v -0.003711 0.374506 -0.018659
v 0.013452 0.374506 0.013452
v 0.014696 0.372095 0.014696
v 0.011547 0.372095 0.017281
v 0.010569 0.374506 0.015818
v -0.019024 0.374506 0.000000
v -0.020784 0.372095 0.000000
v 0.007954 0.372095 0.019202
v 0.007280 0.374506 0.017576
v -0.020384 0.372095 0.004055
v -0.018659 0.374506 0.003712
v 0.018659 0.374506 0.003712
v 0.020385 0.372095 0.004055
v 0.000000 0.366459 -0.044839
v 0.000000 0.365317 -0.046636
v 0.009098 0.365317 -0.045740
v 0.008748 0.366459 -0.043978
v 0.017847 0.365317 -0.043086
v 0.017159 0.366459 -0.041426
v 0.025910 0.365317 -0.038776
v 0.024912 0.366459 -0.037283
v 0.031706 0.366459 -0.031706
v 0.032977 0.365317 -0.032977
v 0.038777 0.365317 -0.025910
v 0.037283 0.366459 -0.024911
v 0.041426 0.366459 -0.017159
v 0.043086 0.365317 -0.017847
v 0.045740 0.365317 -0.009098
v 0.043978 0.366459 -0.008748
v 0.046636 0.365317 0.000000
v 0.044840 0.366459 0.000000
v 0.045740 0.365317 0.009098
v 0.043978 0.366459 0.008748
v 0.041426 0.366459 0.017159
v 0.043086 0.365317 0.017847
v 0.037283 0.366459 0.024912
v 0.038776 0.365317 0.025910
v 0.032977 0.365317 0.032977
v 0.031706 0.366459 0.031706
v 0.024912 0.366459 0.037283
v 0.025910 0.365317 0.038776
v 0.017159 0.366459 0.041426
v 0.017847 0.365317 0.043086
v 0.009098 0.365317 0.045740
v 0.008748 0.366459 0.043978
v 0.000000 0.366459 0.044839
v 0.000000 0.365317 0.046636
v -0.009098 0.365317 0.045740
v -0.008748 0.366459 0.043978
v -0.017847 0.365317 0.043086
v -0.017159 0.366459 0.041426
v -0.024911 0.366459 0.037283
v -0.025910 0.365317 0.038776
v -0.031706 0.366459 0.031706
v -0.032977 0.365317 0.032977
v -0.038776 0.365317 0.025910
v -0.037283 0.366459 0.024911
v -0.041426 0.366459 0.017159
v -0.043086 0.365317 0.017847
v -0.045740 0.365317 0.009098
v -0.043978 0.366459 0.008748
v -0.044839 0.366459 0.000000
v -0.046636 0.365317 0.000000
v -0.045740 0.365317 -0.009098
v -0.043978 0.366459 -0.008748
v -0.043086 0.365317 -0.017847
v -0.041426 0.366459 -0.017159
v -0.037283 0.366459 -0.024911
v -0.038776 0.365317 -0.025910
v -0.032977 0.365317 -0.032977
v -0.031706 0.366459 -0.031706
v -0.024911 0.366459 -0.037283
v -0.025909 0.365317 -0.038776
v -0.017159 0.366459 -0.041426
v -0.017847 0.365317 -0.043086
v -0.009098 0.365317 -0.045740
v -0.008748 0.366459 -0.043978
v -0.018702 0.360850 -0.045151
v -0.027151 0.360850 -0.040635
v -0.034557 0.360850 -0.034557
v -0.040635 0.360850 -0.027151
v -0.045151 0.360850 -0.018702
v -0.047932 0.360850 -0.009534
v -0.048871 0.360850 0.000000
v -0.047932 0.360850 0.009534
v -0.045151 0.360850 0.018702
v -0.040635 0.360850 0.027151
v -0.034557 0.360850 0.034557
v -0.027151 0.360850 0.040635
v -0.018702 0.360850 0.045151
v -0.009534 0.360850 0.047932
v 0.000000 0.360850 0.048871
v 0.009534 0.360850 0.047932
v 0.018702 0.360850 0.045151
v 0.027151 0.360850 0.040635
v 0.034557 0.360850 0.034557
v 0.040635 0.360850 0.027151
v 0.045151 0.360850 0.018702
v 0.047932 0.360850 0.009534
v 0.048871 0.360850 0.000000
v 0.047932 0.360850 -0.009534
v 0.045151 0.360850 -0.018702
v 0.040635 0.360850 -0.027151
v 0.034557 0.360850 -0.034557
v 0.027152 0.360850 -0.040635
v 0.018702 0.360850 -0.045151
v -0.009534 0.360850 -0.047932
v 0.000000 0.360850 -0.048871
v 0.009534 0.360850 -0.047932
v -0.011012 0.354475 -0.055362
v -0.010793 0.355784 -0.054262
v -0.021172 0.355784 -0.051114
v -0.021601 0.354475 -0.052150
v -0.031360 0.354475 -0.046934
v -0.030737 0.355784 -0.046001
v -0.039121 0.355784 -0.039121
v -0.039914 0.354475 -0.039914
v -0.046934 0.354475 -0.031360
v -0.046001 0.355784 -0.030737
v -0.051114 0.355784 -0.021172
v -0.052150 0.354475 -0.021601
v -0.055362 0.354475 -0.011012
v -0.054262 0.355784 -0.010793
v -0.055325 0.355784 0.000000
v -0.056447 0.354475 0.000000
v -0.055362 0.354475 0.011012
v -0.054262 0.355784 0.010793
v -0.051114 0.355784 0.021172
v -0.052150 0.354475 0.021601
v -0.046934 0.354475 0.031360
v -0.046001 0.355784 0.030737
v -0.039121 0.355784 0.039121
v -0.039914 0.354475 0.039914
v -0.031360 0.354475 0.046934
v -0.030737 0.355784 0.046001
v -0.021172 0.355784 0.051114
v -0.021601 0.354475 0.052150
v -0.011012 0.354475 0.055363
v -0.010793 0.355784 0.054262
v 0.000000 0.355784 0.055325
v 0.000000 0.354475 0.056447
v 0.011012 0.354475 0.055363
v 0.010793 0.355784 0.054262
v 0.021172 0.355784 0.051114
v 0.021601 0.354475 0.052150
v 0.031360 0.354475 0.046934
v 0.030737 0.355784 0.046001
v 0.039121 0.355784 0.039121
v 0.039914 0.354475 0.039914
v 0.046934 0.354475 0.031360
v 0.046001 0.355784 0.030737
v 0.051114 0.355784 0.021172
v 0.052150 0.354475 0.021601
v 0.055363 0.354475 0.011012
v 0.054262 0.355784 0.010793
v 0.055325 0.355784 0.000000
v 0.056447 0.354475 0.000000
v 0.055363 0.354475 -0.011012
v 0.054262 0.355784 -0.010793
v 0.051114 0.355784 -0.021172
v 0.052150 0.354475 -0.021601
v 0.046934 0.354475 -0.031360
v 0.046001 0.355784 -0.030737
v 0.039121 0.355784 -0.039121
v 0.039914 0.354475 -0.039914
v 0.031360 0.354475 -0.046934
v 0.030737 0.355784 -0.046001
v 0.021172 0.355784 -0.051114
v 0.021601 0.354475 -0.052150
v 0.011012 0.354475 -0.055363
v 0.010793 0.355784 -0.054262
v 0.000000 0.355784 -0.055325
v 0.000000 0.354475 -0.056447
v 0.011012 0.344888 -0.055363
v 0.000000 0.344888 -0.056447
v 0.021601 0.344888 -0.052150
v 0.031360 0.344888 -0.046934
v 0.039914 0.344888 -0.039914
v 0.046934 0.344888 -0.031360
v 0.052150 0.344888 -0.021601
v 0.055363 0.344888 -0.011012
v 0.056447 0.344888 0.000000
v 0.055363 0.344888 0.011012
v 0.052150 0.344888 0.021601
v 0.046934 0.344888 0.031360
v 0.039914 0.344888 0.039914
v 0.031360 0.344888 0.046934
v 0.021601 0.344888 0.052150
v 0.011012 0.344888 0.055363
v 0.000000 0.344888 0.056447
v -0.011012 0.344888 0.055363
v -0.021601 0.344888 0.052150
v -0.031360 0.344888 0.046934
v -0.039914 0.344888 0.039914
v -0.046934 0.344888 0.031360
v -0.052150 0.344888 0.021601
v -0.055362 0.344888 0.011012
v -0.056447 0.344888 0.000000
v -0.055362 0.344888 -0.011012
v -0.052150 0.344888 -0.021601
v -0.046934 0.344888 -0.031360
v -0.039914 0.344888 -0.039914
v -0.031360 0.344888 -0.046934
v -0.021601 0.344888 -0.052150
v -0.011012 0.344888 -0.055362
v 0.011236 0.182083 -0.056487
v 0.022040 0.182083 -0.053210
v 0.031998 0.182083 -0.047888
v 0.040725 0.182083 -0.040725
v 0.047888 0.182083 -0.031998
v 0.053210 0.182083 -0.022040
v 0.056487 0.182083 -0.011236
v 0.057594 0.182083 0.000000
v 0.056487 0.182083 0.011236
v 0.053210 0.182083 0.022040
v 0.047888 0.182083 0.031998
v 0.040725 0.182083 0.040725
v 0.031998 0.182083 0.047888
v 0.022040 0.182083 0.053210
v 0.011236 0.182083 0.056487
v 0.000000 0.182083 0.057594
v -0.011236 0.182083 0.056487
v -0.022040 0.182083 0.053210
v -0.031997 0.182083 0.047888
v -0.040725 0.182083 0.040725
v -0.047888 0.182083 0.031997
v -0.053210 0.182083 0.022040
v -0.056487 0.182083 0.011236
v -0.057594 0.182083 -0.000000
v -0.056487 0.182083 -0.011236
v -0.053210 0.182083 -0.022040
v -0.047888 0.182083 -0.031998
v -0.040725 0.182083 -0.040725
v -0.031997 0.182083 -0.047888
v -0.022040 0.182083 -0.053210
v -0.011236 0.182083 -0.056487
v 0.000000 0.182083 -0.057594
v 0.043806 0.094370 0.043806
v 0.015455 0.116061 0.015455
v 0.031307 0.097826 0.031307
v 0.023399 0.102283 0.023399
v 0.018710 0.106617 0.018710
v 0.016609 0.111233 0.016609
v 0.018173 0.116061 0.012143
v 0.051510 0.094370 0.034418
v 0.019530 0.111233 0.013050
v 0.022001 0.106617 0.014700
v 0.027515 0.102283 0.018385
v 0.036813 0.097826 0.024598
v -0.060760 0.094370 -0.012086
v -0.021437 0.116061 -0.004264
v -0.043424 0.097826 -0.008638
v -0.032456 0.102283 -0.006456
v -0.025952 0.106617 -0.005162
v -0.023038 0.111233 -0.004582
v -0.021857 0.116061 0.000000
v -0.061951 0.094370 0.000000
v -0.023489 0.111233 0.000000
v -0.026460 0.106617 -0.000000
v -0.033092 0.102283 -0.000000
v -0.044275 0.097826 -0.000000
v 0.020193 0.116061 0.008364
v 0.057235 0.094370 0.023708
v 0.021701 0.111233 0.008989
v 0.024446 0.106617 0.010126
v 0.030573 0.102283 0.012664
v 0.040905 0.097826 0.016943
v -0.021437 0.116061 0.004264
v -0.060760 0.094370 0.012086
v -0.023038 0.111233 0.004582
v -0.025952 0.106617 0.005162
v -0.032456 0.102283 0.006456
v -0.043424 0.097826 0.008638
v 0.021437 0.116061 0.004264
v 0.060760 0.094370 0.012086
v 0.023038 0.111233 0.004582
v 0.025952 0.106617 0.005162
v 0.032456 0.102283 0.006456
v 0.043424 0.097826 0.008638
v -0.020193 0.116061 0.008364
v -0.057235 0.094370 0.023708
v -0.021701 0.111233 0.008989
v -0.024446 0.106617 0.010126
v -0.030573 0.102283 0.012664
v -0.040905 0.097826 0.016943
v 0.021857 0.116061 0.000000
v 0.061951 0.094370 0.000000
v 0.023489 0.111233 0.000000
v 0.026460 0.106617 -0.000000
v 0.033091 0.102283 -0.000000
v 0.044275 0.097826 -0.000000
v -0.018173 0.116061 0.012143
v -0.051510 0.094370 0.034418
v -0.019530 0.111233 0.013050
v -0.022001 0.106617 0.014700
v -0.027515 0.102283 0.018385
v -0.036813 0.097826 0.024598
v 0.021437 0.116061 -0.004264
v 0.060760 0.094370 -0.012086
v 0.023038 0.111233 -0.004582
v 0.025952 0.106617 -0.005162
v 0.032456 0.102283 -0.006456
v 0.043424 0.097826 -0.008638
v -0.015455 0.116061 0.015455
v -0.043806 0.094370 0.043806
v -0.016609 0.111233 0.016609
v -0.018710 0.106617 0.018710
v -0.023399 0.102283 0.023399
v -0.031307 0.097826 0.031307
v 0.020193 0.116061 -0.008364
v 0.057235 0.094370 -0.023708
v 0.021701 0.111233 -0.008989
v 0.024446 0.106617 -0.010126
v 0.030573 0.102283 -0.012664
v 0.040905 0.097826 -0.016943
v -0.012143 0.116061 0.018173
v -0.034418 0.094370 0.051510
v -0.013050 0.111233 0.019530
v -0.014700 0.106617 0.022001
v -0.018385 0.102283 0.027515
v -0.024598 0.097826 0.036813
v 0.018173 0.116061 -0.012143
v 0.051510 0.094370 -0.034418
v 0.019530 0.111233 -0.013050
v 0.022001 0.106617 -0.014700
v 0.027515 0.102283 -0.018385
v 0.036813 0.097826 -0.024598
v -0.008364 0.116061 0.020193
v -0.023708 0.094370 0.057235
v -0.008989 0.111233 0.021701
v -0.010126 0.106617 0.024446
v -0.012664 0.102283 0.030573
v -0.016943 0.097826 0.040905
v -0.000000 0.094370 -0.061951
v -0.000000 0.116061 -0.021857
v -0.000000 0.097826 -0.044275
v -0.000000 0.102283 -0.033092
v -0.000000 0.106617 -0.026460
v -0.000000 0.111233 -0.023489
v -0.004264 0.116061 -0.021437
v -0.012086 0.094370 -0.060760
v -0.004582 0.111233 -0.023038
v -0.005162 0.106617 -0.025952
v -0.006456 0.102283 -0.032456
v -0.008638 0.097826 -0.043424
v 0.015455 0.116061 -0.015455
v 0.043806 0.094370 -0.043806
v 0.016609 0.111233 -0.016609
v 0.018710 0.106617 -0.018710
v 0.023399 0.102283 -0.023399
v 0.031307 0.097826 -0.031307
v -0.004264 0.116061 0.021437
v -0.012086 0.094370 0.060760
v -0.004582 0.111233 0.023038
v -0.005162 0.106617 0.025952
v -0.006456 0.102283 0.032456
v -0.008638 0.097826 0.043424
v -0.008364 0.116061 -0.020193
v -0.023708 0.094370 -0.057235
v -0.008989 0.111233 -0.021701
v -0.010126 0.106617 -0.024446
v -0.012664 0.102283 -0.030573
v -0.016943 0.097826 -0.040905
v 0.012143 0.116061 -0.018173
v 0.034418 0.094370 -0.051510
v 0.013050 0.111233 -0.019530
v 0.014700 0.106617 -0.022001
v 0.018385 0.102283 -0.027515
v 0.024598 0.097826 -0.036813
v -0.000000 0.116061 0.021857
v -0.000000 0.094370 0.061951
v -0.000000 0.111233 0.023489
v -0.000000 0.106617 0.026460
v -0.000000 0.102283 0.033092
v -0.000000 0.097826 0.044275
v -0.012143 0.116061 -0.018173
v -0.034418 0.094370 -0.051510
v -0.013050 0.111233 -0.019530
v -0.014700 0.106617 -0.022001
v -0.018385 0.102283 -0.027515
v -0.024598 0.097826 -0.036813
v 0.008364 0.116061 -0.020193
v 0.023708 0.094370 -0.057235
v 0.008989 0.111233 -0.021701
v 0.010126 0.106617 -0.024446
v 0.012664 0.102283 -0.030573
v 0.016943 0.097826 -0.040905
v 0.004264 0.116061 0.021437
v 0.012086 0.094370 0.060760
v 0.004582 0.111233 0.023038
v 0.005162 0.106617 0.025952
v 0.006456 0.102283 0.032456
v 0.008638 0.097826 0.043424
v -0.015455 0.116061 -0.015455
v -0.043806 0.094370 -0.043806
v -0.016609 0.111233 -0.016609
v -0.018710 0.106617 -0.018710
v -0.023399 0.102283 -0.023399
v -0.031307 0.097826 -0.031307
v 0.004264 0.116061 -0.021437
v 0.012086 0.094370 -0.060760
v 0.004582 0.111233 -0.023038
v 0.005162 0.106617 -0.025952
v 0.006456 0.102283 -0.032456
v 0.008638 0.097826 -0.043424
v 0.008364 0.116061 0.020193
v 0.023708 0.094370 0.057235
v 0.008989 0.111233 0.021701
v 0.010126 0.106617 0.024446
v 0.012664 0.102283 0.030573
v 0.016943 0.097826 0.040905
v -0.018173 0.116061 -0.012143
v -0.051510 0.094370 -0.034418
v -0.019530 0.111233 -0.013050
v -0.022001 0.106617 -0.014700
v -0.027515 0.102283 -0.018385
v -0.036813 0.097826 -0.024598
v 0.012143 0.116061 0.018173
v 0.034418 0.094370 0.051510
v 0.013050 0.111233 0.019530
v 0.014700 0.106617 0.022001
v 0.018385 0.102283 0.027515
v 0.024598 0.097826 0.036813
v -0.020193 0.116061 -0.008364
v -0.057235 0.094370 -0.023708
v -0.021701 0.111233 -0.008989
v -0.024446 0.106617 -0.010126
v -0.030573 0.102283 -0.012664
v -0.040905 0.097826 -0.016943
v -0.000000 0.093029 -0.069644
v -0.000000 0.090237 -0.072001
v -0.014047 0.090237 -0.070617
v -0.013587 0.093029 -0.068305
v -0.027553 0.090237 -0.066520
v -0.026651 0.093029 -0.064342
v -0.040001 0.090237 -0.059866
v -0.038692 0.093029 -0.057907
v -0.050912 0.090237 -0.050912
v -0.049245 0.093029 -0.049245
v -0.059866 0.090237 -0.040001
v -0.057907 0.093029 -0.038692
v -0.066520 0.090237 -0.027553
v -0.064342 0.093029 -0.026651
v -0.070617 0.090237 -0.014047
v -0.068305 0.093029 -0.013587
v -0.072001 0.090237 0.000000
v -0.069644 0.093029 0.000000
v -0.070617 0.090237 0.014047
v -0.068305 0.093029 0.013587
v -0.066520 0.090237 0.027553
v -0.064342 0.093029 0.026651
v -0.059866 0.090237 0.040001
v -0.057907 0.093029 0.038692
v -0.050912 0.090237 0.050912
v -0.049245 0.093029 0.049245
v -0.040001 0.090237 0.059866
v -0.038692 0.093029 0.057907
v -0.027553 0.090237 0.066520
v -0.026651 0.093029 0.064342
v -0.014047 0.090237 0.070617
v -0.013587 0.093029 0.068305
v -0.000000 0.090237 0.072001
v -0.000000 0.093029 0.069644
v 0.014047 0.090237 0.070617
v 0.013587 0.093029 0.068305
v 0.027553 0.090237 0.066520
v 0.026651 0.093029 0.064342
v 0.040001 0.090237 0.059866
v 0.038692 0.093029 0.057907
v 0.050912 0.090237 0.050912
v 0.049245 0.093029 0.049245
v 0.059866 0.090237 0.040001
v 0.057907 0.093029 0.038692
v 0.066520 0.090237 0.027553
v 0.064342 0.093029 0.026651
v 0.070617 0.090237 0.014047
v 0.068305 0.093029 0.013587
v 0.072001 0.090237 0.000000
v 0.069644 0.093029 0.000000
v 0.070617 0.090237 -0.014047
v 0.068305 0.093029 -0.013587
v 0.066520 0.090237 -0.027553
v 0.064342 0.093029 -0.026651
v 0.059866 0.090237 -0.040001
v 0.057907 0.093029 -0.038692
v 0.050912 0.090237 -0.050912
v 0.049245 0.093029 -0.049245
v 0.040001 0.090237 -0.059866
v 0.038692 0.093029 -0.057907
v 0.027553 0.090237 -0.066520
v 0.026651 0.093029 -0.064342
v 0.014047 0.090237 -0.070617
v 0.013587 0.093029 -0.068305
v -0.000000 0.079936 -0.077000
v -0.000000 0.083852 -0.074728
v -0.015022 0.079936 -0.075520
v -0.014579 0.083852 -0.073292
v -0.029467 0.079936 -0.071139
v -0.028597 0.083852 -0.069040
v -0.042779 0.079936 -0.064023
v -0.041517 0.083852 -0.062134
v -0.054447 0.079936 -0.054447
v -0.052841 0.083852 -0.052841
v -0.064023 0.079936 -0.042779
v -0.062134 0.083852 -0.041517
v -0.071139 0.079936 -0.029467
v -0.069040 0.083852 -0.028597
v -0.075520 0.079936 -0.015022
v -0.073292 0.083852 -0.014579
v -0.077000 0.079936 -0.000000
v -0.074728 0.083852 -0.000000
v -0.075520 0.079936 0.015022
v -0.073292 0.083852 0.014579
v -0.071139 0.079936 0.029467
v -0.069040 0.083852 0.028597
v -0.064023 0.079936 0.042779
v -0.062134 0.083852 0.041517
v -0.054447 0.079936 0.054447
v -0.052841 0.083852 0.052841
v -0.042779 0.079936 0.064023
v -0.041517 0.083852 0.062134
v -0.029467 0.079936 0.071139
v -0.028597 0.083852 0.069039
v -0.015022 0.079936 0.075520
v -0.014579 0.083852 0.073292
v -0.000000 0.079936 0.077000
v -0.000000 0.083852 0.074728
v 0.015022 0.079936 0.075520
v 0.014579 0.083852 0.073292
v 0.029467 0.079936 0.071139
v 0.028597 0.083852 0.069039
v 0.042779 0.079936 0.064023
v 0.041517 0.083852 0.062134
v 0.054447 0.079936 0.054447
v 0.052841 0.083852 0.052841
v 0.064023 0.079936 0.042779
v 0.062134 0.083852 0.041517
v 0.071139 0.079936 0.029467
v 0.069039 0.083852 0.028597
v 0.075520 0.079936 0.015022
v 0.073292 0.083852 0.014579
v 0.077000 0.079936 -0.000000
v 0.074728 0.083852 -0.000000
v 0.075520 0.079936 -0.015022
v 0.073292 0.083852 -0.014579
v 0.071139 0.079936 -0.029467
v 0.069039 0.083852 -0.028597
v 0.064023 0.079936 -0.042779
v 0.062134 0.083852 -0.041517
v 0.054447 0.079936 -0.054447
v 0.052841 0.083852 -0.052841
v 0.042779 0.079936 -0.064023
v 0.041517 0.083852 -0.062134
v 0.029467 0.079936 -0.071139
v 0.028597 0.083852 -0.069040
v 0.015022 0.079936 -0.075520
v 0.014579 0.083852 -0.073292
v 0.076812 0.047434 0.051324
v 0.064276 0.071963 0.042948
v 0.070968 0.053841 0.047419
v 0.066380 0.062819 0.044353
v 0.071420 0.071963 0.029583
v 0.085348 0.047435 0.035352
v 0.073757 0.062819 0.030551
v 0.078855 0.053841 0.032663
v -0.092381 0.047435 -0.000000
v -0.077304 0.071963 -0.000000
v -0.085352 0.053841 -0.000000
v -0.079834 0.062819 -0.000000
v -0.075819 0.071963 0.015081
v -0.090605 0.047435 0.018023
v -0.078300 0.062819 0.015575
v -0.083712 0.053841 0.016651
v 0.075819 0.071963 0.015081
v 0.090605 0.047435 0.018023
v 0.078300 0.062819 0.015575
v 0.083712 0.053841 0.016651
v -0.071420 0.071963 0.029583
v -0.085348 0.047435 0.035352
v -0.073757 0.062819 0.030551
v -0.078855 0.053841 0.032663
v 0.077304 0.071963 -0.000000
v 0.092380 0.047435 -0.000000
v 0.079834 0.062819 -0.000000
v 0.085352 0.053841 -0.000000
v -0.064276 0.071963 0.042948
v -0.076812 0.047435 0.051324
v -0.066380 0.062819 0.044353
v -0.070968 0.053841 0.047419
v 0.075819 0.071963 -0.015081
v 0.090605 0.047435 -0.018023
v 0.078300 0.062819 -0.015575
v 0.083712 0.053841 -0.016651
v -0.054662 0.071963 0.054662
v -0.065323 0.047435 0.065323
v -0.056451 0.062819 0.056451
v -0.060353 0.053841 0.060353
v 0.071420 0.071963 -0.029583
v 0.085348 0.047435 -0.035352
v 0.073757 0.062819 -0.030551
v 0.078855 0.053841 -0.032663
v -0.042948 0.071963 0.064276
v -0.051324 0.047435 0.076812
v -0.044353 0.062819 0.066380
v -0.047419 0.053841 0.070968
v 0.064276 0.071963 -0.042948
v 0.076812 0.047435 -0.051324
v 0.066380 0.062819 -0.044353
v 0.070968 0.053841 -0.047419
v -0.029583 0.071963 0.071420
v -0.035352 0.047435 0.085348
v -0.030551 0.062819 0.073757
v -0.032663 0.053841 0.078855
v -0.000000 0.047435 -0.092381
v -0.000000 0.071963 -0.077304
v -0.000000 0.053841 -0.085352
v -0.000000 0.062819 -0.079834
v -0.015081 0.071963 -0.075819
v -0.018023 0.047435 -0.090605
v -0.015575 0.062819 -0.078300
v -0.016651 0.053841 -0.083712
v 0.054662 0.071963 -0.054662
v 0.065323 0.047435 -0.065323
v 0.056451 0.062819 -0.056451
v 0.060353 0.053841 -0.060353
v -0.015081 0.071963 0.075819
v -0.018023 0.047435 0.090605
v -0.015575 0.062819 0.078300
v -0.016651 0.053841 0.083712
v -0.029583 0.071963 -0.071420
v -0.035352 0.047435 -0.085348
v -0.030551 0.062819 -0.073757
v -0.032663 0.053841 -0.078855
v 0.042948 0.071963 -0.064276
v 0.051324 0.047435 -0.076812
v 0.044353 0.062819 -0.066380
v 0.047419 0.053841 -0.070968
v -0.000000 0.071963 0.077304
v -0.000000 0.047434 0.092380
v -0.000000 0.062819 0.079834
v -0.000000 0.053841 0.085352
v -0.042948 0.071963 -0.064276
v -0.051324 0.047435 -0.076812
v -0.044353 0.062819 -0.066380
v -0.047419 0.053841 -0.070968
v 0.029583 0.071963 -0.071420
v 0.035352 0.047435 -0.085348
v 0.030551 0.062819 -0.073757
v 0.032663 0.053841 -0.078855
v 0.015081 0.071963 0.075819
v 0.018023 0.047435 0.090605
v 0.015575 0.062819 0.078300
v 0.016651 0.053841 0.083712
v -0.054662 0.071963 -0.054662
v -0.065323 0.047435 -0.065323
v -0.056451 0.062819 -0.056451
v -0.060353 0.053841 -0.060353
v 0.015081 0.071963 -0.075819
v 0.018023 0.047435 -0.090605
v 0.015575 0.062819 -0.078300
v 0.016651 0.053841 -0.083712
v 0.029583 0.071963 0.071420
v 0.035352 0.047434 0.085348
v 0.030551 0.062819 0.073757
v 0.032663 0.053841 0.078855
v -0.064276 0.071963 -0.042948
v -0.076812 0.047435 -0.051324
v -0.066380 0.062819 -0.044353
v -0.070968 0.053841 -0.047419
v 0.042948 0.071963 0.064276
v 0.051324 0.047434 0.076812
v 0.044353 0.062819 0.066380
v 0.047419 0.053841 0.070968
v -0.071420 0.071963 -0.029583
v -0.085348 0.047435 -0.035352
v -0.073757 0.062819 -0.030551
v -0.078855 0.053841 -0.032663
v 0.054662 0.071963 0.054662
v 0.065323 0.047434 0.065323
v 0.056451 0.062819 0.056451
v 0.060353 0.053841 0.060353
v -0.075819 0.071963 -0.015081
v -0.090605 0.047435 -0.018023
v -0.078300 0.062819 -0.015575
v -0.083712 0.053841 -0.016651
v 0.093488 0.041439 0.038724
v 0.084137 0.041439 0.056218
v 0.071552 0.041439 0.071552
v 0.099246 0.041439 0.019741
v -0.099246 0.041439 0.019741
v -0.101190 0.041439 -0.000000
v -0.099246 0.041439 -0.019741
v -0.093488 0.041439 0.038724
v 0.101190 0.041439 -0.000000
v -0.084137 0.041439 0.056218
v 0.099246 0.041439 -0.019741
v -0.071552 0.041439 0.071552
v 0.093488 0.041439 -0.038724
v -0.056218 0.041439 0.084137
v 0.084137 0.041439 -0.056218
v -0.038724 0.041439 0.093488
v 0.071552 0.041439 -0.071552
v -0.019741 0.041439 0.099246
v -0.019741 0.041439 -0.099246
v -0.000000 0.041439 -0.101190
v 0.019741 0.041439 -0.099246
v -0.038724 0.041439 -0.093488
v 0.056218 0.041439 -0.084137
v -0.000000 0.041439 0.101190
v -0.056218 0.041439 -0.084137
v 0.038724 0.041439 -0.093488
v 0.019741 0.041439 0.099246
v -0.071552 0.041439 -0.071552
v 0.038724 0.041439 0.093488
v -0.084137 0.041439 -0.056218
v 0.056218 0.041439 0.084137
v -0.093488 0.041439 -0.038724
v -0.000000 0.037809 -0.107611
v -0.020994 0.037809 -0.105543
v -0.042095 0.033130 -0.101627
v -0.041181 0.037809 -0.099419
v -0.059785 0.037809 -0.089475
v -0.076092 0.037809 -0.076092
v -0.091462 0.033130 -0.061113
v -0.089475 0.037809 -0.059785
v -0.099419 0.037809 -0.041181
v -0.107886 0.033130 -0.021460
v -0.105543 0.037809 -0.020994
v -0.110000 0.033130 -0.000000
v -0.107611 0.037809 -0.000000
v -0.105543 0.037809 0.020994
v -0.101627 0.033130 0.042095
v -0.099419 0.037809 0.041181
v -0.091462 0.033130 0.061113
v -0.089475 0.037809 0.059785
v -0.077782 0.033130 0.077782
v -0.076092 0.037809 0.076092
v -0.059785 0.037809 0.089475
v -0.042095 0.033130 0.101627
v -0.041181 0.037809 0.099419
v -0.020994 0.037809 0.105543
v -0.000000 0.033130 0.110000
v -0.000000 0.037809 0.107611
v 0.021460 0.033130 0.107886
v 0.020994 0.037809 0.105543
v 0.041181 0.037809 0.099419
v 0.059785 0.037809 0.089475
v 0.077782 0.033130 0.077782
v 0.076092 0.037809 0.076092
v 0.091462 0.033130 0.061113
v 0.089475 0.037809 0.059785
v 0.101627 0.033130 0.042095
v 0.099419 0.037809 0.041181
v 0.107886 0.033130 0.021460
v 0.105543 0.037809 0.020994
v 0.110000 0.033130 -0.000000
v 0.107611 0.037809 -0.000000
v 0.107886 0.033130 -0.021460
v 0.105543 0.037809 -0.020994
v 0.099419 0.037809 -0.041181
v 0.091462 0.033130 -0.061113
v 0.089475 0.037809 -0.059785
v 0.076092 0.037809 -0.076092
v 0.059785 0.037809 -0.089475
v 0.041181 0.037809 -0.099419
v 0.021460 0.033130 -0.107886
v 0.020994 0.037809 -0.105543
v -0.000000 0.033130 -0.110000
v -0.000000 0.030000 -0.107451
v -0.020963 0.030000 -0.105386
v -0.021460 0.033130 -0.107886
v -0.041120 0.030000 -0.099271
v -0.059696 0.030000 -0.089342
v -0.061113 0.033130 -0.091462
v -0.075979 0.030000 -0.075979
v -0.077782 0.033130 -0.077782
v -0.089342 0.030000 -0.059696
v -0.099271 0.030000 -0.041120
v -0.101627 0.033130 -0.042095
v -0.105386 0.030000 -0.020963
v -0.107451 0.030000 -0.000000
v -0.105386 0.030000 0.020963
v -0.107886 0.033130 0.021460
v -0.099271 0.030000 0.041120
v -0.089342 0.030000 0.059696
v -0.075979 0.030000 0.075979
v -0.059696 0.030000 0.089342
v -0.061113 0.033130 0.091462
v -0.041120 0.030000 0.099271
v -0.020963 0.030000 0.105386
v -0.021460 0.033130 0.107886
v -0.000000 0.030000 0.107451
v 0.020963 0.030000 0.105386
v 0.041120 0.030000 0.099271
v 0.042095 0.033130 0.101627
v 0.059696 0.030000 0.089342
v 0.061113 0.033130 0.091462
v 0.075979 0.030000 0.075979
v 0.089342 0.030000 0.059696
v 0.099271 0.030000 0.041120
v 0.105386 0.030000 0.020963
v 0.107451 0.030000 -0.000000
v 0.105386 0.030000 -0.020963
v 0.099271 0.030000 -0.041120
v 0.101627 0.033130 -0.042095
v 0.089342 0.030000 -0.059696
v 0.075979 0.030000 -0.075979
v 0.077782 0.033130 -0.077782
v 0.059696 0.030000 -0.089342
v 0.061113 0.033130 -0.091462
v 0.041120 0.030000 -0.099271
v 0.042095 0.033130 -0.101627
v 0.020963 0.030000 -0.105386
v -0.000000 0.029128 -0.100000
v -0.019509 0.029128 -0.098079
v -0.038268 0.029128 -0.092388
v -0.055557 0.029128 -0.083147
v -0.070711 0.029128 -0.070711
v -0.083147 0.029128 -0.055557
v -0.092388 0.029128 -0.038268
v -0.098079 0.029128 -0.019509
v -0.100000 0.029128 -0.000000
v -0.098079 0.029128 0.019509
v -0.092388 0.029128 0.038268
v -0.083147 0.029128 0.055557
v -0.070711 0.029128 0.070711
v -0.055557 0.029128 0.083147
v -0.038268 0.029128 0.092388
v -0.019509 0.029128 0.098078
v -0.000000 0.029128 0.100000
v 0.019509 0.029128 0.098078
v 0.038268 0.029128 0.092388
v 0.055557 0.029128 0.083147
v 0.070711 0.029128 0.070711
v 0.083147 0.029128 0.055557
v 0.092388 0.029128 0.038268
v 0.098078 0.029128 0.019509
v 0.100000 0.029128 -0.000000
v 0.098078 0.029128 -0.019509
v 0.092388 0.029128 -0.038268
v 0.083147 0.029128 -0.055557
v 0.070711 0.029128 -0.070711
v 0.055557 0.029128 -0.083147
v 0.038268 0.029128 -0.092388
v 0.019509 0.029128 -0.098079
v -0.019509 0.000000 -0.098079
v -0.000000 0.000000 -0.100000
v -0.038268 0.000000 -0.092388
v -0.055557 0.000000 -0.083147
v -0.070711 0.000000 -0.070711
v -0.083147 0.000000 -0.055557
v -0.092388 0.000000 -0.038268
v -0.098079 0.000000 -0.019509
v -0.100000 0.000000 -0.000000
v -0.098079 0.000000 0.019509
v -0.092388 0.000000 0.038268
v -0.083147 -0.000000 0.055557
v -0.070711 -0.000000 0.070711
v -0.055557 -0.000000 0.083147
v -0.038268 -0.000000 0.092388
v -0.019509 -0.000000 0.098078
v -0.000000 -0.000000 0.100000
v 0.019509 -0.000000 0.098078
v 0.038268 -0.000000 0.092388
v 0.055557 -0.000000 0.083147
v 0.070711 -0.000000 0.070711
v 0.083147 -0.000000 0.055557
v 0.092388 -0.000000 0.038268
v 0.098078 -0.000000 0.019509
v 0.100000 -0.000000 -0.000000
v 0.098078 -0.000000 -0.019509
v 0.092388 -0.000000 -0.038268
v 0.083147 0.000000 -0.055557
v 0.070711 0.000000 -0.070711
v 0.055557 0.000000 -0.083147
v 0.038268 0.000000 -0.092388
v 0.019509 0.000000 -0.098079
v 0.000000 0.171305 -0.044504
v 0.000000 0.158454 -0.023931
v 0.000000 0.168006 -0.037494
v 0.000000 0.163302 -0.029964
v -0.004669 0.158454 -0.023472
v -0.008682 0.171305 -0.043649
v -0.005846 0.163302 -0.029388
v -0.007315 0.168006 -0.036774
v -0.009158 0.158454 -0.022110
v -0.017031 0.171305 -0.041116
v -0.011467 0.163302 -0.027683
v -0.014348 0.168006 -0.034640
v -0.013296 0.158454 -0.019898
v -0.024725 0.171305 -0.037004
v -0.016647 0.163302 -0.024914
v -0.020831 0.168006 -0.031175
v -0.037004 0.171305 -0.024725
v -0.019898 0.158454 -0.013296
v -0.031175 0.168006 -0.020831
v -0.024914 0.163302 -0.016647
v -0.022110 0.158454 -0.009158
v -0.041116 0.171305 -0.017031
v -0.027683 0.163302 -0.011467
v -0.034640 0.168006 -0.014348
v -0.023472 0.158454 -0.004669
v -0.043649 0.171305 -0.008682
v -0.029388 0.163302 -0.005846
v -0.036774 0.168006 -0.007315
v -0.023931 0.158454 0.000000
v -0.044504 0.171305 0.000000
v -0.029964 0.163302 0.000000
v -0.037494 0.168006 0.000000
v -0.023472 0.158454 0.004669
v -0.043649 0.171305 0.008682
v -0.029388 0.163302 0.005846
v -0.036774 0.168006 0.007315
v -0.037004 0.171305 0.024725
v -0.019898 0.158454 0.013296
v -0.031175 0.168006 0.020831
v -0.024914 0.163302 0.016647
v -0.017031 0.171305 0.041116
v -0.009158 0.158454 0.022110
v -0.014348 0.168006 0.034640
v -0.011467 0.163302 0.027683
v 0.000000 0.171305 0.044504
v -0.000000 0.158454 0.023931
v 0.000000 0.168006 0.037494
v 0.000000 0.163302 0.029964
v 0.004669 0.158454 0.023472
v 0.008682 0.171305 0.043649
v 0.005846 0.163302 0.029388
v 0.007315 0.168006 0.036774
v 0.009158 0.158454 0.022110
v 0.017031 0.171305 0.041116
v 0.011467 0.163302 0.027683
v 0.014348 0.168006 0.034640
v 0.013296 0.158454 0.019898
v 0.024725 0.171305 0.037004
v 0.016647 0.163302 0.024914
v 0.020831 0.168006 0.031175
v 0.037004 0.171305 0.024725
v 0.019898 0.158454 0.013296
v 0.031175 0.168006 0.020831
v 0.024914 0.163302 0.016647
v 0.022110 0.158454 0.009158
v 0.041116 0.171305 0.017031
v 0.027683 0.163302 0.011467
v 0.034640 0.168006 0.014348
v 0.023472 0.158454 0.004669
v 0.043649 0.171305 0.008682
v 0.029388 0.163302 0.005846
v 0.036774 0.168006 0.007315
v 0.023931 0.158454 0.000000
v 0.044504 0.171305 0.000000
v 0.029964 0.163302 0.000000
v 0.037494 0.168006 0.000000
v 0.023472 0.158454 -0.004669
v 0.043649 0.171305 -0.008682
v 0.029388 0.163302 -0.005846
v 0.036774 0.168006 -0.007315
v 0.022110 0.158454 -0.009158
v 0.041116 0.171305 -0.017031
v 0.027683 0.163302 -0.011467
v 0.034640 0.168006 -0.014348
v 0.019898 0.158454 -0.013296
v 0.037004 0.171305 -0.024725
v 0.024914 0.163302 -0.016647
v 0.031175 0.168006 -0.020831
v 0.016922 0.158454 -0.016922
v 0.031469 0.171305 -0.031469
v 0.021188 0.163302 -0.021188
v 0.026512 0.168006 -0.026512
v 0.013296 0.158454 -0.019898
v 0.024725 0.171305 -0.037004
v 0.016647 0.163302 -0.024914
v 0.020831 0.168006 -0.031175
v 0.009158 0.158454 -0.022110
v 0.017031 0.171305 -0.041116
v 0.011467 0.163302 -0.027683
v 0.014348 0.168006 -0.034640
v 0.004669 0.158454 -0.023472
v 0.008682 0.171305 -0.043649
v 0.005846 0.163302 -0.029388
v 0.007315 0.168006 -0.036774
v 0.016922 0.158454 0.016922
v 0.031469 0.171305 0.031469
v 0.021188 0.163302 0.021188
v 0.026513 0.168006 0.026513
v -0.004669 0.158454 0.023472
v -0.008682 0.171305 0.043649
v -0.005846 0.163302 0.029389
v -0.007315 0.168006 0.036774
v -0.013296 0.158454 0.019898
v -0.024725 0.171305 0.037004
v -0.016647 0.163302 0.024915
v -0.020831 0.168006 0.031176
v -0.031469 0.171305 0.031469
v -0.016922 0.158454 0.016922
v -0.026513 0.168006 0.026513
v -0.021188 0.163302 0.021188
v -0.022110 0.158454 0.009158
v -0.041117 0.171305 0.017031
v -0.027684 0.163302 0.011467
v -0.034640 0.168006 0.014349
v -0.016922 0.158454 -0.016922
v -0.031469 0.171305 -0.031469
v -0.021188 0.163302 -0.021188
v -0.026513 0.168006 -0.026513
v -0.004469 0.149970 -0.022467
v -0.000000 0.149970 -0.022907
v -0.008766 0.149970 -0.021164
v -0.012727 0.149970 -0.019047
v -0.016198 0.149970 -0.016198
v -0.019047 0.149970 -0.012727
v -0.021164 0.149970 -0.008766
v -0.022467 0.149970 -0.004469
v -0.022907 0.149970 0.000000
v -0.022467 0.149970 0.004469
v -0.021164 0.149970 0.008766
v -0.019047 0.149970 0.012727
v -0.016198 0.149970 0.016198
v -0.012727 0.149970 0.019047
v -0.008766 0.149970 0.021164
v -0.004469 0.149970 0.022467
v -0.000000 0.149970 0.022907
v 0.004469 0.149970 0.022467
v 0.008766 0.149970 0.021164
v 0.012727 0.149970 0.019047
v 0.016198 0.149970 0.016198
v 0.019047 0.149970 0.012727
v 0.021164 0.149970 0.008766
v 0.022467 0.149970 0.004469
v 0.022907 0.149970 0.000000
v 0.022467 0.149970 -0.004469
v 0.021164 0.149970 -0.008766
v 0.019047 0.149970 -0.012727
v 0.016198 0.149970 -0.016198
v 0.012727 0.149970 -0.019047
v 0.008766 0.149970 -0.021164
v 0.004469 0.149970 -0.022467
v -0.000000 0.121867 -0.021600
v -0.000000 0.117693 -0.021692
v -0.004232 0.117693 -0.021275
v -0.004214 0.121867 -0.021185
v -0.008301 0.117693 -0.020041
v -0.008266 0.121867 -0.019956
v -0.012052 0.117693 -0.018036
v -0.012000 0.121867 -0.017960
v -0.015339 0.117693 -0.015339
v -0.015274 0.121867 -0.015274
v -0.018036 0.117693 -0.012052
v -0.017960 0.121867 -0.012000
v -0.020041 0.117693 -0.008301
v -0.019956 0.121867 -0.008266
v -0.021275 0.117693 -0.004232
v -0.021185 0.121867 -0.004214
v -0.021692 0.117693 0.000000
v -0.021600 0.121867 0.000000
v -0.021275 0.117693 0.004232
v -0.021185 0.121867 0.004214
v -0.020041 0.117693 0.008301
v -0.019956 0.121867 0.008266
v -0.018036 0.117693 0.012052
v -0.017960 0.121867 0.012000
v -0.015339 0.117693 0.015339
v -0.015274 0.121867 0.015274
v -0.012052 0.117693 0.018036
v -0.012000 0.121867 0.017960
v -0.008301 0.117693 0.020041
v -0.008266 0.121867 0.019956
v -0.004232 0.117693 0.021275
v -0.004214 0.121867 0.021185
v -0.000000 0.117693 0.021692
v -0.000000 0.121867 0.021600
v 0.004232 0.117693 0.021275
v 0.004214 0.121867 0.021185
v 0.008301 0.117693 0.020041
v 0.008266 0.121867 0.019956
v 0.012052 0.117693 0.018036
v 0.012000 0.121867 0.017960
v 0.015339 0.117693 0.015339
v 0.015274 0.121867 0.015274
v 0.018036 0.117693 0.012052
v 0.017960 0.121867 0.012000
v 0.020041 0.117693 0.008301
v 0.019956 0.121867 0.008266
v 0.021275 0.117693 0.004232
v 0.021185 0.121867 0.004214
v 0.021692 0.117693 0.000000
v 0.021600 0.121867 0.000000
v 0.021275 0.117693 -0.004232
v 0.021185 0.121867 -0.004214
v 0.020041 0.117693 -0.008301
v 0.019956 0.121867 -0.008266
v 0.018036 0.117693 -0.012052
v 0.017960 0.121867 -0.012000
v 0.015339 0.117693 -0.015339
v 0.015274 0.121867 -0.015274
v 0.012052 0.117693 -0.018036
v 0.012000 0.121867 -0.017960
v 0.008301 0.117693 -0.020041
v 0.008266 0.121867 -0.019956
v 0.004232 0.117693 -0.021275
v 0.004214 0.121867 -0.021185
v -0.000000 0.118280 0.022649
v -0.000000 0.121416 0.022558
v 0.004419 0.118280 0.022214
v 0.004401 0.121416 0.022125
v 0.008667 0.118280 0.020925
v 0.008633 0.121416 0.020841
v 0.012583 0.118280 0.018832
v 0.012533 0.121416 0.018757
v 0.016015 0.118280 0.016015
v 0.015951 0.121416 0.015951
v 0.018832 0.118280 0.012583
v 0.018757 0.121416 0.012533
v 0.020925 0.118280 0.008667
v 0.020841 0.121416 0.008633
v 0.022214 0.118280 0.004419
v 0.022125 0.121416 0.004401
v 0.022649 0.118280 0.000000
v 0.022558 0.121416 0.000000
v 0.022214 0.118280 -0.004419
v 0.022125 0.121416 -0.004401
v 0.020925 0.118280 -0.008667
v 0.020841 0.121416 -0.008633
v 0.018832 0.118280 -0.012583
v 0.018757 0.121416 -0.012533
v 0.016015 0.118280 -0.016015
v 0.015951 0.121416 -0.015951
v 0.012583 0.118280 -0.018832
v 0.012533 0.121416 -0.018757
v 0.008667 0.118280 -0.020925
v 0.008633 0.121416 -0.020841
v 0.004419 0.118280 -0.022214
v 0.004401 0.121416 -0.022125
v 0.000000 0.367730 -0.034249
v 0.006682 0.367730 -0.033591
v 0.013107 0.367730 -0.031642
v 0.019028 0.367730 -0.028477
v 0.024218 0.367730 -0.024218
v 0.028477 0.367730 -0.019028
v 0.031642 0.367730 -0.013107
v 0.033591 0.367730 -0.006682
v 0.034249 0.367730 0.000000
v 0.033591 0.367730 0.006682
v 0.031642 0.367730 0.013107
v 0.028477 0.367730 0.019028
v 0.024218 0.367730 0.024218
v 0.019028 0.367730 0.028477
v 0.013107 0.367730 0.031642
v 0.006682 0.367730 0.033591
v 0.000000 0.367730 0.034249
v -0.006682 0.367730 0.033591
v -0.013107 0.367730 0.031642
v -0.019028 0.367730 0.028477
v -0.024218 0.367730 0.024218
v -0.028477 0.367730 0.019028
v -0.031642 0.367730 0.013107
v -0.033591 0.367730 0.006682
v -0.034249 0.367730 0.000000
v -0.033591 0.367730 -0.006682
v -0.031642 0.367730 -0.013107
v -0.028477 0.367730 -0.019028
v -0.024218 0.367730 -0.024218
v -0.019028 0.367730 -0.028477
v -0.013107 0.367730 -0.031642
v -0.006682 0.367730 -0.033591
v -0.000000 0.085522 -0.072001
v 0.014047 0.085522 -0.070617
v -0.014047 0.085522 -0.070617
v -0.027553 0.085522 -0.066520
v -0.040001 0.085522 -0.059866
v -0.050912 0.085522 -0.050912
v -0.059866 0.085522 -0.040001
v -0.066520 0.085522 -0.027553
v -0.070617 0.085522 -0.014047
v -0.072001 0.085522 -0.000000
v -0.070617 0.085522 0.014047
v -0.066520 0.085522 0.027553
v -0.059866 0.085522 0.040001
v -0.050912 0.085522 0.050912
v -0.040001 0.085522 0.059866
v -0.027553 0.085522 0.066520
v -0.014047 0.085522 0.070617
v -0.000000 0.085522 0.072001
v 0.014047 0.085522 0.070617
v 0.027553 0.085522 0.066520
v 0.040001 0.085522 0.059866
v 0.050912 0.085522 0.050912
v 0.059866 0.085522 0.040001
v 0.066520 0.085522 0.027553
v 0.070617 0.085522 0.014047
v 0.072001 0.085522 -0.000000
v 0.070617 0.085522 -0.014047
v 0.066520 0.085522 -0.027553
v 0.059866 0.085522 -0.040001
v 0.050912 0.085522 -0.050912
v 0.040001 0.085522 -0.059866
v 0.027553 0.085522 -0.066520
v -0.002289 0.440214 -0.011507
v 0.000000 0.440214 -0.011732
v -0.008296 0.440214 -0.008296
v -0.006518 0.440214 -0.009755
v -0.011507 0.440214 0.002289
v -0.011732 0.440214 0.000000
v -0.010839 0.440214 -0.004490
v -0.009755 0.440214 -0.006518
v -0.009755 0.440214 0.006518
v -0.010839 0.440214 0.004490
v -0.004490 0.440214 0.010839
v -0.006518 0.440214 0.009755
v 0.002289 0.440214 0.011507
v 0.000000 0.440214 0.011732
v -0.002289 0.440214 0.011507
v -0.008296 0.440214 0.008296
v 0.008296 0.440214 0.008296
v 0.006518 0.440214 0.009755
v 0.004490 0.440214 0.010839
v 0.011507 0.440214 0.002289
v 0.010839 0.440214 0.004490
v 0.011732 0.440214 0.000000
v 0.009755 0.440214 -0.006518
v 0.010839 0.440214 -0.004490
v 0.006518 0.440214 -0.009755
v 0.008296 0.440214 -0.008296
v 0.011507 0.440214 -0.002289
v 0.009755 0.440214 0.006518
v 0.004490 0.440214 -0.010839
v -0.011507 0.440214 -0.002289
v -0.004490 0.440214 -0.010839
v 0.002289 0.440214 -0.011507
v 0.000000 0.318546 -0.084479
v 0.000000 0.281921 -0.099650
v 0.000000 0.262099 -0.101602
v 0.000000 0.242277 -0.099650
v 0.000000 0.205652 -0.084479
v 0.014016 0.333943 -0.070463
v 0.016481 0.318546 -0.082856
v 0.018313 0.300980 -0.092065
v 0.019441 0.281921 -0.097735
v 0.019822 0.262099 -0.099650
v 0.019441 0.242277 -0.097735
v 0.018313 0.223217 -0.092065
v 0.016481 0.205652 -0.082856
v 0.014016 0.190255 -0.070463
v 0.027493 0.333943 -0.066375
v 0.032329 0.318546 -0.078049
v 0.035922 0.300980 -0.086723
v 0.038134 0.281921 -0.092065
v 0.038882 0.262099 -0.093868
v 0.038134 0.242277 -0.092065
v 0.035922 0.223217 -0.086723
v 0.032329 0.205652 -0.078049
v 0.027493 0.190255 -0.066375
v 0.039914 0.333943 -0.059736
v 0.046934 0.318546 -0.070242
v 0.052150 0.300980 -0.078049
v 0.055363 0.281921 -0.082856
v 0.056447 0.262099 -0.084479
v 0.055363 0.242277 -0.082856
v 0.052150 0.223217 -0.078049
v 0.046934 0.205652 -0.070242
v 0.039914 0.190255 -0.059736
v 0.050801 0.333943 -0.050801
v 0.059736 0.318546 -0.059736
v 0.066375 0.300980 -0.066375
v 0.070463 0.281921 -0.070463
v 0.071844 0.262099 -0.071844
v 0.070463 0.242277 -0.070463
v 0.066375 0.223217 -0.066375
v 0.059736 0.205652 -0.059736
v 0.050801 0.190255 -0.050801
v 0.059736 0.333943 -0.039914
v 0.070242 0.318546 -0.046934
v 0.078049 0.300980 -0.052150
v 0.082856 0.281921 -0.055363
v 0.084479 0.262099 -0.056447
v 0.082856 0.242277 -0.055363
v 0.078049 0.223217 -0.052150
v 0.070242 0.205652 -0.046934
v 0.059736 0.190255 -0.039914
v 0.066375 0.333943 -0.027493
v 0.078049 0.318546 -0.032329
v 0.086723 0.300980 -0.035922
v 0.092065 0.281921 -0.038134
v 0.093868 0.262099 -0.038881
v 0.092065 0.242277 -0.038134
v 0.086723 0.223217 -0.035922
v 0.078049 0.205652 -0.032329
v 0.066375 0.190255 -0.027493
v 0.070463 0.333943 -0.014016
v 0.082856 0.318546 -0.016481
v 0.092065 0.300980 -0.018313
v 0.097735 0.281921 -0.019441
v 0.099650 0.262099 -0.019822
v 0.097735 0.242277 -0.019441
v 0.092065 0.223217 -0.018313
v 0.082856 0.205652 -0.016481
v 0.070463 0.190255 -0.014016
v 0.071844 0.333943 0.000000
v 0.084479 0.318546 0.000000
v 0.093868 0.300980 0.000000
v 0.099650 0.281921 0.000000
v 0.101602 0.262099 0.000000
v 0.099650 0.242277 0.000000
v 0.093868 0.223217 0.000000
v 0.084479 0.205652 0.000000
v 0.071844 0.190255 0.000000
v 0.070463 0.333943 0.014016
v 0.082856 0.318546 0.016481
v 0.092065 0.300980 0.018313
v 0.097735 0.281921 0.019441
v 0.099650 0.262099 0.019822
v 0.097735 0.242277 0.019441
v 0.092065 0.223217 0.018313
v 0.082856 0.205652 0.016481
v 0.070463 0.190255 0.014016
v 0.066375 0.333943 0.027493
v 0.078049 0.318546 0.032329
v 0.086723 0.300980 0.035922
v 0.092065 0.281921 0.038134
v 0.093868 0.262099 0.038882
v 0.092065 0.242277 0.038134
v 0.086723 0.223217 0.035922
v 0.078049 0.205652 0.032329
v 0.066375 0.190255 0.027493
v 0.059736 0.333943 0.039914
v 0.070242 0.318546 0.046934
v 0.078049 0.300980 0.052150
v 0.082856 0.281920 0.055363
v 0.084479 0.262099 0.056447
v 0.082856 0.242277 0.055363
v 0.078049 0.223217 0.052150
v 0.070242 0.205652 0.046934
v 0.059736 0.190255 0.039914
v 0.050801 0.333943 0.050801
v 0.059736 0.318546 0.059736
v 0.066375 0.300980 0.066375
v 0.070463 0.281920 0.070463
v 0.071844 0.262099 0.071844
v 0.070463 0.242277 0.070463
v 0.066375 0.223217 0.066375
v 0.059736 0.205652 0.059736
v 0.050801 0.190255 0.050801
v 0.039914 0.333943 0.059736
v 0.046934 0.318546 0.070242
v 0.052150 0.300980 0.078049
v 0.055363 0.281920 0.082856
v 0.056447 0.262099 0.084479
v 0.055363 0.242277 0.082856
v 0.052150 0.223217 0.078049
v 0.046934 0.205652 0.070242
v 0.039914 0.190255 0.059736
v 0.027493 0.333943 0.066375
v 0.032329 0.318546 0.078049
v 0.035922 0.300980 0.086723
v 0.038134 0.281920 0.092065
v 0.038882 0.262099 0.093868
v 0.038134 0.242277 0.092065
v 0.035922 0.223217 0.086723
v 0.032329 0.205652 0.078049
v 0.027493 0.190255 0.066375
v 0.014016 0.333943 0.070463
v 0.016481 0.318546 0.082856
v 0.018313 0.300980 0.092065
v 0.019441 0.281920 0.097735
v 0.019822 0.262099 0.099650
v 0.019441 0.242277 0.097735
v 0.018313 0.223217 0.092065
v 0.016481 0.205652 0.082856
v 0.014016 0.190255 0.070463
v 0.000000 0.333943 0.071844
v 0.000000 0.318546 0.084479
v 0.000000 0.300980 0.093868
v 0.000000 0.281920 0.099650
v 0.000000 0.262099 0.101602
v 0.000000 0.242277 0.099650
v 0.000000 0.223217 0.093868
v 0.000000 0.205652 0.084479
v 0.000000 0.190255 0.071844
v -0.014016 0.333943 0.070463
v -0.016481 0.318546 0.082856
v -0.018313 0.300980 0.092065
v -0.019441 0.281921 0.097735
v -0.019822 0.262099 0.099650
v -0.019441 0.242277 0.097735
v -0.018313 0.223217 0.092065
v -0.016481 0.205652 0.082856
v -0.014016 0.190255 0.070463
v -0.027493 0.333943 0.066375
v -0.032329 0.318546 0.078049
v -0.035922 0.300980 0.086723
v -0.038134 0.281921 0.092065
v -0.038881 0.262099 0.093868
v -0.038134 0.242277 0.092065
v -0.035922 0.223217 0.086723
v -0.032329 0.205652 0.078049
v -0.027493 0.190255 0.066375
v -0.039914 0.333943 0.059736
v -0.046934 0.318546 0.070242
v -0.052150 0.300980 0.078049
v -0.055363 0.281921 0.082856
v -0.056447 0.262099 0.084479
v -0.055363 0.242277 0.082856
v -0.052150 0.223217 0.078049
v -0.046934 0.205652 0.070242
v -0.039914 0.190255 0.059736
v -0.050801 0.333943 0.050801
v -0.059736 0.318546 0.059736
v -0.066375 0.300980 0.066375
v -0.070463 0.281921 0.070463
v -0.071844 0.262099 0.071844
v -0.070463 0.242277 0.070463
v -0.066375 0.223217 0.066375
v -0.059736 0.205652 0.059736
v -0.050801 0.190255 0.050801
v -0.059736 0.333943 0.039914
v -0.070242 0.318546 0.046934
v -0.078048 0.300980 0.052150
v -0.082856 0.281921 0.055363
v -0.084479 0.262099 0.056447
v -0.082856 0.242277 0.055363
v -0.078049 0.223217 0.052150
v -0.070242 0.205652 0.046934
v -0.059736 0.190255 0.039914
v -0.066375 0.333943 0.027493
v -0.078048 0.318546 0.032329
v -0.086723 0.300980 0.035922
v -0.092065 0.281921 0.038134
v -0.093868 0.262099 0.038881
v -0.092065 0.242277 0.038134
v -0.086723 0.223217 0.035922
v -0.078049 0.205652 0.032329
v -0.066375 0.190255 0.027493
v -0.070463 0.333943 0.014016
v -0.082856 0.318546 0.016481
v -0.092064 0.300980 0.018313
v -0.097735 0.281921 0.019441
v -0.099650 0.262099 0.019822
v -0.097735 0.242277 0.019441
v -0.092065 0.223217 0.018313
v -0.082856 0.205652 0.016481
v -0.070463 0.190255 0.014016
v -0.071844 0.333943 0.000000
v -0.084479 0.318546 0.000000
v -0.093868 0.300980 0.000000
v -0.099650 0.281921 -0.000000
v -0.101602 0.262099 -0.000000
v -0.099650 0.242277 -0.000000
v -0.093868 0.223217 0.000000
v -0.084479 0.205652 -0.000000
v -0.071844 0.190255 0.000000
v -0.070463 0.333943 -0.014016
v -0.082856 0.318546 -0.016481
v -0.092064 0.300980 -0.018313
v -0.097735 0.281921 -0.019441
v -0.099650 0.262099 -0.019822
v -0.097735 0.242277 -0.019441
v -0.092065 0.223217 -0.018313
v -0.082856 0.205652 -0.016481
v -0.070463 0.190255 -0.014016
v -0.066375 0.333943 -0.027493
v -0.078048 0.318546 -0.032329
v -0.086723 0.300980 -0.035922
v -0.092065 0.281921 -0.038134
v -0.093868 0.262099 -0.038881
v -0.092065 0.242277 -0.038134
v -0.086723 0.223217 -0.035922
v -0.078049 0.205652 -0.032329
v -0.066375 0.190255 -0.027493
v -0.059736 0.333943 -0.039914
v -0.070242 0.318546 -0.046934
v -0.078048 0.300980 -0.052150
v -0.082856 0.281921 -0.055363
v -0.084479 0.262099 -0.056447
v -0.082856 0.242277 -0.055363
v -0.078049 0.223217 -0.052150
v -0.070242 0.205652 -0.046934
v -0.059736 0.190255 -0.039914
v -0.050801 0.333943 -0.050801
v -0.059736 0.318546 -0.059736
v -0.066375 0.300980 -0.066375
v -0.070463 0.281921 -0.070463
v -0.071844 0.262099 -0.071844
v -0.070463 0.242277 -0.070463
v -0.066375 0.223217 -0.066375
v -0.059736 0.205652 -0.059736
v -0.050801 0.190255 -0.050801
v -0.039914 0.333943 -0.059736
v -0.046934 0.318546 -0.070242
v -0.052150 0.300980 -0.078049
v -0.055362 0.281921 -0.082856
v -0.056447 0.262099 -0.084479
v -0.055362 0.242277 -0.082856
v -0.052150 0.223217 -0.078049
v -0.046934 0.205652 -0.070242
v -0.039914 0.190255 -0.059736
v -0.027493 0.333943 -0.066375
v -0.032329 0.318546 -0.078049
v -0.035922 0.300980 -0.086723
v -0.038134 0.281921 -0.092065
v -0.038881 0.262099 -0.093868
v -0.038134 0.242277 -0.092065
v -0.035922 0.223217 -0.086723
v -0.032329 0.205652 -0.078049
v -0.027493 0.190255 -0.066375
v -0.014016 0.333943 -0.070463
v -0.016481 0.318546 -0.082856
v -0.018313 0.300980 -0.092065
v -0.019441 0.281921 -0.097735
v -0.019821 0.262099 -0.099650
v -0.019441 0.242277 -0.097735
v -0.018313 0.223217 -0.092065
v -0.016481 0.205652 -0.082856
v -0.014016 0.190255 -0.070463
v 0.000000 0.333943 -0.071844
v 0.000000 0.300980 -0.093868
v 0.000000 0.223217 -0.093868
v 0.000000 0.190255 -0.071844
v 0.011236 0.178561 -0.056487
v 0.022040 0.178561 -0.053210
v 0.031998 0.178561 -0.047888
v 0.040725 0.178561 -0.040725
v 0.047888 0.178561 -0.031998
v 0.053210 0.178561 -0.022040
v 0.056487 0.178561 -0.011236
v 0.057594 0.178561 0.000000
v 0.056487 0.178561 0.011236
v 0.053210 0.178561 0.022040
v 0.047888 0.178561 0.031998
v 0.040725 0.178561 0.040725
v 0.031998 0.178561 0.047888
v 0.022040 0.178561 0.053210
v 0.011236 0.178561 0.056487
v 0.000000 0.178561 0.057594
v -0.011236 0.178561 0.056487
v -0.022040 0.178561 0.053210
v -0.031997 0.178561 0.047888
v -0.040725 0.178561 0.040725
v -0.047888 0.178561 0.031997
v -0.053210 0.178561 0.022040
v -0.056487 0.178561 0.011236
v -0.057594 0.178561 -0.000000
v -0.056487 0.178561 -0.011236
v -0.053210 0.178561 -0.022040
v -0.047888 0.178561 -0.031998
v -0.040725 0.178561 -0.040725
v -0.031997 0.178561 -0.047888
v -0.022040 0.178561 -0.053210
v -0.011236 0.178561 -0.056487
v 0.000000 0.178561 -0.057594
v 0.011012 0.346578 -0.055363
v 0.000000 0.346578 -0.056447
v 0.021601 0.346578 -0.052150
v 0.031360 0.346578 -0.046934
v 0.039914 0.346578 -0.039914
v 0.046934 0.346578 -0.031360
v 0.052150 0.346578 -0.021601
v 0.055363 0.346578 -0.011012
v 0.056447 0.346578 0.000000
v 0.055363 0.346578 0.011012
v 0.052150 0.346578 0.021601
v 0.046934 0.346578 0.031360
v 0.039914 0.346578 0.039914
v 0.031360 0.346578 0.046934
v 0.021601 0.346578 0.052150
v 0.011012 0.346578 0.055363
v 0.000000 0.346578 0.056447
v -0.011012 0.346578 0.055363
v -0.021601 0.346578 0.052150
v -0.031360 0.346578 0.046934
v -0.039914 0.346578 0.039914
v -0.046934 0.346578 0.031360
v -0.052150 0.346578 0.021601
v -0.055362 0.346578 0.011012
v -0.056447 0.346578 0.000000
v -0.055362 0.346578 -0.011012
v -0.052150 0.346578 -0.021601
v -0.046934 0.346578 -0.031360
v -0.039914 0.346578 -0.039914
v -0.031360 0.346578 -0.046934
v -0.021601 0.346578 -0.052150
v -0.011012 0.346578 -0.055362
v 0.017196 0.382695 0.000898
v 0.017196 0.382060 0.000635
v 0.017196 0.381797 0.000000
v 0.017196 0.382060 -0.000635
v 0.017196 0.382695 -0.000898
v 0.017196 0.383330 -0.000635
v 0.017196 0.383594 0.000000
v 0.017196 0.383330 0.000635
v 0.037611 0.386306 -0.008716
v 0.037611 0.382695 -0.009434
v 0.037611 0.389367 -0.006671
v 0.037611 0.391412 -0.003610
v 0.037611 0.392130 0.000000
v 0.037611 0.391412 0.003611
v 0.037611 0.389367 0.006671
v 0.037611 0.386306 0.008716
v 0.037611 0.382695 0.009435
v 0.037611 0.379085 0.008716
v 0.037611 0.376024 0.006671
v 0.037611 0.373979 0.003611
v 0.037611 0.373261 0.000000
v 0.037611 0.373979 -0.003610
v 0.037611 0.376024 -0.006671
v 0.037611 0.379085 -0.008716
v 0.039107 0.386306 -0.008716
v 0.039107 0.382695 -0.009434
v 0.039107 0.389367 -0.006671
v 0.039107 0.391412 -0.003610
v 0.039107 0.392130 0.000000
v 0.039107 0.391412 0.003611
v 0.039107 0.389367 0.006671
v 0.039107 0.386306 0.008716
v 0.039107 0.382695 0.009435
v 0.039107 0.379085 0.008716
v 0.039107 0.376024 0.006671
v 0.039107 0.373979 0.003611
v 0.039107 0.373261 0.000000
v 0.039107 0.373979 -0.003610
v 0.039107 0.376024 -0.006671
v 0.039107 0.379085 -0.008716
v 0.037754 0.382695 -0.000898
v 0.037754 0.382060 -0.000635
v 0.037754 0.381797 0.000000
v 0.037754 0.382060 0.000635
v 0.037754 0.383330 0.000635
v 0.037754 0.383594 0.000000
v 0.037754 0.383330 -0.000635
v 0.037754 0.382695 0.000898
v 0.040251 0.382040 0.000586
v 0.040251 0.382745 0.000878
v 0.040251 0.381818 0.000050
v 0.040251 0.382040 -0.000585
v 0.040251 0.382646 -0.000878
v 0.040251 0.383351 -0.000585
v 0.040251 0.383573 0.000050
v 0.040251 0.383281 0.000656
v 0.038949 0.383573 0.000050
v 0.038949 0.383351 -0.000585
v 0.038949 0.382745 0.000878
v 0.038949 0.383281 0.000656
v 0.038949 0.382110 0.000656
v 0.038949 0.382040 -0.000585
v 0.038949 0.381818 0.000050
v 0.038949 0.382646 -0.000878
v 0.037611 0.382695 0.000000
v 0.039107 0.382695 0.000000
vn 0.3473 0.4200 0.8384
vn 0.1770 0.4200 0.8901
vn 0.1422 0.6849 0.7147
vn 0.2788 0.6849 0.6732
vn -0.6050 -0.6860 0.4042
vn -0.4147 -0.8667 0.2771
vn -0.4608 -0.8667 0.1909
vn -0.6722 -0.6860 0.2784
vn 0.2771 -0.8667 -0.4147
vn 0.3527 -0.8667 -0.3527
vn 0.5145 -0.6860 -0.5145
vn 0.4042 -0.6860 -0.6050
vn -0.0000 -0.8667 0.4988
vn -0.0973 -0.8667 0.4892
vn -0.1419 -0.6860 0.7136
vn -0.0000 -0.6860 0.7276
vn -0.5145 -0.6860 0.5145
vn -0.3527 -0.8667 0.3527
vn 0.4608 -0.8667 0.1909
vn 0.4147 -0.8667 0.2771
vn 0.6050 -0.6860 0.4042
vn 0.6722 -0.6860 0.2784
vn -0.4988 -0.8667 -0.0000
vn -0.4892 -0.8667 -0.0973
vn -0.7136 -0.6860 -0.1419
vn -0.7276 -0.6860 -0.0000
vn 0.3527 -0.8667 0.3527
vn 0.5145 -0.6860 0.5145
vn 0.1419 -0.6860 0.7136
vn 0.0973 -0.8667 0.4892
vn -0.1909 -0.8667 0.4608
vn -0.2784 -0.6860 0.6722
vn -0.4608 -0.8667 -0.1909
vn -0.4147 -0.8667 -0.2771
vn -0.6050 -0.6860 -0.4042
vn -0.6722 -0.6860 -0.2784
vn -0.4892 -0.8667 0.0973
vn -0.7136 -0.6860 0.1419
vn -0.5145 -0.6860 -0.5145
vn -0.3527 -0.8667 -0.3527
vn -0.2771 -0.8667 -0.4147
vn -0.4042 -0.6860 -0.6050
vn 0.4147 -0.8667 -0.2771
vn 0.6050 -0.6860 -0.4042
vn 0.4608 -0.8667 -0.1909
vn 0.4892 -0.8667 -0.0973
vn 0.7136 -0.6860 -0.1419
vn 0.6722 -0.6860 -0.2784
vn 0.4892 -0.8667 0.0973
vn 0.7136 -0.6860 0.1419
vn 0.4988 -0.8667 -0.0000
vn 0.7276 -0.6860 -0.0000
vn 0.1419 -0.6860 -0.7136
vn 0.0973 -0.8667 -0.4892
vn 0.1909 -0.8667 -0.4608
vn 0.2784 -0.6860 -0.6722
vn -0.0000 -0.8667 -0.4988
vn -0.0000 -0.6860 -0.7276
vn -0.1909 -0.8667 -0.4608
vn -0.0973 -0.8667 -0.4892
vn -0.1419 -0.6860 -0.7136
vn -0.2784 -0.6860 -0.6722
vn -0.0000 0.7814 -0.6240
vn -0.0000 0.6857 0.7279
vn 0.1420 0.6857 0.7139
vn -0.1217 0.7814 -0.6120
vn 0.1909 -0.8667 0.4608
vn 0.2784 -0.6860 0.6722
vn -0.2771 -0.8667 0.4147
vn -0.4042 -0.6860 0.6050
vn 0.2013 0.8505 0.4859
vn 0.1026 0.8505 0.5159
vn 0.1425 0.6831 0.7163
vn 0.2795 0.6831 0.6747
vn -0.1026 0.8505 -0.5159
vn -0.0000 0.8505 -0.5260
vn -0.0000 0.6831 -0.7303
vn -0.1425 0.6831 -0.7163
vn -0.5159 0.8505 -0.1026
vn -0.4859 0.8505 -0.2013
vn -0.6747 0.6831 -0.2795
vn -0.7163 0.6831 -0.1425
vn -0.2013 0.8505 -0.4859
vn -0.2795 0.6831 -0.6747
vn 0.4373 0.8505 -0.2922
vn 0.4859 0.8505 -0.2013
vn 0.6747 0.6831 -0.2795
vn 0.6072 0.6831 -0.4057
vn -0.2013 0.8505 0.4859
vn -0.2922 0.8505 0.4373
vn -0.4057 0.6831 0.6072
vn -0.2795 0.6831 0.6747
vn 0.6747 0.6831 0.2795
vn 0.4859 0.8505 0.2013
vn 0.4373 0.8505 0.2922
vn 0.6072 0.6831 0.4057
vn 0.1026 0.8505 -0.5159
vn 0.1425 0.6831 -0.7163
vn -0.3719 0.8505 0.3719
vn -0.5164 0.6831 0.5164
vn 0.3719 0.8505 0.3719
vn 0.2922 0.8505 0.4373
vn 0.4057 0.6831 0.6072
vn 0.5164 0.6831 0.5164
vn -0.6072 0.6831 -0.4057
vn -0.4373 0.8505 -0.2922
vn -0.3719 0.8505 -0.3719
vn -0.5164 0.6831 -0.5164
vn -0.4859 0.8505 0.2013
vn -0.5159 0.8505 0.1026
vn -0.7163 0.6831 0.1425
vn -0.6747 0.6831 0.2795
vn 0.2013 0.8505 -0.4859
vn 0.2795 0.6831 -0.6747
vn -0.2922 0.8505 -0.4373
vn -0.4057 0.6831 -0.6072
vn -0.0000 0.6831 0.7303
vn -0.0000 0.8505 0.5260
vn -0.1026 0.8505 0.5159
vn -0.1425 0.6831 0.7163
vn 0.4057 0.6831 -0.6072
vn 0.2922 0.8505 -0.4373
vn 0.3719 0.8505 -0.3719
vn 0.5164 0.6831 -0.5164
vn -0.7303 0.6831 -0.0000
vn -0.5260 0.8505 -0.0000
vn 0.5159 0.8505 0.1026
vn 0.7163 0.6831 0.1425
vn -0.4373 0.8505 0.2922
vn -0.6072 0.6831 0.4057
vn 0.5159 0.8505 -0.1026
vn 0.5260 0.8505 -0.0000
vn 0.7303 0.6831 -0.0000
vn 0.7163 0.6831 -0.1425
vn -0.3234 -0.5344 0.7809
vn -0.3302 -0.5056 0.7971
vn -0.4793 -0.5056 0.7174
vn -0.4696 -0.5344 0.7028
vn 0.4042 -0.6860 0.6050
vn 0.2771 -0.8667 0.4147
vn -0.1204 0.7870 -0.6051
vn -0.0000 0.7870 -0.6170
vn -0.0000 0.7870 0.6170
vn -0.1204 0.7870 0.6051
vn 0.9617 0.2743 -0.0000
vn 0.9432 0.2743 0.1876
vn 0.9690 0.1545 0.1927
vn 0.9880 0.1545 -0.0000
vn -0.5700 0.7870 -0.2361
vn -0.5130 0.7870 -0.3428
vn 0.5130 0.7870 0.3428
vn 0.4363 0.7870 0.4363
vn 0.5700 0.7870 0.2361
vn 0.6170 0.7870 -0.0000
vn 0.6051 0.7870 0.1204
vn 0.6051 0.7870 -0.1204
vn -0.4363 0.7870 -0.4363
vn -0.3428 0.7870 -0.5130
vn 0.3428 0.7870 0.5130
vn 0.2361 0.7870 0.5700
vn 0.1204 0.7870 0.6051
vn -0.2361 0.7870 -0.5700
vn -0.6170 0.7870 -0.0000
vn -0.6051 0.7870 -0.1204
vn -0.5527 -0.1021 -0.8271
vn -0.3807 -0.1021 -0.9191
vn 0.4363 0.7870 -0.4363
vn 0.5130 0.7870 -0.3428
vn 0.2361 0.7870 -0.5700
vn 0.3428 0.7870 -0.5130
vn 0.1204 0.7870 -0.6051
vn 0.5700 0.7870 -0.2361
vn 0.5845 0.7112 -0.3906
vn 0.6495 0.7112 -0.2690
vn 0.4213 0.8900 -0.1745
vn 0.3792 0.8900 -0.2533
vn -0.2361 0.7870 0.5700
vn -0.3428 0.7870 0.5130
vn -0.5130 0.7870 0.3428
vn -0.5700 0.7870 0.2361
vn -0.6051 0.7870 0.1204
vn -0.4363 0.7870 0.4363
vn -0.3370 0.7951 -0.5043
vn -0.4289 0.7951 -0.4289
vn -0.5401 0.6455 -0.5401
vn -0.4243 0.6455 -0.6351
vn -0.5948 0.7951 0.1183
vn -0.7491 0.6455 0.1490
vn -0.7638 0.6455 -0.0000
vn -0.6065 0.7951 -0.0000
vn -0.0000 0.7951 0.6065
vn 0.1183 0.7951 0.5948
vn 0.1490 0.6455 0.7491
vn -0.0000 0.6455 0.7638
vn 0.3370 0.7951 0.5043
vn 0.4289 0.7951 0.4289
vn 0.5401 0.6455 0.5401
vn 0.4243 0.6455 0.6351
vn 0.5043 0.7951 -0.3370
vn 0.4289 0.7951 -0.4289
vn 0.5401 0.6455 -0.5401
vn 0.6351 0.6455 -0.4243
vn 0.2303 0.9609 -0.1539
vn 0.2558 0.9609 -0.1060
vn 0.1674 0.9834 -0.0693
vn 0.1507 0.9834 -0.1007
vn 0.1183 0.7951 -0.5948
vn 0.1876 0.2743 -0.9432
vn -0.0000 0.2743 -0.9617
vn -0.0000 0.7951 -0.6065
vn -0.5948 0.7951 -0.1183
vn -0.7491 0.6455 -0.1490
vn -0.7056 0.6455 -0.2923
vn -0.5603 0.7951 -0.2321
vn -0.2321 0.7951 0.5603
vn -0.2923 0.6455 0.7056
vn -0.4243 0.6455 0.6351
vn -0.3370 0.7951 0.5043
vn -0.5043 0.7951 0.3370
vn -0.6351 0.6455 0.4243
vn -0.7056 0.6455 0.2923
vn -0.5603 0.7951 0.2321
vn 0.3370 0.7951 -0.5043
vn 0.2321 0.7951 -0.5603
vn 0.2923 0.6455 -0.7056
vn 0.4243 0.6455 -0.6351
vn -0.5401 0.6455 0.5401
vn -0.4289 0.7951 0.4289
vn -0.6351 0.6455 -0.4243
vn -0.5043 0.7951 -0.3370
vn -0.1490 0.6455 -0.7491
vn -0.0000 0.6455 -0.7638
vn -0.1183 0.7951 -0.5948
vn -0.2321 0.7951 -0.5603
vn -0.2923 0.6455 -0.7056
vn 0.5948 0.7951 -0.1183
vn 0.7491 0.6455 -0.1490
vn 0.7638 0.6455 -0.0000
vn 0.6065 0.7951 -0.0000
vn 0.2321 0.7951 0.5603
vn 0.2923 0.6455 0.7056
vn 0.3680 0.2743 -0.8885
vn 0.3781 0.1545 -0.9128
vn 0.1927 0.1545 -0.9690
vn 0.1490 0.6455 -0.7491
vn 0.5603 0.7951 0.2321
vn 0.7056 0.6455 0.2923
vn 0.6351 0.6455 0.4243
vn 0.5043 0.7951 0.3370
vn -0.1490 0.6455 0.7491
vn -0.1183 0.7951 0.5948
vn 0.7491 0.6455 0.1490
vn 0.5948 0.7951 0.1183
vn 0.7996 0.2743 0.5343
vn 0.6800 0.2743 0.6800
vn 0.6986 0.1545 0.6986
vn 0.8215 0.1545 0.5489
vn 0.9128 0.1545 0.3781
vn 0.8885 0.2743 0.3680
vn 0.7996 0.2743 -0.5343
vn 0.8885 0.2743 -0.3680
vn 0.9128 0.1545 -0.3781
vn 0.8215 0.1545 -0.5489
vn -0.8049 -0.5714 0.1601
vn -0.9800 -0.0398 0.1949
vn -0.9992 -0.0398 -0.0000
vn -0.8207 -0.5714 -0.0000
vn -0.9617 0.2743 -0.0000
vn -0.9432 0.2743 -0.1876
vn -0.9690 0.1545 -0.1927
vn -0.9880 0.1545 -0.0000
vn 0.5343 0.2743 0.7996
vn 0.5489 0.1545 0.8215
vn -0.5489 0.1545 0.8215
vn -0.5343 0.2743 0.7996
vn -0.6800 0.2743 0.6800
vn -0.6986 0.1545 0.6986
vn -0.8885 0.2743 0.3680
vn -0.9432 0.2743 0.1876
vn -0.9690 0.1545 0.1927
vn -0.9128 0.1545 0.3781
vn 0.6800 0.2743 -0.6800
vn 0.6986 0.1545 -0.6986
vn 0.1876 0.2743 0.9432
vn -0.0000 0.2743 0.9617
vn -0.0000 0.1545 0.9880
vn 0.1927 0.1545 0.9690
vn -0.7996 0.2743 0.5343
vn -0.8215 0.1545 0.5489
vn 0.5343 0.2743 -0.7996
vn 0.5489 0.1545 -0.8215
vn 0.9432 0.2743 -0.1876
vn 0.9690 0.1545 -0.1927
vn -0.1876 0.2743 0.9432
vn -0.3680 0.2743 0.8885
vn -0.3781 0.1545 0.9128
vn -0.1927 0.1545 0.9690
vn -0.1876 0.2743 -0.9432
vn -0.0000 0.1545 -0.9880
vn -0.1927 0.1545 -0.9690
vn -0.3680 0.2743 -0.8885
vn -0.3781 0.1545 -0.9128
vn 0.3680 0.2743 0.8885
vn 0.3781 0.1545 0.9128
vn -0.7996 0.2743 -0.5343
vn -0.6800 0.2743 -0.6800
vn -0.6986 0.1545 -0.6986
vn -0.8215 0.1545 -0.5489
vn -0.5343 0.2743 -0.7996
vn -0.5489 0.1545 -0.8215
vn -0.8885 0.2743 -0.3680
vn -0.9128 0.1545 -0.3781
vn 0.1007 0.9834 -0.1507
vn 0.1281 0.9834 -0.1281
vn 0.3632 0.8580 -0.3632
vn 0.2853 0.8580 -0.4270
vn -0.0000 0.9834 -0.1812
vn 0.0353 0.9834 -0.1777
vn 0.1002 0.8580 -0.5037
vn -0.0000 0.8580 -0.5136
vn 0.1837 0.3367 0.9235
vn -0.0000 0.3367 0.9416
vn -0.0000 -0.0000 1.0000
vn 0.1951 -0.0000 0.9808
vn -0.1281 0.9834 -0.1281
vn -0.1007 0.9834 -0.1507
vn -0.2853 0.8580 -0.4270
vn -0.3632 0.8580 -0.3632
vn 0.1812 0.9834 -0.0000
vn 0.1777 0.9834 0.0353
vn 0.5037 0.8580 0.1002
vn 0.5136 0.8580 -0.0000
vn -0.0353 0.9834 0.1777
vn -0.0693 0.9834 0.1674
vn -0.1965 0.8580 0.4745
vn -0.1002 0.8580 0.5037
vn 0.0353 0.9834 0.1777
vn -0.0000 0.9834 0.1812
vn -0.0000 0.8580 0.5136
vn 0.1002 0.8580 0.5037
vn -0.4745 0.8580 0.1965
vn -0.1674 0.9834 0.0693
vn -0.1777 0.9834 0.0353
vn -0.5037 0.8580 0.1002
vn 0.1777 0.9834 -0.0353
vn 0.5037 0.8580 -0.1002
vn 0.4745 0.8580 -0.1965
vn 0.4270 0.8580 -0.2853
vn 0.1965 0.8580 0.4745
vn 0.0693 0.9834 0.1674
vn -0.0693 0.9834 -0.1674
vn -0.1965 0.8580 -0.4745
vn -0.4270 0.8580 -0.2853
vn -0.1507 0.9834 -0.1007
vn 0.4745 0.8580 0.1965
vn 0.1674 0.9834 0.0693
vn 0.1507 0.9834 0.1007
vn 0.4270 0.8580 0.2853
vn -0.1507 0.9834 0.1007
vn -0.4270 0.8580 0.2853
vn 0.0693 0.9834 -0.1674
vn 0.1965 0.8580 -0.4745
vn -0.1281 0.9834 0.1281
vn -0.3632 0.8580 0.3632
vn -0.2853 0.8580 0.4270
vn -0.1007 0.9834 0.1507
vn -0.1812 0.9834 -0.0000
vn -0.1777 0.9834 -0.0353
vn -0.5037 0.8580 -0.1002
vn -0.5136 0.8580 -0.0000
vn -0.1002 0.8580 -0.5037
vn -0.0353 0.9834 -0.1777
vn 0.1007 0.9834 0.1507
vn 0.2853 0.8580 0.4270
vn -0.1674 0.9834 -0.0693
vn -0.4745 0.8580 -0.1965
vn -0.6171 0.6701 -0.4124
vn -0.5248 0.6701 -0.5248
vn -0.3563 0.8638 -0.3563
vn -0.4189 0.8638 -0.2799
vn -0.8699 0.3367 -0.3603
vn -0.7829 0.3367 -0.5231
vn -0.8315 -0.0000 -0.5556
vn -0.9239 -0.0000 -0.3827
vn 0.8901 0.4200 0.1770
vn 0.8384 0.4200 0.3473
vn 0.6732 0.6849 0.2788
vn 0.7147 0.6849 0.1422
vn -0.9235 0.3367 -0.1837
vn -0.9416 0.3367 -0.0000
vn 0.7819 0.3402 -0.5224
vn 0.8688 0.3402 -0.3599
vn 0.9239 -0.0000 -0.3827
vn 0.8315 -0.0000 -0.5556
vn 0.9309 0.3652 -0.0000
vn 0.9130 0.3652 0.1816
vn 0.7280 0.6701 0.1448
vn 0.7422 0.6701 -0.0000
vn -0.9223 0.3402 0.1835
vn -0.9404 0.3402 -0.0000
vn -1.0000 -0.0000 -0.0000
vn -0.9808 -0.0000 0.1951
vn 0.7829 0.3367 -0.5231
vn 0.8699 0.3367 -0.3603
vn -0.1786 -0.4026 -0.8978
vn -0.0000 -0.4026 -0.9154
vn -0.0000 0.5345 -0.8452
vn -0.1649 0.5345 -0.8290
vn -0.9239 -0.0000 0.3827
vn -0.1649 -0.5346 -0.8289
vn -0.1511 0.6323 -0.7599
vn -0.0000 0.6323 -0.7747
vn -0.0000 -0.5346 -0.8451
vn -0.6052 0.6857 -0.4044
vn -0.5147 0.6857 -0.5147
vn -0.4404 0.7824 -0.4404
vn -0.5178 0.7824 -0.3460
vn 0.8298 -0.0636 0.5544
vn 0.6412 -0.6366 0.4285
vn 0.5453 -0.6366 0.5453
vn 0.7057 -0.0636 0.7057
vn 0.8462 0.5056 0.1683
vn 0.7971 0.5056 0.3302
vn 0.7971 -0.5056 0.3302
vn 0.8462 -0.5056 0.1683
vn -0.0000 0.3367 -0.9416
vn 0.1837 0.3367 -0.9235
vn 0.1951 -0.0000 -0.9808
vn -0.0000 -0.0000 -1.0000
vn -0.5231 0.3367 -0.7829
vn -0.3603 0.3367 -0.8699
vn -0.3827 -0.0000 -0.9239
vn -0.5556 -0.0000 -0.8315
vn 0.6316 0.7298 -0.2616
vn 0.5684 0.7298 -0.3798
vn 0.6873 0.5628 -0.4592
vn 0.7637 0.5628 -0.3163
vn -0.6316 0.7298 0.2616
vn -0.5684 0.7298 0.3798
vn -0.6873 0.5628 0.4592
vn -0.7637 0.5628 0.3163
vn 0.7139 0.6857 0.1420
vn 0.9808 -0.0000 0.1951
vn 1.0000 -0.0000 -0.0000
vn 0.7279 0.6857 -0.0000
vn -0.1565 0.5970 -0.7868
vn -0.3070 0.5970 -0.7412
vn -0.3794 0.1309 -0.9159
vn -0.1934 0.1309 -0.9724
vn 0.6657 -0.6894 0.2856
vn 0.6657 -0.5276 0.5276
vn -0.6657 -0.5276 0.5276
vn -0.6657 -0.6894 0.2856
vn -0.3603 0.3367 0.8699
vn -0.5231 0.3367 0.7829
vn -0.5556 -0.0000 0.8315
vn -0.3827 -0.0000 0.9239
vn 0.6052 0.6857 -0.4044
vn 0.6725 0.6857 -0.2785
vn 0.5754 0.7824 -0.2383
vn 0.5178 0.7824 -0.3460
vn -0.7173 0.5056 0.4793
vn -0.7971 0.5056 0.3302
vn -0.7971 -0.5056 0.3302
vn -0.7173 -0.5056 0.4793
vn -0.6100 0.5056 0.6101
vn -0.6101 -0.5056 0.6101
vn -0.1420 0.6857 0.7139
vn -0.1215 0.7824 0.6108
vn -0.0000 0.7824 0.6228
vn 0.5231 0.3367 0.7829
vn 0.3603 0.3367 0.8699
vn 0.3827 -0.0000 0.9239
vn 0.5556 -0.0000 0.8315
vn -0.1420 0.6857 -0.7139
vn -0.0000 0.6857 -0.7279
vn -0.0000 0.7824 -0.6228
vn -0.1215 0.7824 -0.6108
vn -0.0000 0.5970 0.8023
vn -0.0000 0.1309 0.9914
vn -0.1934 0.1309 0.9724
vn -0.1565 0.5970 0.7868
vn -0.4044 0.6857 -0.6052
vn -0.3460 0.7824 -0.5178
vn 0.7173 0.5056 -0.4793
vn 0.7971 0.5056 -0.3302
vn 0.7971 -0.5056 -0.3302
vn 0.7174 -0.5056 -0.4793
vn 0.1912 0.1982 -0.9613
vn -0.0000 0.1982 -0.9802
vn -0.0000 -0.4086 -0.9127
vn 0.1781 -0.4086 -0.8952
vn -0.8124 0.2131 -0.5428
vn -0.7392 -0.4578 -0.4939
vn -0.6287 -0.4578 -0.6287
vn -0.6909 0.2131 -0.6909
vn -0.8720 -0.4578 -0.1734
vn -0.8214 -0.4578 -0.3402
vn -0.9027 0.2131 -0.3739
vn -0.9583 0.2131 -0.1906
vn -0.1355 0.9353 -0.3270
vn -0.3799 0.1198 -0.9172
vn -0.1937 0.1198 -0.9737
vn -0.0691 0.9353 -0.3472
vn 0.1734 -0.4578 0.8720
vn -0.0000 -0.4578 0.8891
vn -0.0000 0.2131 0.9770
vn 0.1906 0.2131 0.9583
vn 0.9027 0.2131 -0.3739
vn 0.8214 -0.4578 -0.3402
vn 0.8720 -0.4578 -0.1735
vn 0.9583 0.2131 -0.1906
vn -0.1734 -0.4578 -0.8720
vn -0.0000 -0.4578 -0.8891
vn -0.0000 0.2131 -0.9770
vn -0.1906 0.2131 -0.9583
vn 0.4939 -0.4578 0.7392
vn 0.3402 -0.4578 0.8214
vn 0.3739 0.2131 0.9027
vn 0.5428 0.2131 0.8124
vn 0.8214 -0.4578 0.3402
vn 0.7392 -0.4578 0.4939
vn 0.8124 0.2131 0.5428
vn 0.9027 0.2131 0.3739
vn 0.7392 -0.4578 -0.4939
vn 0.8124 0.2131 -0.5428
vn -0.4939 -0.4578 0.7392
vn -0.6287 -0.4578 0.6287
vn -0.6909 0.2131 0.6909
vn -0.5428 0.2131 0.8124
vn -0.4939 -0.4578 -0.7392
vn -0.5428 0.2131 -0.8124
vn 0.8891 -0.4578 -0.0000
vn 0.8720 -0.4578 0.1735
vn 0.9583 0.2131 0.1906
vn 0.9770 0.2131 -0.0000
vn -0.1734 -0.4578 0.8720
vn -0.1906 0.2131 0.9583
vn 0.1734 -0.4578 -0.8720
vn 0.1906 0.2131 -0.9583
vn -0.8891 -0.4578 -0.0000
vn -0.9770 0.2131 -0.0000
vn -0.9027 0.2131 0.3739
vn -0.8214 -0.4578 0.3402
vn -0.8720 -0.4578 0.1734
vn -0.9583 0.2131 0.1906
vn -0.3402 -0.4578 0.8214
vn -0.3739 0.2131 0.9027
vn 0.3236 0.5336 -0.7814
vn 0.3392 -0.4631 -0.8188
vn 0.1729 -0.4631 -0.8693
vn 0.1650 0.5336 -0.8295
vn -0.8124 0.2131 0.5428
vn -0.7392 -0.4578 0.4939
vn 0.6287 -0.4578 0.6287
vn 0.6909 0.2131 0.6909
vn 0.5428 0.2131 -0.8124
vn 0.4939 -0.4578 -0.7392
vn 0.6287 -0.4578 -0.6287
vn 0.6909 0.2131 -0.6909
vn 0.3402 -0.4578 -0.8214
vn 0.3739 0.2131 -0.9027
vn -0.3402 -0.4578 -0.8214
vn -0.3739 0.2131 -0.9027
vn 0.4696 -0.5344 -0.7028
vn 0.4793 -0.5056 -0.7174
vn 0.6101 -0.5056 -0.6101
vn 0.5977 -0.5344 -0.5976
vn -0.0000 0.5056 -0.8627
vn -0.1683 0.5056 -0.8462
vn 0.3234 -0.5344 -0.7809
vn 0.3302 -0.5056 -0.7971
vn 0.1649 0.5345 0.8290
vn 0.1683 0.5056 0.8462
vn 0.3302 0.5056 0.7971
vn 0.3234 0.5345 0.7809
vn 0.1649 -0.5344 0.8290
vn 0.1683 -0.5056 0.8462
vn -0.0000 -0.5056 0.8627
vn -0.0000 -0.5344 0.8452
vn 0.3234 0.5345 -0.7809
vn 0.3302 0.5056 -0.7971
vn 0.1683 0.5056 -0.8462
vn 0.1649 0.5345 -0.8290
vn -0.3234 -0.5344 -0.7809
vn -0.3302 -0.5056 -0.7971
vn -0.1683 -0.5056 -0.8462
vn -0.1649 -0.5344 -0.8290
vn -0.5976 0.5345 -0.5976
vn -0.6101 0.5056 -0.6101
vn -0.7173 0.5056 -0.4793
vn -0.7028 0.5345 -0.4696
vn 0.8290 -0.5344 0.1649
vn 0.7809 -0.5344 0.3234
vn -0.5977 -0.5344 0.5977
vn -0.7028 -0.5344 0.4696
vn -0.7971 0.5056 -0.3302
vn -0.7809 0.5345 -0.3234
vn 0.5976 0.5345 -0.5976
vn 0.6101 0.5056 -0.6101
vn 0.4793 0.5056 -0.7173
vn 0.4696 0.5345 -0.7028
vn 0.7028 -0.5344 0.4696
vn 0.7173 -0.5056 0.4793
vn -0.7809 -0.5344 0.3234
vn 0.3234 -0.5344 0.7809
vn 0.3302 -0.5056 0.7971
vn 0.5977 -0.5344 0.5977
vn 0.6101 -0.5056 0.6101
vn 0.4793 -0.5056 0.7173
vn 0.4696 -0.5344 0.7028
vn -0.1649 0.5345 0.8290
vn -0.1683 0.5056 0.8462
vn -0.0000 0.5056 0.8627
vn -0.0000 0.5345 0.8452
vn -0.4696 0.5345 -0.7028
vn -0.3234 0.5345 -0.7809
vn -0.3302 0.5056 -0.7971
vn -0.4793 0.5056 -0.7173
vn -0.8452 -0.5344 -0.0000
vn -0.8627 -0.5056 -0.0000
vn -0.8462 -0.5056 -0.1683
vn -0.8290 -0.5344 -0.1649
vn 0.7028 -0.5344 -0.4696
vn 0.7809 -0.5344 -0.3234
vn 0.4696 0.5345 0.7028
vn 0.4793 0.5056 0.7173
vn -0.7028 0.5345 0.4696
vn -0.7809 0.5345 0.3234
vn -0.5977 -0.5344 -0.5976
vn -0.7028 -0.5344 -0.4696
vn -0.7174 -0.5056 -0.4793
vn -0.6101 -0.5056 -0.6101
vn 0.8452 -0.5344 -0.0000
vn 0.8627 -0.5056 -0.0000
vn -0.1649 -0.5344 0.8290
vn -0.1683 -0.5056 0.8462
vn -0.3234 0.5345 0.7809
vn -0.4696 0.5345 0.7028
vn -0.4793 0.5056 0.7173
vn -0.3302 0.5056 0.7971
vn -0.7809 -0.5344 -0.3234
vn -0.7971 -0.5056 -0.3302
vn -0.5976 0.5345 0.5976
vn -0.8290 -0.5344 0.1649
vn -0.8462 -0.5056 0.1683
vn -0.6473 -0.4026 0.6473
vn -0.4649 -0.7535 0.4649
vn -0.5467 -0.7535 0.3653
vn -0.7611 -0.4026 0.5085
vn -0.5551 -0.0398 -0.8308
vn -0.3824 -0.0398 -0.9231
vn -0.3141 -0.5714 -0.7582
vn -0.4559 -0.5714 -0.6824
vn 0.6982 0.1580 -0.6982
vn 0.5486 0.1580 -0.8210
vn 0.4580 -0.5662 -0.6854
vn 0.5829 -0.5662 -0.5829
vn -0.3141 -0.5714 0.7582
vn -0.4559 -0.5714 0.6824
vn -0.2138 -0.9230 0.3200
vn -0.1473 -0.9230 0.3555
vn 0.2516 -0.7535 -0.6074
vn 0.3653 -0.7535 -0.5467
vn 0.5085 -0.4026 -0.7611
vn 0.3503 -0.4026 -0.8457
vn 0.0751 -0.9230 0.3775
vn 0.1601 -0.5714 0.8049
vn -0.0000 -0.5714 0.8207
vn -0.0000 -0.9230 0.3848
vn -0.6824 -0.5714 -0.4559
vn -0.5803 -0.5714 -0.5803
vn -0.2721 -0.9230 -0.2721
vn -0.3200 -0.9230 -0.2138
vn -0.7582 -0.5714 -0.3141
vn -0.3556 -0.9230 -0.1473
vn 0.3141 -0.5714 -0.7582
vn 0.4559 -0.5714 -0.6824
vn 0.2138 -0.9230 -0.3200
vn 0.1473 -0.9230 -0.3556
vn 0.6473 -0.4026 -0.6473
vn 0.4649 -0.7535 -0.4649
vn 0.5467 -0.7535 -0.3653
vn 0.7611 -0.4026 -0.5085
vn 0.1786 -0.4026 0.8978
vn 0.1283 -0.7535 0.6448
vn -0.0000 -0.7535 0.6575
vn -0.0000 -0.4026 0.9154
vn -0.9154 -0.4026 -0.0000
vn -0.6575 -0.7535 -0.0000
vn -0.6448 -0.7535 -0.1283
vn -0.8978 -0.4026 -0.1786
vn -0.1601 -0.5714 0.8049
vn -0.0751 -0.9230 0.3774
vn -0.6824 -0.5714 0.4559
vn -0.7582 -0.5714 0.3141
vn -0.3555 -0.9230 0.1473
vn -0.3200 -0.9230 0.2138
vn 0.3556 -0.9230 0.1473
vn 0.7582 -0.5714 0.3141
vn 0.6824 -0.5714 0.4559
vn 0.3200 -0.9230 0.2138
vn 0.2721 -0.9230 0.2721
vn 0.5803 -0.5714 0.5803
vn 0.4559 -0.5714 0.6824
vn 0.2138 -0.9230 0.3200
vn 0.6074 -0.7535 -0.2516
vn 0.8457 -0.4026 -0.3503
vn -0.5467 -0.7535 -0.3653
vn -0.4649 -0.7535 -0.4649
vn -0.6473 -0.4026 -0.6473
vn -0.7611 -0.4026 -0.5085
vn -0.5803 -0.5714 0.5803
vn -0.2721 -0.9230 0.2721
vn -0.1473 -0.9230 -0.3556
vn -0.2138 -0.9230 -0.3200
vn 0.3848 -0.9230 -0.0000
vn 0.8207 -0.5714 -0.0000
vn 0.8049 -0.5714 0.1601
vn 0.3775 -0.9230 0.0751
vn -0.3775 -0.9230 0.0751
vn -0.8049 -0.5714 -0.1601
vn -0.3775 -0.9230 -0.0751
vn -0.3848 -0.9230 -0.0000
vn 0.8601 0.3652 0.3563
vn 0.7740 0.3652 0.5172
vn 0.6171 0.6701 0.4124
vn 0.6857 0.6701 0.2840
vn 0.5803 -0.5714 -0.5803
vn 0.2721 -0.9230 -0.2721
vn 0.1473 -0.9230 0.3556
vn 0.3141 -0.5714 0.7582
vn 0.8049 -0.5714 -0.1601
vn 0.3775 -0.9230 -0.0751
vn 0.7582 -0.5714 -0.3141
vn 0.3556 -0.9230 -0.1473
vn -0.0000 0.5628 0.8266
vn 0.1613 0.5628 0.8107
vn 0.1565 0.5970 0.7868
vn 0.3200 -0.9230 -0.2138
vn 0.6824 -0.5714 -0.4559
vn 0.8601 0.3652 -0.3563
vn 0.7521 0.5807 -0.3115
vn 0.7984 0.5807 -0.1588
vn 0.9130 0.3652 -0.1816
vn 0.4448 -0.5991 0.6657
vn 0.3398 0.7911 0.5086
vn 0.2341 0.7911 0.5651
vn 0.3064 -0.5991 0.7397
vn -0.4448 -0.5991 -0.6657
vn -0.3398 0.7911 -0.5086
vn -0.2341 0.7911 -0.5651
vn -0.3064 -0.5991 -0.7397
vn 0.4834 0.7298 -0.4834
vn 0.3798 0.7298 -0.5684
vn 0.4592 0.5628 -0.6873
vn 0.5845 0.5628 -0.5845
vn -0.8601 0.3652 0.3563
vn -0.9130 0.3652 0.1816
vn -0.7280 0.6701 0.1448
vn -0.6857 0.6701 0.2840
vn -0.7139 0.6857 -0.1420
vn -0.9808 -0.0000 -0.1951
vn -0.7279 0.6857 -0.0000
vn 0.6473 -0.4026 0.6473
vn 0.4649 -0.7535 0.4649
vn 0.3653 -0.7535 0.5467
vn 0.5085 -0.4026 0.7611
vn -0.3653 -0.7535 -0.5467
vn -0.5085 -0.4026 -0.7611
vn -0.4044 0.6857 0.6052
vn -0.2786 0.6857 0.6725
vn 0.2785 0.6857 -0.6725
vn 0.4044 0.6857 -0.6052
vn 0.3460 0.7824 -0.5178
vn 0.2383 0.7824 -0.5754
vn -0.4834 0.7298 0.4834
vn -0.5845 0.5628 0.5845
vn 0.3798 0.7298 0.5684
vn 0.4834 0.7298 0.4834
vn 0.5845 0.5628 0.5845
vn 0.4592 0.5628 0.6873
vn 0.9416 0.3367 -0.0000
vn 0.9235 0.3367 0.1837
vn -0.5172 0.3652 0.7740
vn -0.6583 0.3652 0.6583
vn -0.5248 0.6701 0.5248
vn -0.4124 0.6701 0.6171
vn -0.1283 -0.7535 -0.6448
vn -0.0000 -0.7535 -0.6575
vn 0.6074 -0.7535 0.2516
vn 0.5467 -0.7535 0.3653
vn 0.7611 -0.4026 0.5085
vn 0.8457 -0.4026 0.3503
vn -0.0000 0.7298 -0.6836
vn -0.1334 0.7298 -0.6705
vn -0.1613 0.5628 -0.8107
vn -0.0000 0.5628 -0.8266
vn -0.9309 0.3652 -0.0000
vn -0.7422 0.6701 -0.0000
vn -0.8384 0.4200 0.3473
vn -0.8901 0.4200 0.1770
vn -0.7147 0.6849 0.1422
vn -0.6732 0.6849 0.2788
vn 0.3563 0.3652 -0.8601
vn 0.5172 0.3652 -0.7740
vn 0.4124 0.6701 -0.6171
vn 0.2840 0.6701 -0.6857
vn 0.3827 -0.0000 -0.9239
vn 0.1420 0.6857 -0.7139
vn -0.6074 -0.7535 -0.2516
vn -0.8457 -0.4026 -0.3503
vn -0.2516 -0.7535 0.6074
vn -0.3653 -0.7535 0.5467
vn -0.5085 -0.4026 0.7611
vn -0.3503 -0.4026 0.8457
vn -0.8210 0.1580 -0.5486
vn -0.9123 0.1580 -0.3779
vn -0.7616 -0.5662 -0.3154
vn -0.6854 -0.5662 -0.4580
vn 0.3563 0.3652 0.8601
vn 0.1816 0.3652 0.9130
vn 0.1448 0.6701 0.7280
vn 0.2840 0.6701 0.6857
vn 0.1283 -0.7535 -0.6448
vn 0.1786 -0.4026 -0.8978
vn -0.9220 -0.0636 0.3819
vn -0.7125 -0.6366 0.2951
vn -0.7564 -0.6366 0.1505
vn -0.9788 -0.0636 0.1947
vn 0.7173 0.5056 0.4793
vn -0.0000 0.3652 -0.9309
vn 0.1816 0.3652 -0.9130
vn 0.1448 0.6701 -0.7280
vn -0.0000 0.6701 -0.7422
vn -0.9223 0.3402 -0.1835
vn 0.6649 0.3402 0.6649
vn 0.5224 0.3402 0.7819
vn 0.7071 -0.0000 0.7071
vn -0.0000 0.3402 -0.9404
vn 0.1835 0.3402 -0.9223
vn 0.6448 -0.7535 -0.1283
vn 0.6575 -0.7535 -0.0000
vn 0.9154 -0.4026 -0.0000
vn 0.8978 -0.4026 -0.1786
vn -0.7071 -0.0000 -0.7071
vn -0.5486 0.1580 0.8210
vn -0.3779 0.1580 0.9123
vn -0.3154 -0.5662 0.7615
vn -0.4580 -0.5662 0.6854
vn -0.0000 0.8638 0.5039
vn -0.0000 0.6701 0.7422
vn -0.1448 0.6701 0.7280
vn -0.0983 0.8638 0.4942
vn 0.2516 -0.7535 0.6074
vn 0.3503 -0.4026 0.8457
vn -0.6108 0.7824 -0.1215
vn -0.6228 0.7824 -0.0000
vn -0.2785 0.6857 0.6725
vn -0.3460 0.7824 0.5178
vn -0.2383 0.7824 0.5754
vn 0.4634 0.5516 0.6935
vn 0.5898 0.5516 0.5898
vn -0.0000 0.1580 0.9874
vn 0.1926 0.1580 0.9685
vn 0.1608 -0.5662 0.8085
vn -0.0000 -0.5662 0.8243
vn 0.6583 0.3652 0.6583
vn 0.5248 0.6701 0.5248
vn 0.7139 -0.6857 0.1420
vn 0.7279 -0.6857 -0.0000
vn -0.2516 -0.7535 -0.6074
vn -0.3503 -0.4026 -0.8457
vn -0.1770 0.4200 -0.8901
vn -0.0000 0.4200 -0.9075
vn -0.0000 0.6849 -0.7287
vn -0.1422 0.6849 -0.7147
vn 0.3599 0.3402 -0.8688
vn 0.5224 0.3402 -0.7819
vn 0.5556 -0.0000 -0.8315
vn -0.3563 0.3652 0.8601
vn -0.2840 0.6701 0.6857
vn -0.3473 0.4200 -0.8384
vn -0.2788 0.6849 -0.6732
vn -0.8290 0.5345 -0.1649
vn -0.8452 0.5345 -0.0000
vn -0.1283 -0.7535 0.6448
vn -0.1786 -0.4026 0.8978
vn 0.1334 0.7298 0.6705
vn 0.2616 0.7298 0.6316
vn 0.3163 0.5628 0.7637
vn -0.1816 0.3652 0.9130
vn -0.4655 0.8638 0.1928
vn -0.4942 0.8638 0.0983
vn -0.1928 0.8638 0.4655
vn -0.2799 0.8638 0.4189
vn -0.6074 -0.7535 0.2516
vn -0.8457 -0.4026 0.3503
vn -0.1926 0.1580 -0.9685
vn -0.3779 0.1580 -0.9123
vn -0.3154 -0.5662 -0.7615
vn -0.1608 -0.5662 -0.8085
vn -0.2799 0.8638 -0.4189
vn -0.4124 0.6701 -0.6171
vn -0.2840 0.6701 -0.6857
vn -0.1928 0.8638 -0.4655
vn -0.0983 0.8638 -0.4942
vn -0.1448 0.6701 -0.7280
vn -0.0000 0.8638 -0.5039
vn 0.7027 -0.5346 0.4695
vn 0.6442 0.6323 0.4304
vn 0.5478 0.6323 0.5478
vn 0.5976 -0.5346 0.5976
vn -0.1770 0.4200 0.8901
vn -0.3473 0.4200 0.8384
vn -0.2788 0.6849 0.6732
vn -0.1422 0.6849 0.7147
vn 0.6171 0.6701 -0.4124
vn 0.6857 0.6701 -0.2840
vn 0.4655 0.8638 -0.1928
vn 0.4189 0.8638 -0.2799
vn -0.6171 0.6701 0.4124
vn -0.4189 0.8638 0.2799
vn -0.3563 0.8638 0.3563
vn -0.5039 0.8638 -0.0000
vn 0.1215 0.7824 0.6108
vn 0.4655 0.8638 0.1928
vn 0.4189 0.8638 0.2799
vn 0.0983 0.8638 0.4942
vn 0.1928 0.8638 0.4655
vn 0.8978 -0.4026 0.1786
vn 0.6448 -0.7535 0.1283
vn -0.8978 -0.4026 0.1786
vn -0.6448 -0.7535 0.1283
vn 0.8451 -0.5346 -0.0000
vn 0.7747 0.6323 -0.0000
vn 0.7599 0.6323 0.1511
vn 0.8289 -0.5346 0.1649
vn 0.8290 0.5345 -0.1649
vn 0.7809 0.5345 -0.3234
vn 0.4942 0.8638 0.0983
vn 0.5039 0.8638 -0.0000
vn 0.7280 0.6701 -0.1448
vn 0.4942 0.8638 -0.0983
vn -0.3493 -0.4086 -0.8432
vn -0.2787 -0.6852 -0.6729
vn -0.1421 -0.6852 -0.7143
vn -0.1781 -0.4086 -0.8952
vn -0.7868 0.5970 -0.1565
vn -0.9724 0.1309 -0.1934
vn -0.9159 0.1309 -0.3794
vn -0.7412 0.5970 -0.3070
vn 0.7819 0.3402 0.5224
vn 0.8315 -0.0000 0.5556
vn -0.7280 0.6701 -0.1448
vn -0.4942 0.8638 -0.0983
vn 0.2799 0.8638 0.4189
vn 0.4124 0.6701 0.6171
vn 0.8210 0.1580 -0.5486
vn 0.6854 -0.5662 -0.4580
vn 0.7706 0.5516 -0.3192
vn 0.6935 0.5516 -0.4634
vn 0.8290 -0.5344 -0.1649
vn 0.8181 0.5516 -0.1627
vn -0.6857 0.6701 -0.2840
vn -0.4655 0.8638 -0.1928
vn 0.3563 0.8638 0.3563
vn -0.1601 -0.5714 -0.8049
vn -0.0751 -0.9230 -0.3775
vn 0.1928 0.8638 -0.4655
vn 0.2799 0.8638 -0.4189
vn 0.5248 0.6701 -0.5248
vn 0.3563 0.8638 -0.3563
vn -0.9075 0.4200 -0.0000
vn -0.8901 0.4200 -0.1770
vn -0.7147 0.6849 -0.1422
vn -0.7287 0.6849 -0.0000
vn 0.0983 0.8638 -0.4942
vn -0.0000 -0.5714 -0.8207
vn -0.0000 -0.9230 -0.3848
vn -0.8688 0.3402 -0.3599
vn -0.7819 0.3402 -0.5224
vn 0.8699 0.3367 0.3603
vn 0.9239 -0.0000 0.3827
vn -0.5224 0.3402 -0.7819
vn -0.3599 0.3402 -0.8688
vn 0.7808 -0.5346 0.3234
vn 0.7158 0.6323 0.2965
vn 0.8298 -0.0636 -0.5544
vn 0.6412 -0.6366 -0.4285
vn 0.7125 -0.6366 -0.2951
vn 0.9220 -0.0636 -0.3819
vn 0.8308 -0.0398 -0.5551
vn 0.9231 -0.0398 -0.3824
vn -0.1949 -0.0398 -0.9800
vn 0.8308 -0.0398 0.5551
vn 0.7065 -0.0398 0.7065
vn -0.9231 -0.0398 -0.3824
vn -0.8308 -0.0398 -0.5551
vn 0.1949 -0.0398 -0.9800
vn 0.3824 -0.0398 -0.9231
vn 0.1601 -0.5714 -0.8049
vn 0.9992 -0.0398 -0.0000
vn 0.9800 -0.0398 0.1949
vn -0.0000 -0.0398 -0.9992
vn -0.9800 -0.0398 -0.1949
vn 0.5551 -0.0398 0.8308
vn 0.3824 -0.0398 0.9231
vn 0.9800 -0.0398 -0.1949
vn -0.1949 -0.0398 0.9800
vn -0.3824 -0.0398 0.9231
vn 0.5551 -0.0398 -0.8308
vn 0.9231 -0.0398 0.3824
vn -0.9231 -0.0398 0.3824
vn -0.5450 0.1939 0.8157
vn -0.6937 0.1939 0.6937
vn -0.7071 -0.0000 0.7071
vn 0.1949 -0.0398 0.9800
vn -0.0000 -0.0398 0.9992
vn -0.7065 -0.0398 -0.7065
vn -0.7065 -0.0398 0.7065
vn -0.8308 -0.0398 0.5551
vn -0.5551 -0.0398 0.8308
vn 0.7065 -0.0398 -0.7065
vn -0.0233 0.9929 -0.1169
vn -0.0000 0.9929 -0.1192
vn -0.0000 0.9374 0.3482
vn 0.0679 0.9374 0.3416
vn 0.0233 0.9929 0.1169
vn -0.0000 0.9929 0.1192
vn 0.2462 0.9374 0.2462
vn 0.0843 0.9929 0.0843
vn 0.0662 0.9929 0.0991
vn 0.1935 0.9374 0.2896
vn 0.1169 0.9929 -0.0233
vn 0.7147 0.6849 -0.1422
vn 0.7287 0.6849 -0.0000
vn 0.1192 0.9929 -0.0000
vn 0.0456 0.9929 0.1101
vn 0.1333 0.9374 0.3217
vn -0.1101 0.9929 -0.0456
vn -0.1169 0.9929 -0.0233
vn -0.6732 0.6849 -0.2788
vn 0.3217 0.9374 0.1333
vn 0.3416 0.9374 0.0679
vn 0.1169 0.9929 0.0233
vn 0.1101 0.9929 0.0456
vn 0.0456 0.9929 -0.1101
vn 0.2788 0.6849 -0.6732
vn 0.4048 0.6849 -0.6059
vn 0.0662 0.9929 -0.0991
vn -0.0456 0.9929 0.1101
vn -0.0233 0.9929 0.1169
vn -0.0679 0.9374 0.3416
vn -0.1333 0.9374 0.3217
vn 0.4048 0.6849 0.6059
vn 0.0991 0.9929 -0.0662
vn 0.6059 0.6849 -0.4048
vn 0.6732 0.6849 -0.2788
vn 0.1101 0.9929 -0.0456
vn -0.3217 0.9374 0.1333
vn -0.2896 0.9374 0.1935
vn -0.0991 0.9929 0.0662
vn -0.1101 0.9929 0.0456
vn 0.3483 0.9374 -0.0000
vn -0.1169 0.9929 0.0233
vn -0.6059 0.6849 0.4048
vn -0.0662 0.9929 -0.0991
vn -0.0843 0.9929 -0.0843
vn -0.5152 0.6849 -0.5152
vn -0.4048 0.6849 -0.6059
vn -0.0679 0.9374 -0.3416
vn -0.1333 0.9374 -0.3217
vn -0.0456 0.9929 -0.1101
vn 0.2896 0.9374 -0.1935
vn 0.3217 0.9374 -0.1333
vn 0.0679 0.9374 -0.3416
vn 0.0233 0.9929 -0.1169
vn 0.1333 0.9374 -0.3217
vn 0.3416 0.9374 -0.0679
vn -0.2896 0.9374 -0.1935
vn -0.3217 0.9374 -0.1333
vn -0.0991 0.9929 -0.0662
vn -0.1192 0.9929 -0.0000
vn 0.4523 0.5807 -0.6769
vn 0.5756 0.5807 -0.5756
vn 0.6583 0.3652 -0.6583
vn -0.7740 0.3652 0.5172
vn -0.6769 0.5807 0.4523
vn -0.7521 0.5807 0.3115
vn -0.1816 0.3652 -0.9130
vn -0.1588 0.5807 -0.7984
vn -0.0000 0.5807 -0.8141
vn 0.3115 0.5807 -0.7521
vn -0.5172 0.3652 -0.7740
vn -0.4523 0.5807 -0.6769
vn -0.3115 0.5807 -0.7521
vn -0.3563 0.3652 -0.8601
vn -0.4523 0.5807 0.6769
vn -0.5756 0.5807 0.5756
vn 0.7740 0.3652 -0.5172
vn 0.6769 0.5807 -0.4523
vn -0.1588 0.5807 0.7984
vn -0.3115 0.5807 0.7521
vn -0.8141 0.5807 -0.0000
vn -0.7984 0.5807 -0.1588
vn -0.9130 0.3652 -0.1816
vn -0.7984 0.5807 0.1588
vn 0.7984 0.5807 0.1588
vn 0.7521 0.5807 0.3115
vn -0.0000 0.6849 0.7287
vn -0.7740 0.3652 -0.5172
vn -0.6769 0.5807 -0.4523
vn -0.5756 0.5807 -0.5756
vn -0.6583 0.3652 -0.6583
vn 0.1588 0.5807 -0.7984
vn 0.8141 0.5807 -0.0000
vn -0.7521 0.5807 -0.3115
vn -0.8601 0.3652 -0.3563
vn 0.6769 0.5807 0.4523
vn 0.5756 0.5807 0.5756
vn -0.0000 0.3652 0.9309
vn 0.1588 0.5807 0.7984
vn -0.0000 0.5807 0.8141
vn 0.4523 0.5807 0.6769
vn 0.5172 0.3652 0.7740
vn -0.0000 0.9374 -0.3482
vn 0.5042 0.4200 0.7546
vn 0.4006 0.6929 0.5996
vn 0.2759 0.6929 0.6662
vn 0.6417 0.4200 0.6417
vn 0.5099 0.6929 0.5099
vn 0.6417 0.4200 -0.6417
vn 0.5042 0.4200 -0.7546
vn 0.4006 0.6929 -0.5996
vn 0.5099 0.6929 -0.5099
vn 0.8901 0.4200 -0.1770
vn 0.7072 0.6929 -0.1407
vn 0.7211 0.6929 -0.0000
vn 0.9075 0.4200 -0.0000
vn -0.6417 0.4200 0.6417
vn -0.5099 0.6929 0.5099
vn -0.5996 0.6929 0.4006
vn -0.7546 0.4200 0.5042
vn 0.7546 0.4200 -0.5042
vn 0.5996 0.6929 -0.4006
vn 0.6662 0.6929 -0.2759
vn 0.8384 0.4200 -0.3473
vn -0.1407 0.6929 0.7072
vn -0.2759 0.6929 0.6662
vn -0.0000 0.6929 -0.7211
vn 0.1407 0.6929 -0.7072
vn 0.1770 0.4200 -0.8901
vn 0.7072 0.6929 0.1407
vn 0.2759 0.6929 -0.6662
vn 0.3473 0.4200 -0.8384
vn -0.0000 0.4200 0.9075
vn 0.1407 0.6929 0.7072
vn -0.0000 0.6929 0.7211
vn -0.5042 0.4200 -0.7546
vn -0.6417 0.4200 -0.6417
vn -0.5099 0.6929 -0.5099
vn -0.4006 0.6929 -0.5996
vn -0.8531 0.4934 -0.1697
vn -0.9613 0.1982 -0.1912
vn -0.9056 0.1982 -0.3751
vn -0.8036 0.4934 -0.3329
vn -0.8384 0.4200 -0.3473
vn -0.7072 0.6929 -0.1407
vn -0.6662 0.6929 -0.2759
vn 0.7232 0.4934 -0.4832
vn 0.8150 0.1982 -0.5445
vn 0.9056 0.1982 -0.3751
vn 0.8036 0.4934 -0.3329
vn 0.8531 0.4934 -0.1697
vn 0.9613 0.1982 -0.1912
vn 0.9802 0.1982 -0.0000
vn 0.8698 0.4934 -0.0000
vn -0.7546 0.4200 -0.5042
vn -0.5996 0.6929 -0.4006
vn -0.1407 0.6929 -0.7072
vn -0.3329 0.4934 0.8036
vn -0.3751 0.1982 0.9056
vn -0.5446 0.1982 0.8150
vn -0.4832 0.4934 0.7232
vn 0.6151 0.4934 -0.6151
vn 0.6931 0.1982 -0.6931
vn -0.6662 0.6929 0.2759
vn -0.0000 0.4934 0.8698
vn -0.0000 0.1982 0.9802
vn -0.1912 0.1982 0.9613
vn -0.1697 0.4934 0.8531
vn 0.7546 0.4200 0.5042
vn 0.5996 0.6929 0.4006
vn 0.1697 0.4934 0.8531
vn 0.1912 0.1982 0.9613
vn -0.7232 0.4934 -0.4832
vn -0.8150 0.1982 -0.5445
vn -0.0000 0.4934 -0.8698
vn 0.1697 0.4934 -0.8531
vn -0.6151 0.4934 0.6151
vn -0.6931 0.1982 0.6931
vn -0.2759 0.6929 -0.6662
vn -0.1947 -0.0636 0.9788
vn -0.1505 -0.6366 0.7564
vn -0.2951 -0.6366 0.7125
vn -0.3819 -0.0636 0.9220
vn -0.7027 -0.5346 0.4695
vn -0.6442 0.6323 0.4304
vn -0.7158 0.6323 0.2965
vn -0.7808 -0.5346 0.3234
vn 0.1215 0.7824 -0.6108
vn -0.7279 -0.6857 -0.0000
vn -0.7139 -0.6857 0.1420
vn 0.6052 -0.6857 0.4044
vn 0.6725 -0.6857 0.2785
vn -0.8006 -0.5991 -0.0000
vn -0.6117 0.7911 -0.0000
vn -0.6000 0.7911 -0.1193
vn -0.7853 -0.5991 -0.1562
vn -0.8627 0.5056 -0.0000
vn -0.8462 0.5056 -0.1683
vn 0.3192 0.5516 0.7706
vn -0.1627 0.5516 -0.8181
vn -0.3192 0.5516 -0.7706
vn 0.9788 -0.0636 -0.1947
vn 0.7564 -0.6366 -0.1505
vn 0.7712 -0.6366 -0.0000
vn 0.9980 -0.0636 -0.0000
vn 0.9685 0.1580 -0.1926
vn 0.9123 0.1580 -0.3779
vn 0.7615 -0.5662 -0.3154
vn 0.8085 -0.5662 -0.1608
vn 0.1420 -0.6857 0.7139
vn 0.2786 -0.6857 0.6725
vn 0.5976 0.5345 0.5976
vn 0.8452 0.5345 -0.0000
vn 0.9235 0.3367 -0.1837
vn 0.9808 -0.0000 -0.1951
vn 0.8952 -0.4086 0.1781
vn 0.7143 -0.6852 0.1421
vn 0.6729 -0.6852 0.2787
vn 0.8432 -0.4086 0.3493
vn -0.5224 0.3402 0.7819
vn -0.6649 0.3402 0.6649
vn 0.4044 -0.6857 -0.6052
vn 0.2786 -0.6857 -0.6725
vn -0.8150 0.1982 0.5445
vn -0.6454 -0.4086 0.6454
vn -0.7589 -0.4086 0.5071
vn -0.0000 -0.0636 0.9980
vn -0.0000 -0.6366 0.7712
vn -0.8298 -0.0636 -0.5544
vn -0.6412 -0.6366 -0.4285
vn -0.5453 -0.6366 -0.5453
vn -0.7057 -0.0636 -0.7057
vn 0.5544 -0.0636 -0.8298
vn 0.4285 -0.6366 -0.6412
vn 0.5453 -0.6366 -0.5453
vn 0.7057 -0.0636 -0.7057
vn 0.7139 -0.6857 -0.1420
vn 0.6725 -0.6857 -0.2785
vn 0.6052 -0.6857 -0.4044
vn -0.9685 0.1580 -0.1926
vn -0.9874 0.1580 -0.0000
vn -0.8243 -0.5662 -0.0000
vn -0.8085 -0.5662 -0.1608
vn -0.8432 -0.4086 -0.3493
vn -0.7589 -0.4086 -0.5071
vn 0.2951 -0.6366 0.7125
vn 0.1562 -0.5991 0.7853
vn 0.1505 -0.6366 0.7564
vn -0.1562 -0.5991 -0.7853
vn -0.0000 -0.5991 -0.8006
vn -0.0000 -0.6366 -0.7712
vn -0.1505 -0.6366 -0.7564
vn -0.0986 0.9949 -0.0196
vn 0.2537 0.9660 0.0505
vn 0.2586 0.9660 -0.0000
vn -0.1005 0.9949 -0.0000
vn -0.6412 -0.6366 0.4285
vn -0.6657 -0.5991 0.4448
vn -0.7397 -0.5991 0.3064
vn 0.0559 0.9949 -0.0836
vn -0.1437 0.9660 0.2150
vn -0.0990 0.9660 0.2389
vn 0.0385 0.9949 -0.0929
vn -0.5661 -0.5991 0.5661
vn -0.5453 -0.6366 0.5453
vn 0.5603 0.7951 -0.2321
vn 0.7056 0.6455 -0.2923
vn 0.0986 0.9949 0.0196
vn 0.0929 0.9949 0.0385
vn -0.2389 0.9660 -0.0990
vn -0.2537 0.9660 -0.0505
vn 0.4448 -0.5991 -0.6657
vn 0.5661 -0.5991 -0.5661
vn -0.0711 0.9949 -0.0711
vn 0.1829 0.9660 0.1829
vn 0.2150 0.9660 0.1437
vn -0.0836 0.9949 -0.0559
vn -0.7125 -0.6366 -0.2951
vn -0.7397 -0.5991 -0.3064
vn -0.6657 -0.5991 -0.4448
vn 0.7397 -0.5991 0.3064
vn 0.6657 -0.5991 0.4448
vn 0.7125 -0.6366 0.2951
vn 0.0196 0.9949 -0.0986
vn -0.0505 0.9660 0.2537
vn 0.6657 -0.5991 -0.4448
vn 0.7397 -0.5991 -0.3064
vn -0.0000 0.9949 -0.1005
vn -0.0000 0.9660 0.2586
vn 0.0505 0.9660 0.2537
vn -0.0196 0.9949 -0.0986
vn -0.1562 -0.5991 0.7853
vn -0.3064 -0.5991 0.7397
vn -0.0385 0.9949 -0.0929
vn 0.0990 0.9660 0.2389
vn 0.1437 0.9660 0.2150
vn -0.0559 0.9949 -0.0836
vn 0.7853 -0.5991 -0.1562
vn 0.0929 0.9949 -0.0385
vn -0.2389 0.9660 0.0990
vn -0.2150 0.9660 0.1437
vn 0.0836 0.9949 -0.0559
vn 0.2389 0.9660 0.0990
vn -0.0929 0.9949 -0.0385
vn 0.0385 0.9949 0.0929
vn -0.0990 0.9660 -0.2389
vn -0.1437 0.9660 -0.2150
vn 0.0558 0.9949 0.0836
vn -0.2951 -0.6366 -0.7125
vn -0.4285 -0.6366 -0.6412
vn -0.0196 0.9949 0.0986
vn 0.0505 0.9660 -0.2537
vn -0.0000 0.9660 -0.2586
vn -0.0000 0.9949 0.1005
vn 0.0711 0.9949 -0.0711
vn -0.1829 0.9660 0.1829
vn 0.2537 0.9660 -0.0505
vn -0.0986 0.9949 0.0196
vn 0.0986 0.9949 -0.0196
vn -0.2537 0.9660 0.0505
vn 0.4285 -0.6366 0.6412
vn -0.1829 0.9660 -0.1829
vn 0.0711 0.9949 0.0711
vn 0.2053 0.8439 -0.4956
vn 0.2980 0.8439 -0.4461
vn 0.5071 -0.4086 -0.7589
vn 0.4046 -0.6852 -0.6056
vn 0.5150 -0.6852 -0.5150
vn 0.6454 -0.4086 -0.6454
vn -0.6052 -0.6857 -0.4044
vn -0.6725 -0.6857 -0.2785
vn -0.3234 -0.5346 -0.7808
vn 0.3154 -0.5662 0.7615
vn 0.3234 -0.5346 0.7808
vn 0.1649 -0.5346 0.8289
vn 0.7616 -0.5662 0.3154
vn 0.6854 -0.5662 0.4580
vn 0.1608 -0.5662 -0.8085
vn 0.1649 -0.5346 -0.8289
vn 0.3234 -0.5346 -0.7808
vn 0.3154 -0.5662 -0.7615
vn 0.7808 -0.5346 -0.3234
vn 0.8289 -0.5346 -0.1649
vn -0.0000 -0.5662 -0.8243
vn -0.6854 -0.5662 0.4580
vn -0.5829 -0.5662 0.5829
vn -0.5976 -0.5346 0.5976
vn -0.8085 -0.5662 0.1608
vn -0.8289 -0.5346 0.1649
vn -0.8451 -0.5346 -0.0000
vn -0.3234 -0.5346 0.7808
vn -0.4695 -0.5346 0.7027
vn 0.8085 -0.5662 0.1608
vn 0.8243 -0.5662 -0.0000
vn -0.7027 -0.5346 -0.4695
vn -0.5976 -0.5346 -0.5976
vn -0.5829 -0.5662 -0.5829
vn -0.4580 -0.5662 -0.6854
vn -0.4695 -0.5346 -0.7027
vn 0.7027 -0.5346 -0.4695
vn -0.8289 -0.5346 -0.1649
vn -0.7808 -0.5346 -0.3234
vn -0.5262 0.8439 0.1047
vn -0.5365 0.8439 -0.0000
vn -0.0000 0.8439 -0.5365
vn 0.1047 0.8439 -0.5262
vn 0.4956 0.8439 -0.2053
vn 0.5262 0.8439 -0.1047
vn -0.0000 0.8439 0.5365
vn -0.1047 0.8439 0.5262
vn -0.0385 0.9949 0.0929
vn -0.2053 0.8439 0.4956
vn -0.2980 0.8439 0.4461
vn -0.0558 0.9949 0.0836
vn 0.2980 0.8439 0.4461
vn 0.2053 0.8439 0.4956
vn 0.0196 0.9949 0.0986
vn 0.1047 0.8439 0.5262
vn -0.0000 -0.5346 0.8451
vn -0.3793 0.8439 -0.3793
vn -0.2980 0.8439 -0.4461
vn -0.4461 0.8439 -0.2980
vn -0.0711 0.9949 0.0711
vn -0.3793 0.8439 0.3793
vn -0.2053 0.8439 -0.4956
vn -0.1047 0.8439 -0.5262
vn 0.3793 0.8439 0.3793
vn -0.0929 0.9949 0.0385
vn -0.0836 0.9949 0.0559
vn -0.4461 0.8439 0.2980
vn -0.4956 0.8439 0.2053
vn 0.4461 0.8439 -0.2980
vn 0.3793 0.8439 -0.3793
vn -0.5262 0.8439 -0.1047
vn -0.4956 0.8439 -0.2053
vn 0.5365 0.8439 -0.0000
vn 0.1005 0.9949 -0.0000
vn -0.1608 -0.5662 0.8085
vn -0.1649 -0.5346 0.8289
vn 0.5262 0.8439 0.1047
vn 0.4956 0.8439 0.2053
vn 0.4461 0.8439 0.2980
vn 0.0836 0.9949 0.0559
vn -0.0000 -1.0000 -0.0000
vn -0.0000 0.7228 0.6911
vn -0.0000 0.9352 -0.3540
vn 0.0691 0.9353 -0.3472
vn -0.1348 0.7228 0.6778
vn 0.2965 0.6323 -0.7158
vn 0.4304 0.6323 -0.6442
vn 0.4695 -0.5346 -0.7027
vn -0.4457 0.5970 -0.6671
vn -0.5508 0.1309 -0.8243
vn -0.2965 0.6323 0.7158
vn -0.4304 0.6323 0.6442
vn -0.4457 0.5970 0.6671
vn -0.5508 0.1309 0.8243
vn -0.7010 0.1309 0.7010
vn -0.5673 0.5970 0.5673
vn 0.5147 0.6857 -0.5147
vn 0.4404 0.7824 -0.4404
vn 0.7139 0.6857 -0.1420
vn 0.6671 0.5970 -0.4457
vn 0.5673 0.5970 -0.5673
vn 0.7010 0.1309 -0.7010
vn 0.8243 0.1309 -0.5508
vn 0.7412 0.5970 -0.3070
vn 0.9159 0.1309 -0.3794
vn -0.6725 0.6857 -0.2785
vn 0.4457 0.5970 -0.6670
vn 0.5508 0.1309 -0.8243
vn 0.8006 -0.5991 -0.0000
vn 0.6117 0.7911 -0.0000
vn 0.6000 0.7911 0.1193
vn 0.7853 -0.5991 0.1562
vn 0.7868 0.5970 -0.1565
vn 0.9724 0.1309 -0.1934
vn -0.1511 0.6323 0.7599
vn 0.3070 0.5970 -0.7412
vn 0.3794 0.1309 -0.9159
vn 0.7829 0.3367 0.5231
vn -0.4304 0.6323 -0.6442
vn -0.2965 0.6323 -0.7158
vn 0.4457 0.5970 0.6671
vn 0.5508 0.1309 0.8243
vn 0.3794 0.1309 0.9159
vn 0.3070 0.5970 0.7412
vn 0.5673 0.5970 0.5673
vn 0.7010 0.1309 0.7010
vn 0.1934 0.1309 0.9724
vn 0.0083 0.0132 0.9999
vn 0.6321 0.0103 0.7748
vn 0.6350 0.5307 0.5614
vn -0.0000 0.6869 0.7268
vn 0.6725 0.6857 0.2785
vn -0.1837 0.3367 0.9235
vn -0.1951 -0.0000 0.9808
vn 0.1565 0.5970 -0.7868
vn 0.1934 0.1309 -0.9724
vn -0.5673 0.5970 -0.5673
vn -0.7010 0.1309 -0.7010
vn -0.0000 0.5970 -0.8023
vn -0.0000 0.1309 -0.9914
vn -0.7819 0.3402 0.5224
vn -0.8315 -0.0000 0.5556
vn -0.7412 0.5970 0.3070
vn -0.9159 0.1309 0.3794
vn -0.9724 0.1309 0.1934
vn -0.7868 0.5970 0.1565
vn 0.6658 0.3367 -0.6658
vn 0.7071 -0.0000 -0.7071
vn -0.3794 0.1309 0.9159
vn -0.3070 0.5970 0.7412
vn 0.6705 0.7298 -0.1334
vn 0.8107 0.5628 -0.1613
vn 0.8023 0.5970 -0.0000
vn 0.9914 0.1309 -0.0000
vn 0.9724 0.1309 0.1934
vn 0.7868 0.5970 0.1565
vn -0.6385 0.7228 -0.2645
vn -0.6778 0.7228 -0.1348
vn 0.3472 0.9353 0.0691
vn 0.3270 0.9353 0.1355
vn 0.6385 0.7228 0.2645
vn 0.6778 0.7228 0.1348
vn -0.3472 0.9353 -0.0691
vn -0.3270 0.9353 -0.1355
vn -0.5746 0.7228 -0.3839
vn 0.2943 0.9352 0.1967
vn -0.4887 0.7228 0.4887
vn 0.2503 0.9352 -0.2503
vn 0.2943 0.9352 -0.1967
vn -0.5746 0.7228 0.3839
vn 0.6385 0.7228 -0.2645
vn 0.5746 0.7228 -0.3839
vn -0.2943 0.9352 0.1967
vn -0.3270 0.9353 0.1355
vn -0.4887 0.7228 -0.4887
vn 0.2503 0.9352 0.2503
vn -0.3839 0.7228 -0.5746
vn 0.1967 0.9352 0.2943
vn 0.2645 0.7228 -0.6385
vn 0.1348 0.7228 -0.6778
vn -0.0691 0.9353 0.3472
vn -0.1355 0.9353 0.3270
vn 0.6778 0.7228 -0.1348
vn -0.3472 0.9353 0.0691
vn -0.3540 0.9353 -0.0000
vn 0.6911 0.7228 -0.0000
vn 0.1348 0.7228 0.6778
vn -0.6385 0.7228 0.2645
vn 0.3270 0.9353 -0.1355
vn 0.3472 0.9353 -0.0691
vn -0.6778 0.7228 0.1348
vn 0.1355 0.9353 0.3270
vn -0.2645 0.7228 -0.6385
vn 0.1355 0.9352 -0.3270
vn -0.2645 0.7228 0.6385
vn 0.5746 0.7228 0.3839
vn -0.2943 0.9352 -0.1967
vn -0.2503 0.9352 -0.2503
vn 0.4887 0.7228 0.4887
vn -0.1967 0.9353 0.2943
vn 0.3839 0.7228 -0.5746
vn -0.1348 0.7228 -0.6778
vn 0.0691 0.9353 0.3472
vn -0.0000 0.9353 0.3540
vn -0.0000 0.7228 -0.6911
vn -0.1967 0.9353 -0.2943
vn 0.3839 0.7228 0.5746
vn 0.2645 0.7228 0.6385
vn 0.1967 0.9353 -0.2943
vn -0.3839 0.7228 0.5746
vn 0.4887 0.7228 -0.4887
vn -0.2503 0.9352 0.2503
vn -0.6911 0.7228 -0.0000
vn 0.3540 0.9352 -0.0000
vn 0.5189 0.7814 -0.3467
vn -0.6052 0.6857 0.4044
vn -0.5147 0.6857 0.5147
vn 0.4413 0.7814 -0.4412
vn -0.5765 0.7814 -0.2388
vn -0.6120 0.7814 -0.1217
vn 0.1334 0.7298 -0.6705
vn 0.2616 0.7298 -0.6316
vn 0.5684 0.7298 0.3798
vn -0.3798 0.7298 0.5684
vn -0.1334 0.7298 0.6705
vn -0.2616 0.7298 0.6316
vn -0.6836 0.7298 -0.0000
vn -0.6705 0.7298 0.1334
vn 0.3467 0.7814 -0.5188
vn 0.2388 0.7814 -0.5765
vn 0.6316 0.7298 0.2616
vn -0.0000 0.7298 0.6836
vn -0.1217 0.7814 0.6120
vn -0.2388 0.7814 0.5765
vn -0.6725 0.6857 0.2785
vn -0.2785 0.6857 -0.6725
vn 0.3467 0.7814 0.5189
vn 0.2388 0.7814 0.5765
vn 0.6240 0.7814 -0.0000
vn 0.6120 0.7814 0.1217
vn 0.6836 0.7298 -0.0000
vn -0.7139 0.6857 0.1420
vn 0.5765 0.7814 -0.2388
vn 0.6705 0.7298 0.1334
vn -0.6316 0.7298 -0.2616
vn -0.6705 0.7298 -0.1334
vn -0.2616 0.7298 -0.6316
vn 0.2785 0.6857 0.6725
vn 0.5765 0.7814 0.2388
vn 0.5188 0.7814 0.3467
vn -0.3798 0.7298 -0.5684
vn 0.4044 0.6857 0.6052
vn 0.5147 0.6857 0.5147
vn -0.4834 0.7298 -0.4834
vn -0.5684 0.7298 -0.3798
vn 0.6052 0.6857 0.4044
vn -0.5189 0.7814 0.3467
vn -0.5765 0.7814 0.2388
vn 0.1217 0.7814 -0.6120
vn 0.9788 -0.0636 0.1947
vn 0.7564 -0.6366 0.1505
vn 0.9220 -0.0636 0.3819
vn -0.9980 -0.0636 -0.0000
vn -0.7712 -0.6366 -0.0000
vn -0.7564 -0.6366 -0.1505
vn -0.9788 -0.0636 -0.1947
vn -0.0000 -0.0282 -0.9996
vn -0.0000 0.7268 -0.6869
vn 0.6257 0.5669 -0.5358
vn 0.6257 -0.0220 -0.7798
vn -0.0000 0.1580 -0.9874
vn 0.7158 0.6323 -0.2965
vn 0.7599 0.6323 -0.1511
vn 0.6442 0.6323 -0.4304
vn -0.6442 0.6323 -0.4304
vn -0.5478 0.6323 -0.5478
vn -0.7747 0.6323 -0.0000
vn -0.7599 0.6323 -0.1511
vn -0.7599 0.6323 0.1511
vn -0.3819 -0.0636 -0.9220
vn -0.1947 -0.0636 -0.9788
vn -0.8243 0.1309 0.5508
vn -0.6671 0.5970 0.4457
vn 0.4695 -0.5346 0.7027
vn 0.4304 0.6323 0.6442
vn 0.2965 0.6323 0.7158
vn 0.5999 0.7911 -0.1193
vn -0.0000 0.3402 0.9404
vn -0.1835 0.3402 0.9223
vn 0.1511 0.6323 -0.7599
vn -0.5898 0.5516 -0.5898
vn -0.6935 0.5516 -0.4634
vn -0.7158 0.6323 -0.2965
vn -0.5478 0.6323 0.5478
vn -0.9802 0.1982 -0.0000
vn -0.9127 -0.4086 -0.0000
vn -0.8952 -0.4086 -0.1781
vn 0.5478 0.6323 -0.5478
vn 0.5976 -0.5346 -0.5976
vn -0.1926 0.1580 0.9685
vn 0.7696 0.5533 0.3188
vn 0.6926 0.5533 0.4628
vn -0.7696 0.5533 0.3188
vn -0.6926 0.5533 0.4628
vn -0.8210 0.1580 0.5486
vn -0.9123 0.1580 0.3779
vn -0.3188 0.5533 -0.7696
vn -0.1625 0.5533 -0.8170
vn -0.3188 0.5533 0.7696
vn -0.1625 0.5533 0.8170
vn -0.5890 0.5533 0.5890
vn 0.8210 0.1580 0.5486
vn 0.6982 0.1580 0.6982
vn 0.5890 0.5533 0.5890
vn -0.8170 0.5533 -0.1625
vn -0.8330 0.5533 -0.0000
vn 0.3188 0.5533 0.7696
vn 0.1625 0.5533 0.8170
vn 0.3779 0.1580 0.9123
vn 0.6926 0.5533 -0.4628
vn 0.7696 0.5533 -0.3188
vn -0.0000 0.5533 -0.8330
vn 0.8170 0.5533 0.1625
vn 0.9685 0.1580 0.1926
vn 0.9123 0.1580 0.3779
vn -0.9685 0.1580 0.1926
vn -0.8170 0.5533 0.1625
vn 0.4628 0.5533 -0.6926
vn 0.3188 0.5533 -0.7696
vn -0.5890 0.5533 -0.5890
vn -0.4628 0.5533 -0.6926
vn 0.1625 0.5533 -0.8170
vn 0.1926 0.1580 -0.9685
vn 0.3779 0.1580 -0.9123
vn -0.0000 0.5533 0.8330
vn 0.5890 0.5533 -0.5890
vn -0.5486 0.1580 -0.8210
vn 0.5097 -0.3977 -0.7629
vn 0.5416 -0.2230 -0.8105
vn 0.6893 -0.2230 -0.6893
vn 0.6488 -0.3977 -0.6488
vn -0.4628 0.5533 0.6926
vn -0.6982 0.1580 -0.6982
vn 0.4628 0.5533 0.6926
vn 0.5486 0.1580 0.8210
vn -0.2428 0.7730 -0.5861
vn -0.1238 0.7730 -0.6222
vn -0.1385 0.7041 -0.6965
vn -0.2718 0.7041 -0.6561
vn 0.8170 0.5533 -0.1625
vn 0.8330 0.5533 -0.0000
vn 0.9874 0.1580 -0.0000
vn -0.6926 0.5533 -0.4628
vn -0.6982 0.1580 0.6982
vn -0.7696 0.5533 -0.3188
vn -0.8952 -0.4086 0.1781
vn -0.8432 -0.4086 0.3493
vn -0.6729 -0.6852 0.2787
vn -0.7143 -0.6852 0.1421
vn 0.9127 -0.4086 -0.0000
vn 0.8952 -0.4086 -0.1781
vn 0.7143 -0.6852 -0.1421
vn 0.7283 -0.6852 -0.0000
vn 0.6454 -0.4086 0.6454
vn 0.7589 -0.4086 0.5071
vn 0.6056 -0.6852 0.4046
vn 0.5150 -0.6852 0.5150
vn -0.7143 -0.6852 -0.1421
vn -0.6729 -0.6852 -0.2787
vn -0.6056 -0.6852 0.4046
vn 0.6056 -0.6852 -0.4046
vn 0.7589 -0.4086 -0.5071
vn -0.5071 -0.4086 0.7589
vn -0.3493 -0.4086 0.8432
vn -0.2787 -0.6852 0.6729
vn -0.4046 -0.6852 0.6056
vn 0.3493 -0.4086 0.8432
vn 0.2787 -0.6852 0.6729
vn 0.1421 -0.6852 0.7143
vn 0.1781 -0.4086 0.8952
vn 0.5071 -0.4086 0.7589
vn 0.4046 -0.6852 0.6056
vn -0.7283 -0.6852 -0.0000
vn -0.0000 -0.6852 -0.7283
vn 0.1421 -0.6852 -0.7143
vn -0.1781 -0.4086 0.8952
vn -0.1421 -0.6852 0.7143
vn -0.5150 -0.6852 0.5150
vn -0.0000 -0.4086 0.9127
vn -0.0000 -0.6852 0.7283
vn -0.6056 -0.6852 -0.4046
vn -0.5150 -0.6852 -0.5150
vn -0.6454 -0.4086 -0.6454
vn 0.5422 0.6419 0.5422
vn 0.6375 0.6419 0.4260
vn 0.3493 -0.4086 -0.8432
vn 0.2787 -0.6852 -0.6729
vn -0.5071 -0.4086 -0.7589
vn -0.4046 -0.6852 -0.6056
vn 0.6729 -0.6852 -0.2787
vn 0.8432 -0.4086 -0.3493
vn 0.1562 -0.5991 -0.7853
vn 0.1505 -0.6366 -0.7564
vn 0.4325 0.7911 0.4325
vn -0.7853 -0.5991 0.1562
vn 0.2951 -0.6366 -0.7125
vn 0.3064 -0.5991 -0.7397
vn -0.2150 0.9660 -0.1437
vn 0.5086 0.7911 0.3398
vn 0.5651 0.7911 -0.2341
vn 0.5086 0.7911 -0.3398
vn 0.5651 0.7911 0.2341
vn 0.0990 0.9660 -0.2389
vn -0.2341 0.7911 0.5651
vn -0.1193 0.7911 0.6000
vn -0.0000 -0.5991 0.8006
vn -0.0505 0.9660 -0.2537
vn -0.0000 0.7911 0.6117
vn 0.1193 0.7911 0.6000
vn -0.5086 0.7911 -0.3398
vn -0.5651 0.7911 -0.2341
vn 0.2150 0.9660 -0.1437
vn 0.2389 0.9660 -0.0990
vn -0.5651 0.7911 0.2341
vn -0.5086 0.7911 0.3398
vn 0.3398 0.7911 -0.5086
vn 0.2341 0.7911 -0.5651
vn 0.5661 -0.5991 0.5661
vn 0.4325 0.7911 -0.4325
vn -0.6000 0.7911 0.1193
vn -0.4285 -0.6366 0.6412
vn -0.4448 -0.5991 0.6657
vn -0.2586 0.9660 -0.0000
vn 0.1437 0.9660 -0.2150
vn -0.5661 -0.5991 -0.5661
vn 0.1829 0.9660 -0.1829
vn 0.1511 0.6323 0.7599
vn -0.1193 0.7911 -0.6000
vn -0.0000 0.7911 -0.6117
vn -0.4325 0.7911 -0.4325
vn -0.9056 0.1982 0.3751
vn 0.1193 0.7911 -0.6000
vn -0.4325 0.7911 0.4325
vn -0.0000 0.6323 0.7747
vn -0.3398 0.7911 0.5086
vn 0.6657 0.7462 -0.0000
vn 0.6657 0.6894 -0.2856
vn -0.6657 0.6894 -0.2856
vn -0.6657 0.7462 -0.0000
vn -0.6670 0.5970 -0.4457
vn -0.8243 0.1309 -0.5508
vn -0.7615 -0.5662 0.3154
vn 0.4580 -0.5662 0.6854
vn 0.5829 -0.5662 0.5829
vn -0.8247 0.4507 -0.3416
vn -0.7422 0.4507 -0.4960
vn -0.1742 0.4507 -0.8755
vn -0.3416 0.4507 -0.8247
vn -0.6312 0.4507 0.6312
vn -0.7422 0.4507 0.4959
vn 0.8247 0.4507 0.3416
vn 0.8755 0.4507 0.1742
vn 0.8755 0.4507 -0.1742
vn 0.8927 0.4507 -0.0000
vn 0.1742 0.4507 0.8755
vn 0.3416 0.4507 0.8247
vn -0.8755 0.4507 -0.1742
vn -0.4959 0.4507 -0.7422
vn -0.6312 0.4507 -0.6312
vn -0.1742 0.4507 0.8755
vn -0.3416 0.4507 0.8247
vn -0.4960 0.4507 0.7422
vn 0.9159 0.1309 0.3794
vn 0.7422 0.4507 0.4959
vn 0.8243 0.1309 0.5508
vn -0.8247 0.4507 0.3416
vn -0.8755 0.4507 0.1742
vn -0.0000 0.4507 0.8927
vn 0.6312 0.4507 0.6312
vn -0.8927 0.4507 -0.0000
vn -0.9914 0.1309 -0.0000
vn 0.6312 0.4507 -0.6312
vn 0.4959 0.4507 -0.7422
vn 0.8247 0.4507 -0.3416
vn 0.7422 0.4507 -0.4959
vn -0.7612 0.4023 0.5086
vn -0.6474 0.4023 0.6474
vn 0.3416 0.4507 -0.8247
vn 0.1742 0.4507 -0.8755
vn 0.4960 0.4507 0.7422
vn -0.0000 0.4507 -0.8927
vn -0.5527 -0.1021 0.8271
vn -0.3807 -0.1021 0.9191
vn 0.3799 0.1198 -0.9172
vn 0.5516 0.1198 -0.8255
vn 0.7020 0.1198 -0.7020
vn -0.9928 0.1198 -0.0000
vn -0.9737 0.1198 -0.1937
vn -0.9737 0.1198 0.1937
vn -0.9172 0.1198 0.3799
vn -0.7020 0.1198 -0.7020
vn -0.5516 0.1198 -0.8255
vn -0.9172 0.1198 -0.3799
vn -0.0000 0.1198 0.9928
vn -0.1937 0.1198 0.9737
vn 0.9172 0.1198 0.3799
vn 0.8255 0.1198 0.5516
vn -0.8255 0.1198 0.5516
vn 0.9737 0.1198 -0.1937
vn 0.9928 0.1198 -0.0000
vn 0.7020 0.1198 0.7020
vn 0.9737 0.1198 0.1937
vn -0.5516 0.1198 0.8255
vn -0.3799 0.1198 0.9172
vn 0.9172 0.1198 -0.3799
vn -0.0000 0.1198 -0.9928
vn -0.7020 0.1198 0.7020
vn 0.1937 0.1198 -0.9737
vn 0.8255 0.1198 -0.5516
vn -0.8255 0.1198 -0.5516
vn -0.6893 -0.2230 -0.6893
vn -0.5544 -0.0636 -0.8298
vn -0.5416 -0.2230 -0.8105
vn 0.5516 0.1198 0.8255
vn 0.1937 0.1198 0.9737
vn 0.3799 0.1198 0.9172
vn 0.8296 -0.5583 -0.0000
vn 0.8137 -0.5583 0.1619
vn -0.3175 -0.5583 -0.7665
vn -0.3511 -0.3977 -0.8477
vn -0.1790 -0.3977 -0.8999
vn -0.1619 -0.5583 -0.8137
vn 0.9175 -0.3977 -0.0000
vn 0.9748 -0.2230 -0.0000
vn 0.9561 -0.2230 0.1902
vn 0.8999 -0.3977 0.1790
vn -0.8137 -0.5583 -0.1619
vn -0.7665 -0.5583 -0.3175
vn -0.0000 -0.3977 0.9175
vn -0.0000 -0.5583 0.8296
vn 0.1618 -0.5583 0.8137
vn 0.1790 -0.3977 0.8999
vn -0.8477 -0.3977 -0.3511
vn -0.9006 -0.2230 -0.3730
vn -0.8105 -0.2230 -0.5416
vn -0.7629 -0.3977 -0.5097
vn 0.9006 -0.2230 -0.3730
vn 0.9561 -0.2230 -0.1902
vn 0.4609 -0.5583 0.6898
vn 0.3175 -0.5583 0.7665
vn -0.1618 -0.5583 0.8137
vn -0.1790 -0.3977 0.8999
vn 0.1790 -0.3977 -0.8999
vn -0.0000 -0.3977 -0.9175
vn -0.0000 -0.2230 -0.9748
vn 0.1902 -0.2230 -0.9561
vn -0.0000 -0.2230 0.9748
vn -0.1902 -0.2230 0.9561
vn -0.3175 -0.5583 0.7665
vn -0.4609 -0.5583 0.6898
vn -0.0000 -0.5583 -0.8296
vn 0.8477 -0.3977 -0.3511
vn 0.7629 -0.3977 -0.5097
vn 0.8105 -0.2230 -0.5416
vn -0.1902 -0.2230 -0.9561
vn -0.0000 -0.0636 -0.9980
vn 0.3175 -0.5583 -0.7665
vn 0.4609 -0.5583 -0.6898
vn 0.3511 -0.3977 0.8477
vn -0.9561 -0.2230 0.1902
vn -0.9748 -0.2230 -0.0000
vn -0.8137 -0.5583 0.1618
vn -0.8296 -0.5583 -0.0000
vn -0.5097 -0.3977 -0.7629
vn -0.4609 -0.5583 -0.6898
vn 0.6488 -0.3977 0.6488
vn 0.6893 -0.2230 0.6893
vn 0.5416 -0.2230 0.8105
vn 0.5097 -0.3977 0.7629
vn -0.3730 -0.2230 -0.9006
vn 0.7665 -0.5583 0.3175
vn 0.6898 -0.5583 0.4609
vn -0.6898 -0.5583 -0.4609
vn -0.9175 -0.3977 -0.0000
vn -0.8999 -0.3977 0.1790
vn 0.1947 -0.0636 -0.9788
vn -0.8999 -0.3977 -0.1790
vn -0.9561 -0.2230 -0.1902
vn 0.5866 -0.5583 0.5866
vn 0.7629 -0.3977 0.5097
vn 0.8137 -0.5583 -0.1618
vn 0.1618 -0.5583 -0.8137
vn 0.3511 -0.3977 -0.8477
vn 0.8999 -0.3977 -0.1790
vn -0.6898 -0.5583 0.4609
vn -0.7665 -0.5583 0.3175
vn 0.6898 -0.5583 -0.4609
vn 0.5866 -0.5583 -0.5866
vn -0.6488 -0.3977 -0.6488
vn -0.8105 -0.2230 0.5416
vn -0.8298 -0.0636 0.5544
vn -0.9006 -0.2230 0.3730
vn -0.5866 -0.5583 0.5866
vn -0.6488 -0.3977 0.6488
vn -0.7629 -0.3977 0.5097
vn 0.1902 -0.2230 0.9561
vn 0.8477 -0.3977 0.3511
vn 0.3730 -0.2230 0.9006
vn 0.3819 -0.0636 0.9220
vn 0.1947 -0.0636 0.9788
vn 0.7665 -0.5583 -0.3175
vn 0.3730 -0.2230 -0.9006
vn 0.5544 -0.0636 0.8298
vn -0.8477 -0.3977 0.3511
vn -0.5097 -0.3977 0.7629
vn -0.5416 -0.2230 0.8105
vn -0.6893 -0.2230 0.6893
vn -0.9220 -0.0636 -0.3819
vn 0.9006 -0.2230 0.3730
vn 0.8105 -0.2230 0.5416
vn 0.3819 -0.0636 -0.9220
vn -0.3511 -0.3977 0.8477
vn -0.7057 -0.0636 0.7057
vn -0.3730 -0.2230 0.9006
vn -0.5544 -0.0636 0.8298
vn -0.5866 -0.5583 -0.5866
vn -0.8310 0.4371 0.3442
vn -0.7479 0.4371 0.4997
vn -0.5042 0.4200 0.7546
vn -0.4006 0.6929 0.5996
vn -0.7232 0.4934 0.4832
vn 0.6151 0.4934 0.6151
vn 0.6931 0.1982 0.6931
vn 0.5445 0.1982 0.8150
vn 0.4832 0.4934 0.7232
vn 0.7232 0.4934 0.4832
vn 0.8150 0.1982 0.5445
vn -0.8531 0.4934 0.1697
vn -0.9613 0.1982 0.1912
vn -0.8698 0.4934 -0.0000
vn 0.6662 0.6929 0.2759
vn 0.8531 0.4934 0.1697
vn 0.9613 0.1982 0.1912
vn -0.7072 0.6929 0.1407
vn -0.7211 0.6929 -0.0000
vn 0.8036 0.4934 0.3329
vn 0.9056 0.1982 0.3751
vn -0.1697 0.4934 -0.8531
vn -0.3329 0.4934 -0.8036
vn -0.3751 0.1982 -0.9056
vn -0.1912 0.1982 -0.9613
vn 0.3329 0.4934 -0.8036
vn 0.3751 0.1982 -0.9056
vn 0.5445 0.1982 -0.8150
vn 0.4832 0.4934 -0.7232
vn 0.3751 0.1982 0.9056
vn 0.3329 0.4934 0.8036
vn -0.8036 0.4934 0.3329
vn 0.4164 0.6619 -0.6233
vn 0.5300 0.6619 -0.5300
vn -0.4832 0.4934 -0.7232
vn -0.5445 0.1982 -0.8150
vn -0.6151 0.4934 -0.6151
vn -0.6931 0.1982 -0.6931
vn 0.4164 0.6619 0.6233
vn 0.2869 0.6619 0.6925
vn -0.0000 0.6619 -0.7496
vn 0.1462 0.6619 -0.7352
vn 0.7352 0.6619 -0.1462
vn 0.6925 0.6619 -0.2869
vn 0.1935 0.9374 -0.2896
vn 0.2462 0.9374 -0.2462
vn 0.5300 0.6619 0.5300
vn 0.6925 0.6619 0.2869
vn 0.2896 0.9374 0.1935
vn 0.6233 0.6619 0.4164
vn -0.2462 0.9374 0.2462
vn -0.6233 0.6619 0.4164
vn -0.5300 0.6619 0.5300
vn 0.2869 0.6619 -0.6925
vn -0.2462 0.9374 -0.2462
vn -0.5300 0.6619 -0.5300
vn -0.6233 0.6619 -0.4164
vn -0.6925 0.6619 0.2869
vn -0.1935 0.9374 -0.2896
vn -0.4164 0.6619 -0.6233
vn -0.1462 0.6619 -0.7352
vn -0.7352 0.6619 0.1462
vn -0.3416 0.9374 0.0679
vn -0.3482 0.9374 -0.0000
vn -0.7496 0.6619 -0.0000
vn 0.7496 0.6619 -0.0000
vn -0.2869 0.6619 -0.6925
vn -0.2869 0.6619 0.6925
vn -0.1935 0.9374 0.2896
vn -0.4164 0.6619 0.6233
vn 0.6233 0.6619 -0.4164
vn -0.6925 0.6619 -0.2869
vn -0.7352 0.6619 -0.1462
vn -0.3416 0.9374 -0.0679
vn 0.7352 0.6619 0.1462
vn -0.1462 0.6619 0.7352
vn 0.3956 -0.8796 -0.2643
vn 0.4795 -0.8170 -0.3204
vn 0.4078 -0.8170 -0.4078
vn 0.3364 -0.8796 -0.3364
vn -0.0000 0.6619 0.7496
vn 0.1462 0.6619 0.7352
vn -0.7034 -0.1021 0.7034
vn 0.3115 0.5807 0.7521
vn 0.1835 0.3402 0.9223
vn 0.8688 0.3402 0.3599
vn 0.9223 0.3402 -0.1835
vn -0.8688 0.3402 0.3599
vn 0.9404 0.3402 -0.0000
vn 0.9223 0.3402 0.1835
vn 0.3599 0.3402 0.8688
vn -0.1835 0.3402 -0.9223
vn -0.6649 0.3402 -0.6649
vn -0.0073 -0.9990 0.0433
vn 0.6339 -0.7727 0.0335
vn 0.6301 -0.5436 0.5545
vn 0.0018 -0.6733 0.7393
vn -0.3599 0.3402 0.8688
vn 0.6649 0.3402 -0.6649
vn 0.1281 0.9834 0.1281
vn 0.3632 0.8580 0.3632
vn 0.6657 -0.2856 0.6894
vn -0.6657 -0.2856 0.6894
vn 0.1755 0.4371 0.8822
vn 0.3442 0.4371 0.8310
vn 0.7479 0.4371 0.4997
vn 0.5845 0.7112 0.3906
vn 0.6495 0.7112 0.2690
vn 0.8310 0.4370 0.3442
vn 0.6895 0.7112 0.1371
vn 0.4213 0.8900 0.1745
vn 0.4473 0.8900 0.0890
vn -0.0000 0.8900 -0.4560
vn 0.0890 0.8900 -0.4473
vn 0.0540 0.9609 -0.2716
vn -0.0000 0.9609 -0.2769
vn 0.1755 0.4371 -0.8822
vn -0.0000 0.4371 -0.8994
vn -0.5845 0.7112 0.3906
vn -0.4971 0.7112 0.4971
vn -0.6360 0.4371 0.6360
vn 0.4971 0.7112 0.4971
vn 0.3225 0.8900 0.3224
vn 0.3792 0.8900 0.2533
vn 0.1958 0.9609 0.1958
vn 0.2303 0.9609 0.1539
vn -0.1958 0.9609 -0.1958
vn -0.2303 0.9609 -0.1539
vn 0.3442 0.4371 -0.8310
vn 0.6895 0.7112 -0.1371
vn 0.4473 0.8900 -0.0890
vn -0.1745 0.8900 -0.4213
vn -0.1060 0.9609 -0.2558
vn -0.1539 0.9609 -0.2303
vn -0.2533 0.8900 -0.3792
vn 0.1539 0.9609 0.2303
vn 0.1060 0.9609 0.2558
vn 0.6360 0.4371 -0.6360
vn 0.4997 0.4371 -0.7479
vn -0.6360 0.4371 -0.6360
vn -0.4971 0.7112 -0.4971
vn -0.5845 0.7112 -0.3906
vn -0.7479 0.4371 -0.4997
vn -0.6495 0.7112 0.2690
vn -0.4213 0.8900 0.1745
vn -0.3792 0.8900 0.2533
vn -0.4473 0.8900 0.0890
vn -0.2716 0.9609 0.0540
vn -0.2558 0.9609 0.1060
vn 0.1060 0.9609 -0.2558
vn -0.1755 0.4371 -0.8822
vn -0.0000 0.4371 0.8994
vn -0.0000 0.7112 0.7030
vn 0.1371 0.7112 0.6895
vn -0.6895 0.7112 0.1371
vn -0.0540 0.9609 -0.2716
vn -0.0890 0.8900 -0.4473
vn 0.1958 0.9609 -0.1958
vn 0.8822 0.4371 0.1755
vn 0.8994 0.4371 -0.0000
vn -0.0000 0.7112 -0.7030
vn -0.1371 0.7112 -0.6895
vn 0.4971 0.7112 -0.4971
vn 0.3224 0.8900 -0.3224
vn -0.1745 0.8900 0.4213
vn -0.2533 0.8900 0.3792
vn -0.1539 0.9609 0.2303
vn -0.1060 0.9609 0.2558
vn 0.0540 0.9609 0.2716
vn 0.8822 0.4371 -0.1755
vn 0.8310 0.4371 -0.3442
vn -0.8822 0.4371 0.1755
vn -0.3224 0.8900 -0.3224
vn -0.3792 0.8900 -0.2533
vn 0.2533 0.8900 -0.3792
vn 0.1539 0.9609 -0.2303
vn 0.1745 0.8900 -0.4213
vn -0.2769 0.9609 -0.0000
vn -0.1755 0.4370 0.8822
vn -0.8994 0.4371 -0.0000
vn -0.8822 0.4371 -0.1755
vn -0.6895 0.7112 -0.1371
vn -0.7030 0.7112 -0.0000
vn 0.2690 0.7112 -0.6495
vn 0.3906 0.7112 -0.5845
vn -0.0000 0.8900 0.4560
vn -0.0000 0.9609 0.2769
vn 0.0890 0.8900 0.4473
vn -0.2716 0.9609 -0.0540
vn -0.4997 0.4370 0.7479
vn 0.7030 0.7112 -0.0000
vn 0.4560 0.8900 -0.0000
vn 0.6360 0.4371 0.6360
vn -0.1371 0.7112 0.6895
vn -0.0890 0.8900 0.4473
vn -0.2303 0.9609 0.1539
vn -0.1958 0.9609 0.1958
vn -0.3224 0.8900 0.3225
vn 0.2769 0.9609 -0.0000
vn 0.2716 0.9609 -0.0540
vn -0.4997 0.4371 -0.7479
vn 0.4997 0.4371 0.7479
vn 0.2690 0.7112 0.6495
vn 0.3906 0.7112 0.5845
vn -0.4473 0.8900 -0.0890
vn -0.4560 0.8900 -0.0000
vn -0.0540 0.9609 0.2716
vn -0.6495 0.7112 -0.2690
vn -0.8310 0.4371 -0.3442
vn 0.7479 0.4371 -0.4997
vn -0.3906 0.7112 0.5845
vn 0.1745 0.8900 0.4213
vn 0.2533 0.8900 0.3792
vn -0.2690 0.7112 -0.6495
vn -0.3442 0.4371 -0.8310
vn -0.4213 0.8900 -0.1745
vn 0.2716 0.9609 0.0540
vn 0.2558 0.9609 0.1060
vn -0.3906 0.7112 -0.5845
vn -0.3442 0.4370 0.8310
vn -0.2690 0.7112 0.6495
vn -0.2558 0.9609 -0.1060
vn 0.1371 0.7112 -0.6895
vn 0.0751 -0.9230 -0.3775
vn 0.5231 0.3367 -0.7829
vn 0.3603 0.3367 -0.8699
vn -0.6658 0.3367 0.6658
vn -0.8699 0.3367 0.3603
vn -0.7829 0.3367 0.5231
vn -0.6658 0.3367 -0.6658
vn -0.9235 0.3367 0.1837
vn 0.6658 0.3367 0.6658
vn -0.1837 0.3367 -0.9235
vn 0.6474 0.4023 0.6474
vn 0.7612 0.4023 0.5086
vn 0.9155 0.4023 -0.0000
vn 0.8979 0.4023 -0.1786
vn -0.9155 0.4023 -0.0000
vn -0.7668 0.6419 -0.0000
vn -0.7520 0.6419 0.1496
vn -0.8979 0.4023 0.1786
vn 0.4260 0.6419 0.6375
vn 0.8458 0.4023 -0.3503
vn -0.8458 0.4023 0.3503
vn -0.7084 0.6419 0.2934
vn -0.6375 0.6419 0.4260
vn -0.1786 0.4023 0.8979
vn -0.0000 0.4023 0.9155
vn -0.1496 0.6419 0.7520
vn -0.0000 0.6419 0.7668
vn -0.5422 0.6419 -0.5422
vn -0.4260 0.6419 -0.6375
vn -0.5086 0.4023 0.7612
vn -0.3503 0.4023 0.8458
vn 0.7084 0.6419 0.2934
vn 0.8458 0.4023 0.3503
vn 0.5422 0.6419 -0.5422
vn 0.6375 0.6419 -0.4260
vn 0.5086 0.4023 -0.7612
vn 0.4260 0.6419 -0.6375
vn 0.2934 0.6419 -0.7084
vn 0.3503 0.4023 -0.8458
vn 0.7520 0.6419 -0.1496
vn 0.7084 0.6419 -0.2934
vn 0.1786 0.4023 -0.8979
vn 0.1496 0.6419 -0.7520
vn 0.1786 0.4023 0.8979
vn -0.4260 0.6419 0.6375
vn -0.2934 0.6419 0.7084
vn -0.8458 0.4023 -0.3503
vn -0.8979 0.4023 -0.1786
vn 0.3503 0.4023 0.8458
vn 0.1496 0.6419 0.7520
vn 0.2934 0.6419 0.7084
vn 0.8979 0.4023 0.1786
vn -0.5422 0.6419 0.5422
vn -0.0000 0.6419 -0.7668
vn 0.6303 0.7752 0.0438
vn -0.7612 0.4023 -0.5086
vn -0.6375 0.6419 -0.4260
vn -0.7084 0.6419 -0.2934
vn 0.7668 0.6419 -0.0000
vn -0.0000 0.4023 -0.9155
vn -0.1496 0.6419 -0.7520
vn -0.1786 0.4023 -0.8979
vn -0.6474 0.4023 -0.6474
vn -0.2934 0.6419 -0.7084
vn 0.5086 0.4023 0.7612
vn -0.3503 0.4023 -0.8458
vn -0.5086 0.4023 -0.7612
vn -0.7520 0.6419 -0.1496
vn 0.7612 0.4023 -0.5086
vn 0.6474 0.4023 -0.6474
vn 0.7520 0.6419 0.1496
vn -0.0000 -0.1021 0.9948
vn 0.1941 -0.1021 0.9757
vn -0.9191 -0.1021 0.3807
vn -0.9757 -0.1021 0.1941
vn 0.9191 -0.1021 -0.3807
vn 0.8271 -0.1021 -0.5527
vn 0.9757 -0.1021 -0.1941
vn -0.8271 -0.1021 0.5527
vn 0.9948 -0.1021 -0.0000
vn 0.5527 -0.1021 0.8271
vn 0.3807 -0.1021 0.9191
vn 0.8271 -0.1021 0.5527
vn 0.9191 -0.1021 0.3807
vn 0.3807 -0.1021 -0.9191
vn 0.1941 -0.1021 -0.9757
vn 0.9757 -0.1021 0.1941
vn 0.7034 -0.1021 0.7034
vn -0.7034 -0.1021 -0.7034
vn -0.0000 -0.1021 -0.9948
vn -0.1941 -0.1021 0.9757
vn -0.9757 -0.1021 -0.1941
vn -0.9948 -0.1021 -0.0000
vn 0.5527 -0.1021 -0.8271
vn 0.7034 -0.1021 -0.7034
vn -0.9191 -0.1021 -0.3807
vn -0.8271 -0.1021 -0.5527
vn -0.1941 -0.1021 -0.9757
vn -0.6929 -0.5528 -0.4630
vn -0.7689 -0.3805 -0.5138
vn -0.6539 -0.3805 -0.6539
vn -0.5893 -0.5528 -0.5893
vn 0.2718 0.7041 -0.6561
vn 0.3945 0.7041 -0.5905
vn 0.4630 0.5528 -0.6929
vn 0.3189 0.5528 -0.7699
vn -0.0928 -0.8796 -0.4666
vn -0.1821 -0.8796 -0.4396
vn -0.4758 -0.8796 -0.0000
vn -0.4666 -0.8796 -0.0928
vn -0.5656 -0.8170 -0.1125
vn -0.5767 -0.8170 -0.0000
vn -0.3204 -0.8170 0.4795
vn -0.4078 -0.8170 0.4078
vn -0.0000 -0.8796 0.4758
vn 0.0928 -0.8796 0.4666
vn -0.1821 -0.8796 0.4396
vn -0.2207 -0.8170 0.5328
vn -0.1125 -0.8170 0.5656
vn -0.0928 -0.8796 0.4666
vn 0.3204 -0.8170 0.4795
vn 0.4078 -0.8170 0.4078
vn 0.4666 -0.8796 -0.0928
vn 0.4396 -0.8796 -0.1821
vn 0.4396 -0.8796 0.1821
vn 0.5328 -0.8170 0.2207
vn 0.5656 -0.8170 0.1125
vn 0.4666 -0.8796 0.0928
vn 0.1125 -0.8170 0.5656
vn 0.2207 -0.8170 0.5328
vn 0.0928 -0.8796 -0.4666
vn -0.0000 -0.8796 -0.4758
vn 0.1125 -0.8170 -0.5656
vn -0.0000 -0.8170 -0.5767
vn -0.4795 -0.8170 0.3204
vn -0.5328 -0.8170 0.2207
vn 0.4758 -0.8796 -0.0000
vn -0.1125 -0.8170 -0.5656
vn 0.2207 -0.8170 -0.5328
vn 0.3204 -0.8170 -0.4795
vn -0.5656 -0.8170 0.1125
vn -0.4666 -0.8796 0.0928
vn 0.5328 -0.8170 -0.2207
vn -0.3956 -0.8796 -0.2643
vn -0.4396 -0.8796 -0.1821
vn 0.1821 -0.8796 -0.4396
vn -0.5328 -0.8170 -0.2207
vn 0.2643 -0.8796 -0.3956
vn 0.5767 -0.8170 -0.0000
vn 0.5656 -0.8170 -0.1125
vn 0.1821 -0.8796 0.4396
vn -0.4795 -0.8170 -0.3204
vn 0.4795 -0.8170 0.3204
vn -0.0000 -0.8170 0.5767
vn -0.2643 -0.8796 0.3956
vn -0.3364 -0.8796 0.3364
vn -0.2643 -0.8796 -0.3956
vn 0.2643 -0.8796 0.3956
vn 0.3956 -0.8796 0.2643
vn -0.2207 -0.8170 -0.5328
vn -0.3204 -0.8170 -0.4795
vn -0.3364 -0.8796 -0.3364
vn -0.4396 -0.8796 0.1821
vn -0.3956 -0.8796 0.2643
vn 0.3364 -0.8796 0.3364
vn -0.4078 -0.8170 -0.4078
vn 0.4924 -0.4631 0.7369
vn 0.3392 -0.4631 0.8188
vn -0.5898 0.5516 0.5898
vn -0.5980 0.5336 0.5980
vn -0.4699 0.5336 0.7032
vn -0.4634 0.5516 0.6935
vn -0.0000 -0.5056 -0.8627
vn -0.4793 -0.5056 -0.7173
vn -0.0000 -0.7071 -0.7071
vn 0.1683 -0.5056 -0.8462
vn 0.6101 0.5056 0.6101
vn -0.7139 -0.6857 -0.1420
vn 0.8627 0.5056 -0.0000
vn -0.8462 0.5056 0.1683
vn 0.8462 0.5056 -0.1683
vn 0.8462 -0.5056 -0.1683
vn -0.4696 -0.5344 -0.7028
vn 0.1649 -0.5344 -0.8290
vn 0.7028 0.5345 0.4696
vn 0.7809 0.5345 0.3234
vn -0.8290 0.5345 0.1649
vn 0.8290 0.5345 0.1649
vn 0.7028 0.5345 -0.4696
vn -0.0000 -0.5344 -0.8452
vn -0.7369 -0.4631 0.4924
vn -0.8188 -0.4631 0.3392
vn 0.4634 0.5516 -0.6935
vn 0.4699 0.5336 -0.7032
vn 0.3192 0.5516 -0.7706
vn 0.7369 -0.4631 0.4924
vn 0.6267 -0.4631 0.6267
vn 0.8295 0.5336 -0.1650
vn 0.7814 0.5336 -0.3236
vn -0.7706 0.5516 -0.3192
vn -0.7032 0.5336 -0.4699
vn -0.7814 0.5336 -0.3236
vn -0.8693 -0.4631 -0.1729
vn -0.8188 -0.4631 -0.3392
vn -0.6935 0.5516 0.4634
vn -0.7032 0.5336 0.4699
vn 0.8863 -0.4631 -0.0000
vn 0.8693 -0.4631 0.1729
vn -0.8181 0.5516 0.1627
vn -0.8295 0.5336 0.1650
vn -0.7814 0.5336 0.3236
vn -0.7706 0.5516 0.3192
vn -0.1627 0.5516 0.8181
vn -0.3192 0.5516 0.7706
vn -0.3236 0.5336 0.7814
vn -0.1650 0.5336 0.8295
vn 0.8188 -0.4631 0.3392
vn -0.1729 -0.4631 0.8693
vn -0.3392 -0.4631 0.8188
vn 0.7032 0.5336 -0.4699
vn -0.7369 -0.4631 -0.4924
vn -0.6267 -0.4631 -0.6267
vn -0.1650 0.5336 -0.8295
vn -0.3236 0.5336 -0.7814
vn -0.5980 0.5336 -0.5980
vn 0.5898 0.5516 -0.5898
vn 0.5980 0.5336 -0.5980
vn -0.4924 -0.4631 -0.7369
vn 0.1729 -0.4631 0.8693
vn -0.0000 -0.4631 0.8863
vn 0.8341 0.5516 -0.0000
vn 0.8457 0.5336 -0.0000
vn -0.8341 0.5516 -0.0000
vn -0.8181 0.5516 -0.1627
vn -0.8295 0.5336 -0.1650
vn -0.8457 0.5336 -0.0000
vn 0.7706 0.5516 0.3192
vn 0.7814 0.5336 0.3236
vn 0.8295 0.5336 0.1650
vn 0.8181 0.5516 0.1627
vn 0.4924 -0.4631 -0.7369
vn 0.6267 -0.4631 -0.6267
vn 0.8188 -0.4631 -0.3392
vn 0.8693 -0.4631 -0.1729
vn 0.6935 0.5516 0.4634
vn 0.7032 0.5336 0.4699
vn -0.6267 -0.4631 0.6267
vn -0.0000 0.5336 -0.8457
vn -0.0000 -0.4631 -0.8863
vn -0.1729 -0.4631 -0.8693
vn 0.3236 0.5336 0.7814
vn 0.1650 0.5336 0.8295
vn -0.0000 0.5336 0.8457
vn -0.3392 -0.4631 -0.8188
vn -0.8693 -0.4631 0.1729
vn -0.4924 -0.4631 0.7369
vn 0.7369 -0.4631 -0.4924
vn -0.4699 0.5336 -0.7032
vn -0.8863 -0.4631 -0.0000
vn 0.5980 0.5336 0.5980
vn 0.4699 0.5336 0.7032
vn -0.4634 0.5516 -0.6935
vn 0.1627 0.5516 -0.8181
vn -0.0000 0.5516 -0.8341
vn 0.1627 0.5516 0.8181
vn -0.0000 0.5516 0.8341
vn -0.0662 0.9929 0.0991
vn -0.0843 0.9929 0.0843
vn 0.2383 0.7824 0.5754
vn 0.3460 0.7824 0.5178
vn -0.4404 0.7824 0.4404
vn 0.4404 0.7824 0.4404
vn 0.5178 0.7824 0.3460
vn -0.6108 0.7824 0.1215
vn -0.2383 0.7824 -0.5754
vn 0.6108 0.7824 -0.1215
vn 0.5753 0.7824 0.2383
vn -0.5753 0.7824 0.2383
vn 0.6228 0.7824 -0.0000
vn 0.6108 0.7824 0.1215
vn -0.5753 0.7824 -0.2383
vn -0.5178 0.7824 0.3460
vn -0.7637 0.5628 -0.3163
vn -0.6873 0.5628 -0.4592
vn -0.2785 -0.6857 0.6725
vn -0.1420 -0.6857 0.7139
vn 0.6657 -0.0000 0.7462
vn 0.6657 0.2856 0.6894
vn 0.7412 0.5970 0.3070
vn 0.3163 0.5628 -0.7637
vn -0.8107 0.5628 -0.1613
vn -0.8266 0.5628 -0.0000
vn -0.8023 0.5970 -0.0000
vn -0.1613 0.5628 0.8107
vn -0.5845 0.5628 -0.5845
vn -0.4592 0.5628 -0.6873
vn -0.3163 0.5628 -0.7637
vn 0.6873 0.5628 0.4592
vn 0.7637 0.5628 0.3163
vn 0.6671 0.5970 0.4457
vn -0.4592 0.5628 0.6873
vn -0.3163 0.5628 0.7637
vn -0.8107 0.5628 0.1613
vn 0.8107 0.5628 0.1613
vn 0.1613 0.5628 -0.8107
vn 0.8266 0.5628 -0.0000
vn -0.1420 -0.6857 -0.7139
vn -0.2785 -0.6857 -0.6725
vn -0.6725 -0.6857 0.2786
vn -0.6052 -0.6857 0.4044
vn -0.1951 -0.0000 -0.9808
vn 0.2786 0.6857 0.6725
vn -0.4044 -0.6857 0.6052
vn -0.3467 0.7814 -0.5189
vn -0.4412 0.7814 -0.4412
vn -0.2388 0.7814 -0.5765
vn 0.1217 0.7814 0.6120
vn -0.0000 0.7814 0.6240
vn -0.4412 0.7814 0.4412
vn 0.4412 0.7814 0.4412
vn -0.6120 0.7814 0.1217
vn -0.6240 0.7814 -0.0000
vn 0.6120 0.7814 -0.1217
vn -0.3467 0.7814 0.5188
vn -0.5189 0.7814 -0.3467
vn -0.0000 1.0000 -0.0000
vn 0.4044 -0.6857 0.6052
vn 0.5147 -0.6857 0.5147
vn -0.5147 -0.6857 0.5147
vn -0.0000 -0.6857 -0.7279
vn -0.4044 -0.6857 -0.6052
vn -0.5147 -0.6857 -0.5147
vn -0.5152 0.6849 0.5152
vn 0.1422 0.6849 -0.7147
vn -0.6059 0.6849 -0.4048
vn 0.5152 0.6849 -0.5152
vn -0.4048 0.6849 0.6059
vn 0.6059 0.6849 0.4048
vn 0.5152 0.6849 0.5152
vn 0.1420 -0.6857 -0.7139
vn 0.0991 0.9929 0.0662
vn 0.0843 0.9929 -0.0843
vn -0.0000 -0.6857 0.7279
vn 0.5147 -0.6857 -0.5147
vn -0.0000 0.1939 0.9810
vn -0.1914 0.1939 0.9622
vn 0.9622 -0.1939 -0.1914
vn 0.9063 -0.1939 -0.3754
vn 0.5893 0.5528 -0.5893
vn 0.6929 0.5528 -0.4630
vn 0.7689 0.3805 -0.5138
vn 0.6539 0.3805 -0.6539
vn -0.0000 0.5528 -0.8333
vn -0.0000 0.7041 -0.7101
vn 0.1385 0.7041 -0.6965
vn 0.1626 0.5528 -0.8173
vn 0.5138 0.3805 -0.7689
vn -0.5861 0.7730 -0.2428
vn -0.5275 0.7730 -0.3525
vn -0.5905 0.7041 -0.3945
vn -0.6561 0.7041 -0.2718
vn -0.0000 -0.1939 -0.9810
vn 0.1914 -0.1939 -0.9622
vn 0.1804 -0.3805 -0.9070
vn -0.0000 -0.3805 -0.9248
vn -0.5138 0.3805 0.7689
vn -0.6539 0.3805 0.6539
vn -0.0000 -0.1939 0.9810
vn 0.1914 -0.1939 0.9622
vn 0.1914 0.1939 -0.9622
vn 0.3754 0.1939 -0.9063
vn -0.0000 0.1939 -0.9810
vn -0.0000 0.3805 -0.9248
vn 0.1804 0.3805 -0.9070
vn 0.1626 0.5528 0.8173
vn -0.0000 0.5528 0.8333
vn -0.0000 0.3805 0.9248
vn 0.1804 0.3805 0.9070
vn -0.1238 -0.7730 0.6222
vn -0.1385 -0.7041 0.6965
vn -0.2718 -0.7041 0.6561
vn -0.2428 -0.7730 0.5861
vn -0.5893 -0.5528 0.5893
vn -0.6929 -0.5528 0.4630
vn -0.5905 -0.7041 0.3945
vn -0.5021 -0.7041 0.5021
vn 0.1626 -0.5528 0.8173
vn -0.0000 -0.5528 0.8333
vn -0.0000 -0.7041 0.7101
vn 0.1385 -0.7041 0.6965
vn -0.8173 0.5528 0.1626
vn -0.8333 0.5528 -0.0000
vn -0.9248 0.3805 -0.0000
vn -0.9070 0.3805 0.1804
vn 0.4630 -0.5528 0.6929
vn 0.5138 -0.3805 0.7689
vn 0.3539 -0.3805 0.8544
vn 0.3189 -0.5528 0.7699
vn 0.6222 -0.7730 -0.1238
vn 0.6965 -0.7041 -0.1385
vn 0.7101 -0.7041 -0.0000
vn 0.6344 -0.7730 -0.0000
vn 0.3189 0.5528 0.7699
vn 0.2718 0.7041 0.6561
vn 0.1385 0.7041 0.6965
vn 0.6561 0.7041 0.2718
vn 0.5905 0.7041 0.3945
vn 0.6929 0.5528 0.4630
vn 0.7699 0.5528 0.3189
vn -0.0000 -0.3805 0.9248
vn -0.1804 -0.3805 0.9070
vn -0.1626 -0.5528 0.8173
vn 0.2428 0.7730 -0.5861
vn 0.3524 0.7730 -0.5275
vn 0.5450 -0.1939 0.8157
vn 0.3754 -0.1939 0.9063
vn -0.9810 -0.1939 -0.0000
vn -0.9622 -0.1939 0.1914
vn -0.5450 -0.1939 -0.8157
vn -0.6937 -0.1939 -0.6937
vn 0.8157 -0.1939 -0.5450
vn 0.8544 -0.3805 -0.3539
vn 0.7689 -0.3805 -0.5138
vn 0.6937 -0.1939 -0.6937
vn 0.5450 -0.1939 -0.8157
vn 0.8157 -0.1939 0.5450
vn 0.6937 -0.1939 0.6937
vn 0.6539 -0.3805 0.6539
vn 0.7689 -0.3805 0.5138
vn 0.5893 -0.5528 -0.5893
vn 0.6539 -0.3805 -0.6539
vn 0.6929 -0.5528 -0.4630
vn 0.5861 -0.7730 0.2428
vn 0.6561 -0.7041 0.2718
vn 0.5905 -0.7041 0.3945
vn 0.5275 -0.7730 0.3525
vn 0.8173 -0.5528 -0.1626
vn 0.8333 -0.5528 -0.0000
vn 0.5905 -0.7041 -0.3945
vn 0.7699 -0.5528 -0.3189
vn 0.6561 -0.7041 -0.2718
vn 0.1626 -0.5528 -0.8173
vn -0.0000 -0.5528 -0.8333
vn -0.6561 -0.7041 0.2718
vn -0.6965 -0.7041 0.1385
vn -0.6222 -0.7730 0.1238
vn -0.5861 -0.7730 0.2428
vn 0.9810 -0.1939 -0.0000
vn 0.9248 -0.3805 -0.0000
vn 0.9070 -0.3805 -0.1804
vn -0.6344 -0.7730 -0.0000
vn -0.7101 -0.7041 -0.0000
vn -0.6965 -0.7041 -0.1385
vn -0.6222 -0.7730 -0.1238
vn -0.3189 -0.5528 0.7699
vn 0.3945 -0.7041 0.5905
vn 0.2718 -0.7041 0.6561
vn 0.5138 -0.3805 -0.7689
vn 0.4630 -0.5528 -0.6929
vn -0.3945 -0.7041 -0.5905
vn -0.2718 -0.7041 -0.6561
vn -0.2428 -0.7730 -0.5861
vn -0.3525 -0.7730 -0.5275
vn 0.9622 -0.1939 0.1914
vn 0.9070 -0.3805 0.1804
vn 0.6937 0.1939 0.6937
vn 0.5450 0.1939 0.8157
vn -0.7689 0.3805 -0.5138
vn -0.6539 0.3805 -0.6539
vn -0.6937 0.1939 -0.6937
vn -0.8157 0.1939 -0.5450
vn 0.5893 0.5528 0.5893
vn 0.6539 0.3805 0.6539
vn 0.7689 0.3805 0.5138
vn -0.9063 0.1939 -0.3754
vn 0.8157 0.1939 -0.5450
vn 0.9063 0.1939 -0.3754
vn -0.8157 -0.1939 0.5450
vn -0.9063 -0.1939 0.3754
vn -0.8544 -0.3805 0.3539
vn -0.7689 -0.3805 0.5138
vn 0.7699 0.5528 -0.3189
vn 0.8544 0.3805 -0.3539
vn 0.4486 0.7730 0.4486
vn 0.3524 0.7730 0.5275
vn 0.3945 0.7041 0.5905
vn 0.5021 0.7041 0.5021
vn -0.5893 0.5528 0.5893
vn -0.5021 0.7041 0.5021
vn -0.5905 0.7041 0.3945
vn -0.6929 0.5528 0.4630
vn 0.3189 -0.5528 -0.7699
vn 0.2718 -0.7041 -0.6561
vn 0.1385 -0.7041 -0.6965
vn -0.1626 0.5528 0.8173
vn -0.1804 0.3805 0.9070
vn -0.1238 0.7730 0.6222
vn -0.2428 0.7730 0.5861
vn -0.2718 0.7041 0.6561
vn -0.1385 0.7041 0.6965
vn 0.3754 -0.1939 -0.9063
vn 0.3539 -0.3805 -0.8544
vn 0.3945 -0.7041 -0.5905
vn 0.7699 -0.5528 0.3189
vn 0.6929 -0.5528 0.4630
vn 0.5893 -0.5528 0.5893
vn 0.5275 0.7730 -0.3525
vn 0.5861 0.7730 -0.2428
vn 0.6561 0.7041 -0.2718
vn 0.5905 0.7041 -0.3945
vn 0.9622 0.1939 0.1914
vn 0.9063 0.1939 0.3754
vn 0.8544 0.3805 0.3539
vn 0.5861 -0.7730 -0.2428
vn 0.5275 -0.7730 -0.3525
vn -0.9622 -0.1939 -0.1914
vn -0.6929 0.5528 -0.4630
vn -0.5893 0.5528 -0.5893
vn -0.4486 -0.7730 0.4486
vn -0.5275 -0.7730 0.3525
vn -0.5021 0.7041 -0.5021
vn -0.3945 0.7041 -0.5905
vn -0.4630 0.5528 -0.6929
vn 0.5021 0.7041 -0.5021
vn 0.6222 0.7730 -0.1238
vn 0.6344 0.7730 -0.0000
vn 0.7101 0.7041 -0.0000
vn 0.6965 0.7041 -0.1385
vn 0.6937 0.1939 -0.6937
vn 0.5450 0.1939 -0.8157
vn -0.9810 0.1939 -0.0000
vn -0.9622 0.1939 -0.1914
vn -0.7699 0.5528 -0.3189
vn -0.8544 0.3805 -0.3539
vn -0.5275 -0.7730 -0.3525
vn -0.5905 -0.7041 -0.3945
vn -0.5021 -0.7041 -0.5021
vn -0.4486 -0.7730 -0.4486
vn -0.8544 -0.3805 -0.3539
vn -0.9063 -0.1939 -0.3754
vn -0.8157 -0.1939 -0.5450
vn 0.9622 0.1939 -0.1914
vn 0.9810 0.1939 -0.0000
vn 0.4630 0.5528 0.6929
vn 0.5138 0.3805 0.7689
vn -0.0000 -0.7730 0.6344
vn 0.8173 0.5528 -0.1626
vn 0.8333 0.5528 -0.0000
vn 0.5021 -0.7041 0.5021
vn 0.3539 0.3805 -0.8544
vn -0.4630 -0.5528 0.6929
vn -0.5138 -0.3805 0.7689
vn -0.6539 -0.3805 0.6539
vn 0.6222 0.7730 0.1238
vn 0.5861 0.7730 0.2428
vn 0.6965 0.7041 0.1385
vn 0.8173 -0.5528 0.1626
vn 0.6965 -0.7041 0.1385
vn -0.1626 0.5528 -0.8173
vn 0.1804 -0.3805 0.9070
vn -0.1385 -0.7041 -0.6965
vn -0.1238 -0.7730 -0.6222
vn 0.9063 -0.1939 0.3754
vn 0.8544 -0.3805 0.3539
vn -0.1914 -0.1939 0.9622
vn -0.3189 0.5528 0.7699
vn -0.4630 0.5528 0.6929
vn -0.3539 0.3805 0.8544
vn -0.3525 -0.7730 0.5275
vn -0.3945 -0.7041 0.5905
vn 0.9070 0.3805 -0.1804
vn 0.9248 0.3805 -0.0000
vn 0.8157 0.1939 0.5450
vn 0.3525 -0.7730 0.5275
vn 0.2428 -0.7730 0.5861
vn -0.3945 0.7041 0.5905
vn 0.1238 -0.7730 0.6222
vn -0.0000 -0.7041 -0.7101
vn 0.4486 0.7730 -0.4486
vn -0.9070 0.3805 -0.1804
vn -0.4486 0.7730 -0.4486
vn -0.3524 0.7730 -0.5275
vn -0.9070 -0.3805 -0.1804
vn -0.7699 -0.5528 -0.3189
vn -0.7101 0.7041 -0.0000
vn -0.6965 0.7041 -0.1385
vn -0.8173 0.5528 -0.1626
vn -0.5138 -0.3805 -0.7689
vn -0.4630 -0.5528 -0.6929
vn 0.3539 0.3805 0.8544
vn 0.4486 -0.7730 0.4486
vn -0.0000 0.7041 0.7101
vn -0.0000 -0.7730 -0.6344
vn -0.9070 -0.3805 0.1804
vn -0.3754 -0.1939 -0.9063
vn -0.1914 -0.1939 -0.9622
vn -0.1804 -0.3805 -0.9070
vn -0.3539 -0.3805 -0.8544
vn 0.3754 0.1939 0.9063
vn 0.1914 0.1939 0.9622
vn -0.5450 -0.1939 0.8157
vn -0.6937 -0.1939 0.6937
vn -0.3525 0.7730 0.5275
vn 0.8173 0.5528 0.1626
vn -0.8333 -0.5528 -0.0000
vn -0.9248 -0.3805 -0.0000
vn -0.8173 -0.5528 -0.1626
vn -0.4486 0.7730 0.4486
vn -0.7699 -0.5528 0.3189
vn 0.2428 -0.7730 -0.5861
vn 0.1238 -0.7730 -0.6222
vn -0.1914 0.1939 -0.9622
vn -0.3754 0.1939 -0.9063
vn -0.3539 0.3805 -0.8544
vn -0.1804 0.3805 -0.9070
vn -0.8157 0.1939 0.5450
vn -0.9063 0.1939 0.3754
vn -0.5450 0.1939 -0.8157
vn -0.6561 -0.7041 -0.2718
vn -0.5861 -0.7730 -0.2428
vn -0.3189 0.5528 -0.7699
vn -0.1626 -0.5528 -0.8173
vn -0.6344 0.7730 -0.0000
vn -0.6222 0.7730 -0.1238
vn -0.5138 0.3805 -0.7689
vn 0.2428 0.7730 0.5861
vn -0.3754 0.1939 0.9063
vn -0.3754 -0.1939 0.9063
vn -0.3539 -0.3805 0.8544
vn -0.6561 0.7041 0.2718
vn -0.5861 0.7730 0.2428
vn -0.6222 0.7730 0.1238
vn -0.6965 0.7041 0.1385
vn 0.5275 0.7730 0.3525
vn 0.9070 0.3805 0.1804
vn 0.1238 0.7730 0.6222
vn -0.0000 0.7730 0.6344
vn -0.7689 0.3805 0.5138
vn -0.7699 0.5528 0.3189
vn 0.5021 -0.7041 -0.5021
vn -0.3189 -0.5528 -0.7699
vn -0.0000 0.7730 -0.6344
vn -0.8544 0.3805 0.3539
vn 0.4486 -0.7730 -0.4486
vn 0.3525 -0.7730 -0.5275
vn -0.9622 0.1939 0.1914
vn 0.1238 0.7730 -0.6222
vn -0.8173 -0.5528 0.1626
vn 0.6222 -0.7730 0.1238
vn -0.5275 0.7730 0.3524
vn -0.0000 0.7071 -0.7071
vn -0.0000 0.7071 0.7071
vn -0.0000 -0.7071 0.7071
vn 0.6302 -0.5791 -0.5172
vn -0.0000 -0.7458 -0.6661
vn -0.0000 0.9984 0.0564
vn 0.6657 0.5276 -0.5276
vn -0.6657 0.5276 -0.5276
vn 0.6657 -0.7462 -0.0000
vn -0.6657 -0.7462 -0.0000
vn 0.6657 0.6894 0.2856
vn -0.6657 0.6894 0.2856
vn 0.6657 -0.6894 -0.2856
vn -0.6657 -0.6894 -0.2856
vn 0.6657 0.5276 0.5276
vn -0.6657 0.5276 0.5276
vn 0.6657 -0.5276 -0.5276
vn -0.6657 -0.5276 -0.5276
vn -0.6657 0.2856 0.6894
vn 0.6657 -0.2856 -0.6894
vn -0.6657 -0.2856 -0.6894
vn -0.6657 -0.0000 0.7462
vn 0.6657 0.2856 -0.6894
vn 0.6657 -0.0000 -0.7462
vn -0.6657 -0.0000 -0.7462
vn -0.6657 0.2856 -0.6894
vt 0.650786 0.834599
vt 0.655977 0.834375
vt 0.656019 0.835880
vt 0.650869 0.836093
vt 0.070840 0.522066
vt 0.081354 0.518317
vt 0.092545 0.546046
vt 0.082581 0.550521
vt 0.202962 0.046599
vt 0.185907 0.061071
vt 0.180353 0.054795
vt 0.197872 0.040209
vt 0.055680 0.365387
vt 0.056715 0.396979
vt 0.045085 0.397693
vt 0.044008 0.365332
vt 0.061196 0.492262
vt 0.072139 0.489265
vt 0.092557 0.184717
vt 0.081369 0.212449
vt 0.070899 0.208598
vt 0.082647 0.180144
vt 0.120369 0.596197
vt 0.136183 0.617400
vt 0.128697 0.623353
vt 0.111979 0.601820
vt 0.072157 0.241509
vt 0.061246 0.238402
vt 0.045089 0.332970
vt 0.056711 0.333793
vt 0.059816 0.428325
vt 0.048318 0.429805
vt 0.152470 0.636539
vt 0.169040 0.653881
vt 0.162917 0.660050
vt 0.145724 0.642621
vt 0.105623 0.572117
vt 0.096353 0.577266
vt 0.180265 0.675924
vt 0.185836 0.669658
vt 0.202890 0.684184
vt 0.197761 0.690560
vt 0.169056 0.076817
vt 0.162966 0.070616
vt 0.152476 0.094197
vt 0.136189 0.113348
vt 0.128774 0.107340
vt 0.145791 0.088068
vt 0.105634 0.158641
vt 0.096429 0.153402
vt 0.120379 0.134557
vt 0.112069 0.128862
vt 0.233679 0.014115
vt 0.238291 0.020734
vt 0.220383 0.033255
vt 0.215650 0.026744
vt 0.257083 0.007878
vt 0.251616 0.001516
vt 0.220353 0.697528
vt 0.238278 0.710048
vt 0.233620 0.716642
vt 0.215565 0.704010
vt 0.116618 0.907528
vt 0.110412 0.907644
vt 0.110394 0.904623
vt 0.116426 0.904420
vt 0.059806 0.302448
vt 0.048326 0.300858
vt 0.064970 0.459176
vt 0.053698 0.461415
vt 0.257092 0.722909
vt 0.251622 0.729278
vt 0.083874 0.305597
vt 0.081072 0.335382
vt 0.070194 0.334674
vt 0.073127 0.304200
vt 0.247785 0.695772
vt 0.266533 0.706620
vt 0.262898 0.714048
vt 0.243578 0.702242
vt 0.152126 0.605262
vt 0.166883 0.624044
vt 0.160399 0.629564
vt 0.144970 0.610606
vt 0.230460 0.683823
vt 0.225928 0.689962
vt 0.182137 0.089652
vt 0.166883 0.106730
vt 0.160404 0.101180
vt 0.176253 0.083956
vt 0.083886 0.425220
vt 0.088559 0.454519
vt 0.078030 0.456575
vt 0.073138 0.426584
vt 0.104058 0.189845
vt 0.113333 0.193883
vt 0.103313 0.220176
vt 0.093519 0.216767
vt 0.266517 0.024150
vt 0.247769 0.035010
vt 0.243585 0.028540
vt 0.262891 0.016738
vt 0.094999 0.483079
vt 0.084794 0.485808
vt 0.095025 0.247737
vt 0.088532 0.276298
vt 0.078008 0.274218
vt 0.084817 0.244985
vt 0.176240 0.646770
vt 0.182137 0.641110
vt 0.197768 0.656650
vt 0.192398 0.662436
vt 0.113327 0.536919
vt 0.124967 0.561657
vt 0.116319 0.566249
vt 0.104049 0.540928
vt 0.230461 0.046967
vt 0.225950 0.040819
vt 0.213860 0.670829
vt 0.208931 0.676781
vt 0.069217 0.365392
vt 0.080139 0.365409
vt 0.081077 0.395436
vt 0.070198 0.396110
vt 0.208979 0.053991
vt 0.213881 0.059955
vt 0.197802 0.074127
vt 0.192450 0.068310
vt 0.130118 0.589709
vt 0.138026 0.584570
vt 0.124971 0.169140
vt 0.116325 0.164519
vt 0.103302 0.510632
vt 0.093506 0.514012
vt 0.152125 0.125524
vt 0.138032 0.146223
vt 0.130124 0.141054
vt 0.144972 0.120150
vt 0.860983 0.547774
vt 0.858983 0.547768
vt 0.859023 0.541817
vt 0.861021 0.541827
vt 0.053716 0.269248
vt 0.064960 0.271600
vt 0.253974 0.685937
vt 0.271564 0.695859
vt 0.096679 0.365446
vt 0.097550 0.394456
vt 0.197070 0.178515
vt 0.188773 0.198263
vt 0.177853 0.193937
vt 0.186922 0.173690
vt 0.176855 0.615888
vt 0.191197 0.632665
vt 0.118134 0.225173
vt 0.110473 0.251781
vt 0.127376 0.199787
vt 0.150086 0.153679
vt 0.138086 0.175876
vt 0.163093 0.133410
vt 0.206021 0.647951
vt 0.221409 0.661861
vt 0.104462 0.279360
vt 0.100144 0.307659
vt 0.097545 0.336434
vt 0.237343 0.674517
vt 0.150081 0.577175
vt 0.163097 0.597435
vt 0.205525 0.680948
vt 0.222785 0.694230
vt 0.206032 0.082852
vt 0.191194 0.098136
vt 0.237307 0.056298
vt 0.221389 0.068951
vt 0.271548 0.034911
vt 0.253933 0.044860
vt 0.176846 0.114944
vt 0.811508 0.078317
vt 0.804358 0.077165
vt 0.805273 0.066030
vt 0.814268 0.067587
vt 0.100155 0.423226
vt 0.104482 0.451505
vt 0.118125 0.505697
vt 0.127371 0.531078
vt 0.138082 0.554982
vt 0.110454 0.479080
vt 0.254394 0.624997
vt 0.242555 0.612754
vt 0.245044 0.610545
vt 0.256629 0.622647
vt 0.194955 0.530196
vt 0.198843 0.528770
vt 0.206430 0.548067
vt 0.202818 0.549664
vt 0.167997 0.365402
vt 0.168565 0.340186
vt 0.173409 0.340398
vt 0.172860 0.365394
vt 0.173104 0.290595
vt 0.177031 0.266638
vt 0.181571 0.267485
vt 0.177786 0.291236
vt 0.231450 0.131620
vt 0.242552 0.118022
vt 0.245045 0.120224
vt 0.234210 0.133677
vt 0.818641 0.051473
vt 0.806855 0.049255
vt 0.809492 0.024940
vt 0.825324 0.028176
vt 0.280188 0.085064
vt 0.277359 0.080877
vt 0.291686 0.071923
vt 0.294176 0.076394
vt 0.211548 0.567654
vt 0.214873 0.565895
vt 0.224143 0.582228
vt 0.221105 0.584143
vt 0.170282 0.415620
vt 0.175065 0.415179
vt 0.177790 0.439551
vt 0.173109 0.440204
vt 0.182011 0.487275
vt 0.186369 0.486217
vt 0.192142 0.508102
vt 0.188002 0.509349
vt 0.254388 0.105779
vt 0.266941 0.094819
vt 0.268940 0.097299
vt 0.256627 0.108123
vt 0.181571 0.463300
vt 0.177032 0.464159
vt 0.234209 0.597094
vt 0.231451 0.599158
vt 0.281957 0.643103
vt 0.295580 0.651531
vt 0.294177 0.654374
vt 0.280194 0.645712
vt 0.266949 0.635957
vt 0.268944 0.633473
vt 0.211546 0.163128
vt 0.214872 0.164879
vt 0.206428 0.182709
vt 0.202815 0.181122
vt 0.170277 0.315180
vt 0.175059 0.315609
vt 0.263753 0.090830
vt 0.258083 0.083660
vt 0.272290 0.073396
vt 0.295580 0.079239
vt 0.281955 0.087671
vt 0.187999 0.221445
vt 0.192139 0.222680
vt 0.186369 0.244567
vt 0.182010 0.243522
vt 0.173414 0.390391
vt 0.168570 0.390616
vt 0.198841 0.202008
vt 0.194953 0.200592
vt 0.175084 0.241794
vt 0.169817 0.265238
vt 0.157068 0.262635
vt 0.162846 0.238585
vt 0.169798 0.215622
vt 0.181421 0.219409
vt 0.227058 0.128281
vt 0.216269 0.143527
vt 0.207723 0.137830
vt 0.219287 0.122194
vt 0.764921 0.271583
vt 0.760587 0.264400
vt 0.775293 0.257022
vt 0.778361 0.264823
vt 0.197077 0.552267
vt 0.206262 0.570516
vt 0.196919 0.575795
vt 0.186932 0.557093
vt 0.165666 0.289533
vt 0.152520 0.287560
vt 0.152527 0.443238
vt 0.165671 0.441265
vt 0.169819 0.465556
vt 0.157073 0.468161
vt 0.181426 0.511382
vt 0.188777 0.532523
vt 0.177862 0.536851
vt 0.169806 0.515170
vt 0.238582 0.114460
vt 0.231547 0.108001
vt 0.160869 0.339827
vt 0.160268 0.365399
vt 0.146608 0.365401
vt 0.147267 0.339163
vt 0.175087 0.488998
vt 0.162852 0.492209
vt 0.250820 0.101999
vt 0.244488 0.095178
vt 0.206256 0.160262
vt 0.196910 0.154982
vt 0.160874 0.390972
vt 0.162682 0.416333
vt 0.149251 0.417659
vt 0.147272 0.391640
vt 0.277365 0.649897
vt 0.291688 0.658846
vt 0.286935 0.666456
vt 0.272299 0.657378
vt 0.263761 0.639945
vt 0.258093 0.647116
vt 0.162676 0.314467
vt 0.149244 0.313142
vt 0.286931 0.064311
vt 0.227060 0.602496
vt 0.238585 0.616317
vt 0.231552 0.622779
vt 0.219289 0.608583
vt 0.250827 0.628776
vt 0.244497 0.635600
vt 0.216273 0.587249
vt 0.207729 0.592946
vt 0.853845 0.042141
vt 0.840237 0.033957
vt 0.844745 0.024848
vt 0.859782 0.033975
vt 0.883664 0.078556
vt 0.875855 0.064644
vt 0.884143 0.058883
vt 0.893137 0.074301
vt 0.687161 0.105445
vt 0.685616 0.124584
vt 0.679053 0.124591
vt 0.680683 0.104385
vt 0.840389 0.214864
vt 0.853974 0.206637
vt 0.859917 0.214790
vt 0.844912 0.223960
vt 0.776867 0.026791
vt 0.761111 0.032016
vt 0.756908 0.022243
vt 0.774467 0.016442
vt 0.702544 0.141184
vt 0.706600 0.157345
vt 0.696555 0.160753
vt 0.692078 0.142910
vt 0.702508 0.107964
vt 0.701168 0.124576
vt 0.690561 0.124577
vt 0.692041 0.106242
vt 0.740846 0.218016
vt 0.746650 0.209110
vt 0.761312 0.216973
vt 0.757121 0.226748
vt 0.793181 0.024442
vt 0.792643 0.013958
vt 0.810740 0.014645
vt 0.828258 0.018339
vt 0.696483 0.088389
vt 0.706530 0.091792
vt 0.865919 0.196326
vt 0.873103 0.203338
vt 0.828449 0.230507
vt 0.825501 0.220689
vt 0.740648 0.031017
vt 0.746466 0.039908
vt 0.733359 0.050173
vt 0.726134 0.042393
vt 0.733503 0.198894
vt 0.726299 0.206683
vt 0.865815 0.052450
vt 0.873001 0.045422
vt 0.722276 0.186607
vt 0.713877 0.193089
vt 0.703886 0.177632
vt 0.713235 0.172623
vt 0.777072 0.222166
vt 0.793388 0.224484
vt 0.792860 0.234958
vt 0.774685 0.232511
vt 0.884199 0.189881
vt 0.875916 0.184134
vt 0.883674 0.170246
vt 0.893147 0.174481
vt 0.713133 0.076496
vt 0.703776 0.071496
vt 0.809691 0.223953
vt 0.810946 0.234236
vt 0.255798 0.483990
vt 0.261718 0.495367
vt 0.256354 0.498353
vt 0.250172 0.486761
vt 0.811560 0.239041
vt 0.829847 0.235089
vt 0.831718 0.241177
vt 0.812394 0.245427
vt 0.625966 0.837972
vt 0.630705 0.836964
vt 0.630966 0.838354
vt 0.626271 0.839323
vt 0.792645 0.239868
vt 0.773584 0.237397
vt 0.249376 0.157081
vt 0.243734 0.169192
vt 0.232802 0.164259
vt 0.238966 0.151792
vt 0.843325 0.908773
vt 0.856807 0.904696
vt 0.858257 0.908297
vt 0.844083 0.912609
vt 0.227741 0.434698
vt 0.232141 0.449024
vt 0.219858 0.453363
vt 0.214834 0.438507
vt 0.829642 0.013750
vt 0.811340 0.009836
vt 0.812162 0.003445
vt 0.831500 0.007655
vt 0.840131 0.319702
vt 0.844378 0.322530
vt 0.841132 0.328025
vt 0.836964 0.325563
vt 0.734523 0.227713
vt 0.752538 0.237432
vt 0.751921 0.238860
vt 0.733677 0.229005
vt 0.079224 0.712229
vt 0.079880 0.711377
vt 0.083311 0.713798
vt 0.082647 0.714723
vt 0.062415 0.606851
vt 0.061216 0.612595
vt 0.055378 0.611435
vt 0.056829 0.605434
vt 0.622832 0.781792
vt 0.621704 0.778038
vt 0.629535 0.775990
vt 0.630403 0.779827
vt 0.856270 0.601389
vt 0.856158 0.595441
vt 0.859185 0.595391
vt 0.859287 0.601321
vt 0.897545 0.072036
vt 0.887949 0.056167
vt 0.892983 0.052547
vt 0.902950 0.068706
vt 0.862702 0.218588
vt 0.876449 0.206601
vt 0.880900 0.210932
vt 0.866412 0.223629
vt 0.032579 0.877285
vt 0.034938 0.873523
vt 0.038726 0.875972
vt 0.036518 0.879599
vt 0.024474 0.955888
vt 0.022826 0.951267
vt 0.027661 0.949749
vt 0.029111 0.954188
vt 0.110436 0.886970
vt 0.068142 0.884604
vt 0.068427 0.881393
vt 0.110559 0.884079
vt 0.050443 0.985711
vt 0.047758 0.982626
vt 0.051736 0.979296
vt 0.054334 0.982205
vt 0.012979 0.966268
vt 0.008413 0.968249
vt 0.007208 0.966493
vt 0.012532 0.964187
vt 0.691874 0.162347
vt 0.699525 0.179970
vt 0.693732 0.183072
vt 0.685657 0.164460
vt 0.062085 0.667691
vt 0.063491 0.673185
vt 0.058175 0.674834
vt 0.056462 0.669077
vt 0.856124 0.529890
vt 0.856215 0.523949
vt 0.859233 0.524000
vt 0.859148 0.529931
vt 0.856050 0.535838
vt 0.859078 0.535870
vt 0.086956 0.566439
vt 0.084028 0.568649
vt 0.081719 0.565792
vt 0.084761 0.563574
vt 0.699410 0.069169
vt 0.691797 0.086808
vt 0.685575 0.084707
vt 0.693612 0.066079
vt 0.059115 0.630932
vt 0.058938 0.637229
vt 0.052657 0.637182
vt 0.052861 0.630602
vt 0.026415 0.924936
vt 0.032838 0.924939
vt 0.032950 0.929671
vt 0.026582 0.930019
vt 0.060260 0.618560
vt 0.054227 0.617670
vt 0.856811 0.624739
vt 0.856704 0.618944
vt 0.859659 0.618885
vt 0.859761 0.624688
vt 0.588012 0.842059
vt 0.584283 0.843896
vt 0.577676 0.831999
vt 0.581108 0.829616
vt 0.808308 0.157309
vt 0.807875 0.155543
vt 0.812225 0.154055
vt 0.812957 0.155731
vt 0.798750 0.156108
vt 0.803347 0.156238
vt 0.803462 0.158053
vt 0.798535 0.157930
vt 0.046238 0.916384
vt 0.048491 0.916397
vt 0.048619 0.920519
vt 0.046249 0.920570
vt 0.773261 0.119300
vt 0.772878 0.124469
vt 0.770834 0.124471
vt 0.771243 0.118997
vt 0.803410 0.090821
vt 0.803302 0.092640
vt 0.798696 0.092782
vt 0.798478 0.090959
vt 0.823455 0.145500
vt 0.826574 0.141645
vt 0.828073 0.142834
vt 0.824880 0.146783
vt 0.776285 0.109508
vt 0.774407 0.114269
vt 0.772470 0.113668
vt 0.774480 0.108626
vt 0.785674 0.098059
vt 0.781999 0.101294
vt 0.780598 0.099935
vt 0.784533 0.096515
vt 0.807838 0.093320
vt 0.808267 0.091550
vt 0.776315 0.139423
vt 0.778879 0.143780
vt 0.777258 0.144921
vt 0.774512 0.140309
vt 0.816311 0.151838
vt 0.817318 0.153394
vt 0.794140 0.093750
vt 0.789759 0.095522
vt 0.788908 0.093838
vt 0.793600 0.091971
vt 0.773271 0.129637
vt 0.771254 0.129945
vt 0.828095 0.106019
vt 0.826595 0.107217
vt 0.823452 0.103359
vt 0.824877 0.102067
vt 0.794199 0.155137
vt 0.793662 0.156914
vt 0.784591 0.152395
vt 0.785727 0.150849
vt 0.789816 0.153374
vt 0.788971 0.155060
vt 0.774427 0.134666
vt 0.772492 0.135272
vt 0.897880 0.641658
vt 0.901996 0.641611
vt 0.902078 0.647425
vt 0.897939 0.647480
vt 0.780650 0.148986
vt 0.782046 0.147623
vt 0.778840 0.105145
vt 0.777215 0.104008
vt 0.817289 0.095463
vt 0.816283 0.097021
vt 0.812192 0.094805
vt 0.812923 0.093127
vt 0.820035 0.099911
vt 0.821278 0.098491
vt 0.820057 0.148949
vt 0.821301 0.150364
vt 0.861874 0.636247
vt 0.859930 0.636275
vt 0.859851 0.630484
vt 0.861797 0.630451
vt 0.855015 0.465804
vt 0.857000 0.465590
vt 0.857075 0.471532
vt 0.855132 0.471554
vt 0.861941 0.642042
vt 0.859995 0.642064
vt 0.853908 0.565652
vt 0.855912 0.565644
vt 0.855930 0.571608
vt 0.853926 0.571622
vt 0.860948 0.565630
vt 0.858948 0.565638
vt 0.858945 0.559681
vt 0.860946 0.559677
vt 0.855109 0.642106
vt 0.857048 0.642087
vt 0.857073 0.647876
vt 0.855131 0.647864
vt 0.861948 0.477356
vt 0.860001 0.477345
vt 0.860047 0.471536
vt 0.862005 0.471554
vt 0.854970 0.488859
vt 0.856913 0.488883
vt 0.856821 0.494674
vt 0.854875 0.494645
vt 0.861275 0.601273
vt 0.861179 0.595354
vt 0.861074 0.535886
vt 0.861141 0.529952
vt 0.856717 0.500473
vt 0.854767 0.500439
vt 0.854961 0.630562
vt 0.856904 0.630528
vt 0.856985 0.636311
vt 0.855045 0.636340
vt 0.861101 0.589421
vt 0.859104 0.589450
vt 0.861223 0.524027
vt 0.860965 0.571582
vt 0.858964 0.571595
vt 0.861041 0.583479
vt 0.859042 0.583502
vt 0.858996 0.577551
vt 0.860995 0.577533
vt 0.853918 0.553712
vt 0.855923 0.553713
vt 0.855910 0.559678
vt 0.853905 0.559682
vt 0.855052 0.483081
vt 0.855114 0.477315
vt 0.857054 0.477323
vt 0.856993 0.483100
vt 0.861421 0.512226
vt 0.859450 0.512174
vt 0.859566 0.506347
vt 0.861526 0.506383
vt 0.861709 0.624651
vt 0.861610 0.618841
vt 0.853960 0.577590
vt 0.855963 0.577571
vt 0.854126 0.529867
vt 0.854221 0.523919
vt 0.861807 0.488948
vt 0.861722 0.494749
vt 0.859773 0.494723
vt 0.859861 0.488926
vt 0.861386 0.607167
vt 0.859412 0.607230
vt 0.860957 0.553724
vt 0.858957 0.553723
vt 0.853947 0.547744
vt 0.853991 0.541780
vt 0.855993 0.541792
vt 0.855950 0.547751
vt 0.861628 0.500559
vt 0.859675 0.500529
vt 0.854050 0.535821
vt 0.861317 0.518116
vt 0.859335 0.518082
vt 0.783587 0.335082
vt 0.779290 0.332545
vt 0.783394 0.326636
vt 0.787236 0.329696
vt 0.851046 0.257639
vt 0.864375 0.264173
vt 0.860579 0.270721
vt 0.848216 0.264740
vt 0.263879 0.224975
vt 0.264470 0.219221
vt 0.287529 0.221080
vt 0.287166 0.226863
vt 0.720151 0.330674
vt 0.725424 0.316422
vt 0.742654 0.324294
vt 0.738363 0.335998
vt 0.837045 0.408083
vt 0.831258 0.410342
vt 0.829998 0.406192
vt 0.835261 0.404232
vt 0.735718 0.373182
vt 0.716916 0.375882
vt 0.715862 0.360704
vt 0.734861 0.360699
vt 0.821112 0.258437
vt 0.834980 0.260584
vt 0.831162 0.277536
vt 0.819846 0.276022
vt 0.806858 0.258367
vt 0.808263 0.276222
vt 0.860551 0.450685
vt 0.848182 0.456682
vt 0.841967 0.440671
vt 0.852046 0.435911
vt 0.824432 0.407419
vt 0.825085 0.411764
vt 0.818682 0.412260
vt 0.818685 0.407816
vt 0.777208 0.367460
vt 0.772126 0.368125
vt 0.771643 0.360703
vt 0.776777 0.360706
vt 0.801598 0.317786
vt 0.799532 0.313614
vt 0.805777 0.311122
vt 0.807163 0.315483
vt 0.716912 0.345531
vt 0.735714 0.348215
vt 0.741839 0.291002
vt 0.752634 0.280389
vt 0.764735 0.294758
vt 0.756010 0.303442
vt 0.764705 0.426659
vt 0.752600 0.441016
vt 0.741777 0.430417
vt 0.755963 0.417993
vt 0.748526 0.408077
vt 0.732633 0.418323
vt 0.725378 0.404996
vt 0.742617 0.397125
vt 0.812188 0.411781
vt 0.812874 0.407330
vt 0.818718 0.309151
vt 0.825119 0.309645
vt 0.824470 0.313991
vt 0.818724 0.313597
vt 0.732685 0.303096
vt 0.748575 0.313352
vt 0.852044 0.285466
vt 0.841970 0.280740
vt 0.785295 0.439467
vt 0.778275 0.456615
vt 0.764851 0.449852
vt 0.774556 0.433882
vt 0.774619 0.287562
vt 0.792503 0.260465
vt 0.796679 0.278209
vt 0.785357 0.281992
vt 0.869305 0.898314
vt 0.880499 0.889893
vt 0.883074 0.892769
vt 0.871355 0.901593
vt 0.834941 0.460819
vt 0.831160 0.443870
vt 0.738320 0.385410
vt 0.720107 0.390747
vt 0.792427 0.460963
vt 0.796644 0.443246
vt 0.806797 0.463052
vt 0.808259 0.445216
vt 0.023741 0.924933
vt 0.023959 0.919666
vt 0.026588 0.919854
vt 0.819848 0.445408
vt 0.821060 0.462976
vt 0.815671 0.909148
vt 0.816166 0.906096
vt 0.829379 0.907052
vt 0.829423 0.910182
vt 0.239857 0.280586
vt 0.241113 0.280670
vt 0.240728 0.287810
vt 0.239464 0.287756
vt 0.249030 0.386771
vt 0.250019 0.386661
vt 0.250594 0.392275
vt 0.249618 0.392362
vt 0.037417 0.869902
vt 0.040013 0.866411
vt 0.043540 0.869116
vt 0.041068 0.872482
vt 0.869299 0.757158
vt 0.856802 0.750773
vt 0.858253 0.747173
vt 0.871349 0.753880
vt 0.110589 0.933911
vt 0.068776 0.937014
vt 0.068472 0.933823
vt 0.110430 0.931062
vt 0.783555 0.386334
vt 0.779254 0.388866
vt 0.775975 0.382358
vt 0.780636 0.380410
vt 0.831293 0.311064
vt 0.830035 0.315214
vt 0.110278 0.916596
vt 0.067126 0.917621
vt 0.066892 0.914316
vt 0.110325 0.913634
vt 0.059388 0.649784
vt 0.060024 0.655932
vt 0.053966 0.656761
vt 0.053198 0.650324
vt 0.021356 0.946443
vt 0.026395 0.945129
vt 0.020088 0.908450
vt 0.021358 0.903411
vt 0.026400 0.904725
vt 0.025339 0.909533
vt 0.773349 0.011556
vt 0.754930 0.017663
vt 0.752294 0.011568
vt 0.771875 0.005038
vt 0.897804 0.787439
vt 0.890069 0.775780
vt 0.893092 0.773384
vt 0.901185 0.785586
vt 0.842328 0.316265
vt 0.846831 0.319815
vt 0.788173 0.399973
vt 0.783356 0.394780
vt 0.787199 0.391722
vt 0.791483 0.396461
vt 0.048419 0.993312
vt 0.045525 0.990081
vt 0.048882 0.987135
vt 0.051793 0.990290
vt 0.843325 0.746690
vt 0.844084 0.742855
vt 0.691646 0.837168
vt 0.696382 0.838159
vt 0.696078 0.839509
vt 0.691384 0.838555
vt 0.769166 0.883562
vt 0.778889 0.892770
vt 0.776578 0.895657
vt 0.766437 0.886023
vt 0.112147 0.866881
vt 0.070359 0.862342
vt 0.070713 0.859185
vt 0.112732 0.863927
vt 0.812220 0.309633
vt 0.812913 0.314086
vt 0.773601 0.346010
vt 0.775998 0.339049
vt 0.780660 0.341004
vt 0.778522 0.347338
vt 0.263256 0.373458
vt 0.262611 0.367541
vt 0.286505 0.365643
vt 0.286829 0.371561
vt 0.790429 0.338962
vt 0.788071 0.343994
vt 0.751673 0.010141
vt 0.771531 0.003446
vt 0.903502 0.855248
vt 0.906951 0.841685
vt 0.910755 0.842321
vt 0.907147 0.856509
vt 0.842282 0.405122
vt 0.840092 0.401698
vt 0.706815 0.785213
vt 0.708226 0.781732
vt 0.715212 0.784927
vt 0.713583 0.788191
vt 0.856075 0.589487
vt 0.754315 0.861270
vt 0.761047 0.872973
vt 0.758007 0.875015
vt 0.751103 0.863138
vt 0.237067 0.462593
vt 0.225432 0.467328
vt 0.219500 0.255539
vt 0.217235 0.271754
vt 0.202850 0.269931
vt 0.205410 0.253198
vt 0.284479 0.103807
vt 0.276348 0.113819
vt 0.267475 0.107061
vt 0.275578 0.096787
vt 0.805739 0.410297
vt 0.799490 0.407805
vt 0.801556 0.403634
vt 0.807122 0.405935
vt 0.111684 0.945289
vt 0.070100 0.949679
vt 0.069753 0.946523
vt 0.111319 0.942436
vt 0.258735 0.322636
vt 0.258477 0.315836
vt 0.284854 0.315282
vt 0.284949 0.321818
vt 0.216576 0.321800
vt 0.224485 0.321901
vt 0.224524 0.338344
vt 0.216637 0.338524
vt 0.773581 0.375395
vt 0.778504 0.374074
vt 0.067307 0.591521
vt 0.065481 0.596259
vt 0.060570 0.594378
vt 0.062806 0.589447
vt 0.081258 0.571044
vt 0.078617 0.573677
vt 0.075853 0.571029
vt 0.078737 0.568288
vt 0.896056 0.577378
vt 0.896071 0.583266
vt 0.258265 0.302140
vt 0.258311 0.295281
vt 0.284791 0.295546
vt 0.284775 0.302130
vt 0.786348 0.349371
vt 0.890092 0.879702
vt 0.893115 0.882099
vt 0.000977 0.644754
vt 0.000977 0.617930
vt 0.040833 0.617930
vt 0.040833 0.644754
vt 0.837077 0.313307
vt 0.835296 0.317169
vt 0.730721 0.850699
vt 0.735135 0.852236
vt 0.734680 0.853525
vt 0.730239 0.851960
vt 0.268891 0.123967
vt 0.261946 0.134518
vt 0.252432 0.128520
vt 0.259749 0.117596
vt 0.903473 0.800231
vt 0.907117 0.798969
vt 0.726458 0.848938
vt 0.725931 0.850165
vt 0.809438 0.322180
vt 0.804943 0.324180
vt 0.772131 0.353279
vt 0.777216 0.353951
vt 0.828127 0.399634
vt 0.832611 0.397990
vt 0.018304 0.919205
vt 0.019053 0.913713
vt 0.024512 0.914518
vt 0.906933 0.813791
vt 0.910735 0.813151
vt 0.226309 0.419174
vt 0.233472 0.417609
vt 0.236917 0.432221
vt 0.230036 0.434054
vt 0.217361 0.355160
vt 0.225194 0.354713
vt 0.226421 0.370915
vt 0.218688 0.371643
vt 0.788205 0.321444
vt 0.791519 0.324958
vt 0.265568 0.396376
vt 0.265018 0.390743
vt 0.287911 0.388934
vt 0.288304 0.394639
vt 0.262975 0.509417
vt 0.268098 0.506217
vt 0.274937 0.516575
vt 0.270046 0.520002
vt 0.277628 0.530169
vt 0.282255 0.526426
vt 0.290223 0.535590
vt 0.286040 0.540010
vt 0.050815 0.603648
vt 0.052413 0.604133
vt 0.050762 0.610371
vt 0.049093 0.609977
vt 0.666411 0.834404
vt 0.671601 0.834661
vt 0.671507 0.836154
vt 0.666360 0.835908
vt 0.256788 0.160715
vt 0.251526 0.172543
vt 0.245684 0.170039
vt 0.251231 0.157996
vt 0.228214 0.386860
vt 0.230567 0.402456
vt 0.223168 0.403746
vt 0.220625 0.387870
vt 0.240886 0.446196
vt 0.234328 0.448288
vt 0.084750 0.711215
vt 0.081672 0.708988
vt 0.228016 0.224886
vt 0.235120 0.226533
vt 0.232103 0.241598
vt 0.224759 0.240179
vt 0.225948 0.289136
vt 0.224938 0.305470
vt 0.217060 0.305078
vt 0.218141 0.288472
vt 0.796304 0.400457
vt 0.793592 0.404343
vt 0.796818 0.330335
vt 0.793367 0.334378
vt 0.796345 0.320962
vt 0.793630 0.317073
vt 0.058024 0.586816
vt 0.059287 0.587520
vt 0.056700 0.592642
vt 0.055304 0.591989
vt 0.809394 0.399238
vt 0.814054 0.400471
vt 0.242435 0.198123
vt 0.238572 0.212007
vt 0.231752 0.210146
vt 0.235943 0.196045
vt 0.246739 0.184991
vt 0.240584 0.182704
vt 0.737199 0.827230
vt 0.740554 0.822385
vt 0.744405 0.825259
vt 0.740965 0.829678
vt 0.036379 0.965473
vt 0.041179 0.963095
vt 0.042984 0.966599
vt 0.038375 0.969172
vt 0.222314 0.239701
vt 0.208599 0.236861
vt 0.245367 0.459457
vt 0.239142 0.461785
vt 0.219798 0.272062
vt 0.227493 0.272988
vt 0.846786 0.401564
vt 0.844340 0.398871
vt 0.263259 0.230799
vt 0.286821 0.232707
vt 0.896262 0.618417
vt 0.896307 0.624239
vt 0.861501 0.613017
vt 0.896219 0.612585
vt 0.250344 0.472037
vt 0.244431 0.474590
vt 0.229552 0.257113
vt 0.222011 0.255934
vt 0.871889 0.278434
vt 0.861185 0.291663
vt 0.270503 0.125083
vt 0.275332 0.128442
vt 0.268694 0.138707
vt 0.263637 0.135567
vt 0.262513 0.149452
vt 0.257217 0.146523
vt 0.700982 0.839297
vt 0.705446 0.840581
vt 0.705056 0.841853
vt 0.700636 0.840607
vt 0.282440 0.118663
vt 0.277861 0.115015
vt 0.286082 0.105291
vt 0.290223 0.109623
vt 0.882173 0.287892
vt 0.869172 0.299259
vt 0.242461 0.475469
vt 0.248298 0.487709
vt 0.237779 0.493172
vt 0.231411 0.480574
vt 0.737923 0.026861
vt 0.734296 0.021337
vt 0.261268 0.510500
vt 0.268421 0.521152
vt 0.259190 0.527706
vt 0.251661 0.516677
vt 0.052890 0.597627
vt 0.054398 0.598200
vt 0.586324 0.801654
vt 0.584591 0.799351
vt 0.589315 0.795726
vt 0.591121 0.798165
vt 0.821713 0.470791
vt 0.806276 0.471013
vt 0.876503 0.272489
vt 0.735476 0.435964
vt 0.725581 0.422877
vt 0.806333 0.250414
vt 0.821759 0.250627
vt 0.876494 0.448904
vt 0.864356 0.457237
vt 0.871869 0.442955
vt 0.775209 0.464414
vt 0.760513 0.457023
vt 0.887337 0.439238
vt 0.882162 0.433478
vt 0.790755 0.252515
vt 0.717729 0.408476
vt 0.712036 0.393096
vt 0.790683 0.468920
vt 0.708592 0.344343
vt 0.712076 0.328315
vt 0.851015 0.463784
vt 0.747200 0.447436
vt 0.747241 0.273969
vt 0.463304 0.431853
vt 0.463304 0.454531
vt 0.435614 0.454531
vt 0.435614 0.431853
vt 0.887337 0.282137
vt 0.708590 0.377063
vt 0.707447 0.360704
vt 0.836753 0.253064
vt 0.725633 0.298541
vt 0.735532 0.285457
vt 0.717777 0.312940
vt 0.836715 0.468346
vt 0.783508 0.796671
vt 0.796861 0.804516
vt 0.794267 0.810053
vt 0.779588 0.804855
vt 0.895194 0.827750
vt 0.894232 0.839566
vt 0.879819 0.837155
vt 0.880568 0.827761
vt 0.879999 0.871704
vt 0.868581 0.862692
vt 0.873739 0.854873
vt 0.886531 0.861853
vt 0.828754 0.883203
vt 0.828107 0.867460
vt 0.834385 0.866583
vt 0.837814 0.882083
vt 0.877535 0.846282
vt 0.891328 0.851042
vt 0.819730 0.772728
vt 0.828776 0.772254
vt 0.828146 0.788012
vt 0.821871 0.788237
vt 0.862478 0.887389
vt 0.852000 0.892740
vt 0.846595 0.879369
vt 0.854796 0.875118
vt 0.788798 0.865988
vt 0.800436 0.855849
vt 0.804878 0.860081
vt 0.795261 0.872160
vt 0.877499 0.809237
vt 0.879802 0.818366
vt 0.863577 0.821089
vt 0.861972 0.814585
vt 0.894216 0.815934
vt 0.891295 0.804454
vt 0.859348 0.847100
vt 0.862003 0.840977
vt 0.810936 0.880648
vt 0.815743 0.865859
vt 0.821829 0.867211
vt 0.819702 0.882712
vt 0.862482 0.768080
vt 0.871897 0.775173
vt 0.862211 0.785982
vt 0.854816 0.780360
vt 0.840766 0.896130
vt 0.840469 0.864598
vt 0.846153 0.861534
vt 0.846188 0.793973
vt 0.840494 0.790914
vt 0.846603 0.776117
vt 0.851327 0.797999
vt 0.795273 0.783253
vt 0.802732 0.778337
vt 0.810067 0.791979
vt 0.804898 0.795334
vt 0.771425 0.789282
vt 0.778313 0.780119
vt 0.788793 0.789412
vt 0.806487 0.893975
vt 0.817635 0.896702
vt 0.800439 0.799556
vt 0.771423 0.866130
vt 0.783515 0.858730
vt 0.778319 0.875295
vt 0.829178 0.897447
vt 0.806498 0.761471
vt 0.817648 0.758737
vt 0.810961 0.774801
vt 0.863592 0.834470
vt 0.834417 0.788910
vt 0.837830 0.773388
vt 0.780777 0.890405
vt 0.791541 0.897605
vt 0.790069 0.900269
vt 0.880485 0.765584
vt 0.878378 0.767933
vt 0.867623 0.759837
vt 0.761046 0.782441
vt 0.763550 0.784117
vt 0.757124 0.795503
vt 0.754315 0.794143
vt 0.771402 0.881543
vt 0.778889 0.762659
vt 0.780774 0.765025
vt 0.771396 0.773879
vt 0.769163 0.771859
vt 0.895038 0.788954
vt 0.887596 0.777738
vt 0.802437 0.905794
vt 0.803441 0.902899
vt 0.903821 0.814314
vt 0.900491 0.801264
vt 0.842700 0.749816
vt 0.829378 0.748402
vt 0.829426 0.745272
vt 0.855617 0.753714
vt 0.855626 0.901755
vt 0.867632 0.895633
vt 0.864108 0.827779
vt 0.802442 0.749650
vt 0.803443 0.752547
vt 0.791541 0.757833
vt 0.790072 0.755169
vt 0.763553 0.871297
vt 0.842705 0.905645
vt 0.816169 0.749351
vt 0.815676 0.746298
vt 0.878394 0.887541
vt 0.887621 0.877741
vt 0.908099 0.827737
vt 0.903838 0.841164
vt 0.904943 0.827738
vt 0.895064 0.866524
vt 0.897830 0.868042
vt 0.766066 0.799770
vt 0.645641 0.834955
vt 0.645343 0.831730
vt 0.650597 0.831334
vt 0.640565 0.835470
vt 0.640166 0.832297
vt 0.604131 0.845148
vt 0.599991 0.846982
vt 0.598826 0.844373
vt 0.603001 0.842534
vt 0.616879 0.840389
vt 0.615992 0.837607
vt 0.620563 0.836236
vt 0.621355 0.839103
vt 0.681810 0.835620
vt 0.682203 0.832449
vt 0.687272 0.833214
vt 0.686784 0.836321
vt 0.608295 0.843421
vt 0.607232 0.840772
vt 0.611554 0.839123
vt 0.612533 0.841830
vt 0.666515 0.831122
vt 0.671802 0.831401
vt 0.587103 0.852228
vt 0.586367 0.849488
vt 0.590514 0.847984
vt 0.591543 0.850661
vt 0.625275 0.835019
vt 0.594671 0.846224
vt 0.595815 0.848857
vt 0.661194 0.834298
vt 0.655893 0.831093
vt 0.661203 0.831008
vt 0.722297 0.847089
vt 0.718168 0.845281
vt 0.719263 0.842665
vt 0.723427 0.844480
vt 0.707423 0.834335
vt 0.708554 0.831016
vt 0.713164 0.832714
vt 0.711948 0.835935
vt 0.709779 0.842014
vt 0.706305 0.837797
vt 0.710733 0.839305
vt 0.605896 0.837489
vt 0.604585 0.834354
vt 0.609066 0.832531
vt 0.610305 0.835757
vt 0.614845 0.834143
vt 0.613696 0.830815
vt 0.618482 0.829231
vt 0.619529 0.832666
vt 0.714014 0.843572
vt 0.715048 0.840925
vt 0.731724 0.848029
vt 0.735853 0.849508
vt 0.672076 0.827347
vt 0.672368 0.823442
vt 0.677872 0.823979
vt 0.677444 0.827837
vt 0.601601 0.839313
vt 0.600241 0.836258
vt 0.692228 0.834135
vt 0.661214 0.826920
vt 0.661222 0.822980
vt 0.666809 0.823108
vt 0.666657 0.827040
vt 0.635581 0.836140
vt 0.635082 0.833032
vt 0.655764 0.827006
vt 0.655630 0.823065
vt 0.716345 0.837643
vt 0.717630 0.834514
vt 0.585395 0.846473
vt 0.589265 0.844871
vt 0.682736 0.828507
vt 0.683296 0.824712
vt 0.727571 0.846307
vt 0.669376 0.777015
vt 0.669649 0.773113
vt 0.677625 0.773902
vt 0.677133 0.777769
vt 0.050385 0.670779
vt 0.052000 0.670306
vt 0.053956 0.676310
vt 0.052428 0.676879
vt 0.721764 0.848293
vt 0.717659 0.846479
vt 0.059023 0.643531
vt 0.052752 0.643774
vt 0.000977 0.242393
vt 0.000977 0.215569
vt 0.040833 0.215569
vt 0.040833 0.242393
vt 0.000977 0.591106
vt 0.000977 0.564282
vt 0.040833 0.564282
vt 0.040833 0.591106
vt 0.244295 0.358012
vt 0.245405 0.357882
vt 0.246538 0.363865
vt 0.245456 0.364070
vt 0.856462 0.512118
vt 0.856597 0.506284
vt 0.786331 0.372052
vt 0.788048 0.377429
vt 0.896046 0.571485
vt 0.896525 0.471899
vt 0.896471 0.477711
vt 0.704599 0.049001
vt 0.692258 0.065357
vt 0.703380 0.048065
vt 0.661190 0.835806
vt 0.596256 0.794546
vt 0.594354 0.791891
vt 0.599916 0.787774
vt 0.601916 0.790815
vt 0.261949 0.242742
vt 0.262612 0.236715
vt 0.286496 0.238622
vt 0.286192 0.244620
vt 0.000977 0.483810
vt 0.000977 0.456986
vt 0.040833 0.456986
vt 0.040833 0.483810
vt 0.790399 0.382461
vt 0.804900 0.397241
vt 0.792414 0.009046
vt 0.792138 0.002510
vt 0.718269 0.033942
vt 0.717220 0.032816
vt 0.618227 0.810688
vt 0.615567 0.803573
vt 0.621610 0.801455
vt 0.623951 0.808875
vt 0.216110 0.371906
vt 0.218095 0.388230
vt 0.203872 0.390352
vt 0.201622 0.373451
vt 0.000977 0.805699
vt 0.000977 0.778874
vt 0.040833 0.778874
vt 0.040833 0.805699
vt 0.688618 0.825635
vt 0.686527 0.806316
vt 0.692556 0.807653
vt 0.661564 0.776694
vt 0.661619 0.772773
vt 0.735403 0.801877
vt 0.737084 0.799556
vt 0.741652 0.802952
vt 0.740000 0.805182
vt 0.577359 0.808411
vt 0.575672 0.806268
vt 0.580064 0.802838
vt 0.581758 0.805050
vt 0.000977 0.671578
vt 0.040833 0.671578
vt 0.000977 0.725226
vt 0.000977 0.698402
vt 0.040833 0.698402
vt 0.040833 0.725226
vt 0.261952 0.361510
vt 0.261294 0.355348
vt 0.285924 0.353552
vt 0.286203 0.359642
vt 0.719651 0.817489
vt 0.724378 0.819858
vt 0.233915 0.287466
vt 0.239241 0.294963
vt 0.233668 0.294802
vt 0.250038 0.398128
vt 0.250102 0.404424
vt 0.245439 0.403863
vt 0.245582 0.398220
vt 0.251221 0.363019
vt 0.248299 0.363535
vt 0.247232 0.357469
vt 0.250266 0.356895
vt 0.235862 0.338538
vt 0.241224 0.337871
vt 0.242101 0.344752
vt 0.236865 0.345573
vt 0.254400 0.218148
vt 0.251667 0.217851
vt 0.252259 0.212198
vt 0.255007 0.212467
vt 0.240447 0.330867
vt 0.234994 0.331388
vt 0.221104 0.146637
vt 0.224143 0.148544
vt 0.249317 0.253806
vt 0.248464 0.260396
vt 0.245230 0.259979
vt 0.246191 0.253334
vt 0.249043 0.217560
vt 0.248361 0.223137
vt 0.244098 0.222526
vt 0.244784 0.217078
vt 0.253725 0.380484
vt 0.250986 0.380846
vt 0.250209 0.375177
vt 0.252987 0.374759
vt 0.242173 0.370737
vt 0.246587 0.369899
vt 0.247542 0.375592
vt 0.243230 0.376319
vt 0.242088 0.259523
vt 0.241137 0.266424
vt 0.235763 0.265751
vt 0.236841 0.258735
vt 0.255607 0.206704
vt 0.252770 0.206399
vt 0.247538 0.228744
vt 0.246573 0.234444
vt 0.242161 0.233592
vt 0.243226 0.228010
vt 0.256399 0.403536
vt 0.253384 0.404146
vt 0.252751 0.397914
vt 0.255584 0.397600
vt 0.233688 0.309506
vt 0.239261 0.309416
vt 0.239507 0.316617
vt 0.233958 0.316840
vt 0.253408 0.200167
vt 0.256435 0.200774
vt 0.254967 0.391840
vt 0.252225 0.392121
vt 0.251651 0.386476
vt 0.254380 0.386160
vt 0.245478 0.240289
vt 0.240908 0.239348
vt 0.252142 0.235352
vt 0.249306 0.234911
vt 0.250204 0.229152
vt 0.252981 0.229542
vt 0.249305 0.369422
vt 0.252132 0.368953
vt 0.246216 0.288017
vt 0.242800 0.287893
vt 0.243172 0.280801
vt 0.246569 0.281001
vt 0.245318 0.392701
vt 0.244774 0.387246
vt 0.246048 0.309249
vt 0.242614 0.309335
vt 0.242536 0.302181
vt 0.245982 0.302162
vt 0.253733 0.223823
vt 0.250991 0.223483
vt 0.246184 0.350969
vt 0.249328 0.350475
vt 0.251229 0.241292
vt 0.248311 0.240806
vt 0.234344 0.280163
vt 0.243696 0.273763
vt 0.247058 0.274037
vt 0.258949 0.212884
vt 0.258338 0.218572
vt 0.588927 0.824620
vt 0.585521 0.819463
vt 0.589857 0.816652
vt 0.593215 0.822112
vt 0.000977 0.161921
vt 0.000977 0.135097
vt 0.040833 0.135097
vt 0.040833 0.161921
vt 0.075219 0.710479
vt 0.075955 0.709606
vt 0.078539 0.713121
vt 0.044897 0.623090
vt 0.046743 0.623303
vt 0.046127 0.630180
vt 0.044256 0.630068
vt 0.051310 0.597018
vt 0.049141 0.603134
vt 0.078602 0.561711
vt 0.079288 0.562587
vt 0.076070 0.565203
vt 0.075333 0.564345
vt 0.062820 0.577354
vt 0.063874 0.578162
vt 0.060921 0.582253
vt 0.059747 0.581457
vt 0.081882 0.715585
vt 0.048695 0.671291
vt 0.046957 0.664792
vt 0.048718 0.664383
vt 0.056276 0.688672
vt 0.053357 0.683322
vt 0.054841 0.682607
vt 0.057604 0.687891
vt 0.044674 0.651168
vt 0.046526 0.650967
vt 0.047432 0.657759
vt 0.045617 0.658063
vt 0.053840 0.591291
vt 0.056704 0.586055
vt 0.065656 0.701124
vt 0.066610 0.700292
vt 0.069678 0.703667
vt 0.068808 0.704509
vt 0.071992 0.707610
vt 0.072791 0.706756
vt 0.065905 0.573652
vt 0.066860 0.574467
vt 0.059394 0.693285
vt 0.060567 0.692465
vt 0.063575 0.696578
vt 0.062522 0.697404
vt 0.253797 0.349843
vt 0.254600 0.356204
vt 0.260375 0.201647
vt 0.259578 0.207214
vt 0.256231 0.235923
vt 0.255424 0.241910
vt 0.250851 0.302156
vt 0.250910 0.309133
vt 0.246258 0.316305
vt 0.251096 0.316096
vt 0.251403 0.323024
vt 0.246602 0.323309
vt 0.251378 0.281262
vt 0.251060 0.288197
vt 0.246031 0.295073
vt 0.250897 0.295173
vt 0.045889 0.637121
vt 0.044008 0.637110
vt 0.257682 0.379983
vt 0.258315 0.385702
vt 0.256994 0.374216
vt 0.247102 0.330261
vt 0.251851 0.329885
vt 0.258911 0.391400
vt 0.259555 0.397075
vt 0.251816 0.274392
vt 0.248480 0.343868
vt 0.247716 0.337122
vt 0.252391 0.336659
vt 0.253061 0.343321
vt 0.256991 0.230060
vt 0.260341 0.402655
vt 0.257692 0.224287
vt 0.255421 0.362358
vt 0.256220 0.368354
vt 0.254593 0.248058
vt 0.250266 0.247406
vt 0.044129 0.644163
vt 0.046002 0.644070
vt 0.253777 0.254418
vt 0.253047 0.260943
vt 0.252373 0.267608
vt 0.247688 0.267157
vt 0.732054 0.940717
vt 0.693789 0.987342
vt 0.587137 0.954989
vt 0.619490 0.848337
vt 0.043655 0.924929
vt 0.046315 0.924922
vt 0.046241 0.929276
vt 0.043658 0.929292
vt 0.076776 0.566022
vt 0.073711 0.568832
vt 0.072943 0.568033
vt 0.045205 0.979441
vt 0.049313 0.976300
vt 0.048298 0.650785
vt 0.049167 0.657479
vt 0.027798 0.939872
vt 0.033847 0.938893
vt 0.034611 0.943312
vt 0.028767 0.944565
vt 0.060925 0.661920
vt 0.055056 0.663032
vt 0.068724 0.878196
vt 0.110678 0.881200
vt 0.040513 0.877117
vt 0.042789 0.873694
vt 0.047054 0.876644
vt 0.044947 0.879878
vt 0.038377 0.880676
vt 0.042992 0.883246
vt 0.111024 0.939594
vt 0.069417 0.943362
vt 0.069091 0.940193
vt 0.110784 0.936754
vt 0.045201 0.870395
vt 0.049315 0.873533
vt 0.244313 0.246321
vt 0.245422 0.246452
vt 0.244310 0.253024
vt 0.243179 0.252829
vt 0.036383 0.884378
vt 0.041188 0.886754
vt 0.047791 0.643988
vt 0.047751 0.867205
vt 0.051736 0.870533
vt 0.722758 0.038765
vt 0.073564 0.705945
vt 0.076663 0.708776
vt 0.027804 0.910002
vt 0.033855 0.910981
vt 0.033296 0.915538
vt 0.027065 0.914859
vt 0.028773 0.905306
vt 0.034622 0.906559
vt 0.032956 0.920206
vt 0.000977 0.895669
vt 0.002759 0.895668
vt 0.002760 0.896462
vt 0.000977 0.896463
vt 0.110355 0.889868
vt 0.067867 0.887831
vt 0.687200 0.143720
vt 0.680724 0.144793
vt 0.050436 0.864114
vt 0.054332 0.867620
vt 0.042790 0.976145
vt 0.047050 0.973193
vt 0.053222 0.988685
vt 0.057125 0.985082
vt 0.220701 0.404202
vt 0.206829 0.406896
vt 0.031302 0.953434
vt 0.036718 0.951691
vt 0.038039 0.955646
vt 0.032835 0.957611
vt 0.846860 0.020598
vt 0.849686 0.014953
vt 0.033290 0.934338
vt 0.027059 0.935016
vt 0.030346 0.881200
vt 0.034447 0.883373
vt 0.034535 0.888233
vt 0.039538 0.890408
vt 0.038050 0.894212
vt 0.032840 0.892248
vt 0.050720 0.962510
vt 0.049256 0.959375
vt 0.051138 0.958566
vt 0.052524 0.961606
vt 0.045852 0.900691
vt 0.046812 0.897141
vt 0.048862 0.897753
vt 0.047980 0.901195
vt 0.052355 0.965504
vt 0.054076 0.964508
vt 0.044430 0.941638
vt 0.046729 0.941345
vt 0.047252 0.945064
vt 0.045039 0.945466
vt 0.050740 0.887326
vt 0.052371 0.884329
vt 0.054094 0.885322
vt 0.052545 0.888227
vt 0.054145 0.968360
vt 0.055782 0.967271
vt 0.056094 0.971074
vt 0.057642 0.969889
vt 0.058213 0.876184
vt 0.060503 0.873776
vt 0.061841 0.875174
vt 0.059668 0.877466
vt 0.049268 0.890461
vt 0.051153 0.891266
vt 0.049921 0.894442
vt 0.047955 0.893731
vt 0.043669 0.920563
vt 0.045830 0.949152
vt 0.047959 0.948643
vt 0.048844 0.952086
vt 0.046798 0.952699
vt 0.059654 0.972358
vt 0.058201 0.973646
vt 0.046240 0.933462
vt 0.043756 0.933548
vt 0.045054 0.904379
vt 0.047267 0.904774
vt 0.046738 0.908495
vt 0.044439 0.908211
vt 0.057654 0.879933
vt 0.056102 0.878751
vt 0.060496 0.976046
vt 0.061834 0.974646
vt 0.064146 0.976709
vt 0.062998 0.978249
vt 0.046397 0.912361
vt 0.044009 0.912186
vt 0.043753 0.916308
vt 0.046393 0.937481
vt 0.044004 0.937665
vt 0.054157 0.881469
vt 0.055797 0.882555
vt 0.047937 0.956107
vt 0.049903 0.955395
vt 0.063002 0.871581
vt 0.064147 0.873116
vt 0.115941 0.922369
vt 0.110240 0.922449
vt 0.110248 0.919534
vt 0.116005 0.919497
vt 0.116009 0.889881
vt 0.116054 0.887078
vt 0.084786 0.569587
vt 0.082097 0.571939
vt 0.063962 0.667266
vt 0.062885 0.661578
vt 0.063167 0.612942
vt 0.064283 0.607276
vt 0.062046 0.655675
vt 0.061115 0.643452
vt 0.061454 0.649615
vt 0.087590 0.707255
vt 0.086955 0.708312
vt 0.083987 0.706092
vt 0.084746 0.705139
vt 0.068494 0.682471
vt 0.066976 0.683110
vt 0.065129 0.678344
vt 0.066783 0.677769
vt 0.116106 0.916594
vt 0.116244 0.913647
vt 0.063843 0.601387
vt 0.065608 0.601884
vt 0.061037 0.637239
vt 0.118082 0.865730
vt 0.117516 0.868182
vt 0.072677 0.584029
vt 0.071437 0.583307
vt 0.073707 0.579775
vt 0.074830 0.580541
vt 0.112144 0.948172
vt 0.117084 0.944449
vt 0.117505 0.946985
vt 0.116004 0.930871
vt 0.116132 0.933657
vt 0.068815 0.592143
vt 0.069298 0.587210
vt 0.070669 0.587884
vt 0.115909 0.925220
vt 0.110258 0.925341
vt 0.067125 0.596821
vt 0.072433 0.690630
vt 0.071186 0.691373
vt 0.069005 0.687447
vt 0.070383 0.686753
vt 0.082015 0.702781
vt 0.081175 0.703691
vt 0.116295 0.936414
vt 0.116501 0.939139
vt 0.076101 0.576577
vt 0.077119 0.577386
vt 0.065266 0.672683
vt 0.079423 0.700177
vt 0.078497 0.701046
vt 0.075939 0.698135
vt 0.076960 0.697306
vt 0.074628 0.694136
vt 0.073501 0.694922
vt 0.110845 0.878338
vt 0.111065 0.875485
vt 0.116543 0.876083
vt 0.116359 0.878806
vt 0.079541 0.574529
vt 0.110377 0.910650
vt 0.116416 0.910636
vt 0.608440 0.787290
vt 0.606740 0.783874
vt 0.614069 0.780650
vt 0.615474 0.784274
vt 0.719919 0.791545
vt 0.721660 0.788590
vt 0.727240 0.792397
vt 0.725456 0.795049
vt 0.000978 0.899348
vt 0.000978 0.898304
vt 0.002760 0.898303
vt 0.002760 0.899348
vt 0.288705 0.400324
vt 0.266073 0.401920
vt 0.064889 0.578923
vt 0.062051 0.583000
vt 0.067779 0.575238
vt 0.067534 0.699507
vt 0.070520 0.702872
vt 0.058883 0.687125
vt 0.061703 0.691700
vt 0.056260 0.681946
vt 0.748727 0.811797
vt 0.750410 0.809697
vt 0.754627 0.813173
vt 0.752896 0.815221
vt 0.035572 0.947579
vt 0.029941 0.949086
vt 0.047734 0.616550
vt 0.049458 0.616850
vt 0.048507 0.623509
vt 0.246555 0.240489
vt 0.213933 0.321768
vt 0.214015 0.338588
vt 0.199248 0.338973
vt 0.199132 0.321583
vt 0.082669 0.560108
vt 0.083329 0.561021
vt 0.079940 0.563427
vt 0.801205 0.909335
vt 0.788265 0.903524
vt 0.896367 0.489332
vt 0.896320 0.495147
vt 0.067629 0.924161
vt 0.067371 0.920902
vt 0.064595 0.695803
vt 0.050402 0.664006
vt 0.053216 0.861139
vt 0.057122 0.864740
vt 0.703793 0.829443
vt 0.709497 0.813051
vt 0.714692 0.815209
vt 0.070717 0.571891
vt 0.069879 0.571107
vt 0.258320 0.308997
vt 0.284796 0.308714
vt 0.256462 0.261309
vt 0.255861 0.267917
vt 0.256475 0.342947
vt 0.255879 0.336338
vt 0.259539 0.336039
vt 0.260068 0.342600
vt 0.261879 0.391073
vt 0.262485 0.396710
vt 0.254699 0.315960
vt 0.254527 0.309061
vt 0.255384 0.329622
vt 0.259521 0.268216
vt 0.259071 0.274882
vt 0.255357 0.274639
vt 0.258593 0.361920
vt 0.257856 0.355758
vt 0.254672 0.288320
vt 0.254518 0.295228
vt 0.258458 0.288438
vt 0.260030 0.230429
vt 0.259327 0.236322
vt 0.263125 0.402179
vt 0.257121 0.254827
vt 0.260644 0.255210
vt 0.260052 0.261654
vt 0.260659 0.349042
vt 0.257139 0.349427
vt 0.261314 0.218891
vt 0.261909 0.213203
vt 0.260682 0.379631
vt 0.261294 0.385372
vt 0.262506 0.207572
vt 0.265586 0.207903
vt 0.265038 0.213529
vt 0.254470 0.302144
vt 0.263149 0.202112
vt 0.266092 0.202365
vt 0.260692 0.224627
vt 0.264455 0.385043
vt 0.581396 0.813699
vt 0.579251 0.810857
vt 0.583648 0.807594
vt 0.585780 0.810571
vt 0.254983 0.322822
vt 0.263870 0.379285
vt 0.254959 0.281447
vt 0.258714 0.281630
vt 0.574063 0.681307
vt 0.574063 0.703985
vt 0.546374 0.703985
vt 0.546374 0.681307
vt 0.258592 0.242333
vt 0.257847 0.248492
vt 0.261285 0.248903
vt 0.260028 0.373829
vt 0.259093 0.329378
vt 0.259321 0.367936
vt 0.072143 0.567194
vt 0.704066 0.811049
vt 0.698412 0.809239
vt 0.700695 0.801932
vt 0.706632 0.804039
vt 0.612733 0.812711
vt 0.607487 0.814904
vt 0.604388 0.808484
vt 0.609818 0.805938
vt 0.635978 0.806014
vt 0.629880 0.807309
vt 0.627900 0.799633
vt 0.634386 0.798137
vt 0.717658 0.808843
vt 0.722734 0.811439
vt 0.694513 0.800089
vt 0.594434 0.813877
vt 0.597735 0.819638
vt 0.680356 0.805247
vt 0.674075 0.804460
vt 0.674914 0.796394
vt 0.681581 0.797303
vt 0.648532 0.804297
vt 0.647752 0.796175
vt 0.654546 0.795718
vt 0.654914 0.803890
vt 0.642208 0.805007
vt 0.641018 0.796982
vt 0.712293 0.806356
vt 0.574121 0.828261
vt 0.577610 0.825220
vt 0.667714 0.803964
vt 0.668167 0.795815
vt 0.744407 0.832016
vt 0.747920 0.828222
vt 0.688128 0.798539
vt 0.883061 0.762711
vt 0.661316 0.803787
vt 0.661365 0.795611
vt 0.727544 0.814105
vt 0.732112 0.816821
vt 0.728881 0.822287
vt 0.125000 0.255359
vt 0.132071 0.229603
vt 0.584881 0.827135
vt 0.581428 0.822313
vt 0.733159 0.824754
vt 0.736449 0.819580
vt 0.599269 0.811146
vt 0.602490 0.817225
vt 0.239510 0.245393
vt 0.250108 0.199898
vt 0.250063 0.206192
vt 0.245604 0.206089
vt 0.245444 0.200479
vt 0.241658 0.273584
vt 0.243146 0.351480
vt 0.238086 0.352409
vt 0.245335 0.211616
vt 0.249643 0.211961
vt 0.244376 0.266805
vt 0.242366 0.266573
vt 0.247607 0.234626
vt 0.248545 0.228903
vt 0.243276 0.259702
vt 0.242842 0.316462
vt 0.240771 0.316559
vt 0.240532 0.309387
vt 0.239175 0.302190
vt 0.233594 0.302154
vt 0.242594 0.295024
vt 0.240449 0.302188
vt 0.240512 0.294988
vt 0.248550 0.375434
vt 0.247614 0.369718
vt 0.244424 0.337493
vt 0.245246 0.344304
vt 0.243291 0.344580
vt 0.242433 0.337727
vt 0.240871 0.364996
vt 0.239481 0.358942
vt 0.250034 0.217671
vt 0.250623 0.212049
vt 0.240416 0.273469
vt 0.234959 0.272914
vt 0.238121 0.251921
vt 0.249353 0.223270
vt 0.244290 0.351285
vt 0.234419 0.324138
vt 0.239927 0.323762
vt 0.247242 0.246858
vt 0.243219 0.323538
vt 0.244096 0.381802
vt 0.248357 0.381197
vt 0.243740 0.330562
vt 0.047914 0.630289
vt 0.828168 0.321772
vt 0.823541 0.320768
vt 0.251049 0.398057
vt 0.251403 0.404430
vt 0.249349 0.381065
vt 0.829473 0.741440
vt 0.693818 0.826738
vt 0.251069 0.206262
vt 0.241698 0.330751
vt 0.251413 0.199888
vt 0.047688 0.637137
vt 0.241172 0.323678
vt 0.012970 0.991512
vt 0.017936 0.991373
vt 0.018389 0.993459
vt 0.012558 0.993578
vt 0.901212 0.869896
vt 0.040513 0.972726
vt 0.044941 0.969963
vt 0.050829 0.677493
vt 0.081908 0.559256
vt 0.069008 0.570283
vt 0.045929 0.616234
vt 0.047345 0.609562
vt 0.046763 0.964564
vt 0.048567 0.967752
vt 0.057440 0.979219
vt 0.054941 0.976537
vt 0.039401 0.942429
vt 0.040191 0.946484
vt 0.041182 0.899467
vt 0.042324 0.895702
vt 0.045131 0.888613
vt 0.043646 0.892086
vt 0.038157 0.920423
vt 0.038384 0.915979
vt 0.045123 0.961234
vt 0.052651 0.973733
vt 0.050527 0.970807
vt 0.038148 0.929455
vt 0.038382 0.933898
vt 0.038798 0.938230
vt 0.036730 0.898171
vt 0.040205 0.903383
vt 0.035584 0.902287
vt 0.041165 0.950393
vt 0.042314 0.954153
vt 0.038079 0.924942
vt 0.039412 0.907444
vt 0.043632 0.957765
vt 0.039528 0.959445
vt 0.050534 0.879027
vt 0.052654 0.876098
vt 0.046776 0.885281
vt 0.048577 0.882087
vt 0.148139 0.496352
vt 0.141744 0.471518
vt 0.054949 0.873295
vt 0.057443 0.870606
vt 0.038805 0.911646
vt 0.060211 0.868019
vt 0.060208 0.981807
vt 0.070678 0.458036
vt 0.065639 0.427564
vt 0.048492 0.933449
vt 0.048548 0.937371
vt 0.048798 0.941130
vt 0.051690 0.895055
vt 0.050704 0.898270
vt 0.052847 0.891972
vt 0.054165 0.889019
vt 0.048808 0.908713
vt 0.048552 0.912474
vt 0.049894 0.901616
vt 0.065259 0.874367
vt 0.063035 0.876391
vt 0.054144 0.960813
vt 0.055619 0.963629
vt 0.055639 0.886200
vt 0.050685 0.951568
vt 0.051671 0.954781
vt 0.057247 0.966307
vt 0.052830 0.957862
vt 0.059037 0.880980
vt 0.060960 0.878599
vt 0.049874 0.948223
vt 0.048837 0.924923
vt 0.057263 0.883518
vt 0.048614 0.929327
vt 0.049242 0.944745
vt 0.049258 0.905096
vt 0.738156 0.807741
vt 0.744432 0.808470
vt 0.742578 0.810933
vt 0.059024 0.968842
vt 0.063027 0.973426
vt 0.065259 0.975453
vt 0.060947 0.971223
vt 0.608076 0.802199
vt 0.613979 0.799612
vt 0.742509 0.819747
vt 0.744685 0.816913
vt 0.748701 0.820145
vt 0.746431 0.822813
vt 0.606062 0.798158
vt 0.603944 0.794237
vt 0.610234 0.791054
vt 0.612146 0.795294
vt 0.719429 0.805367
vt 0.724552 0.808155
vt 0.661452 0.785996
vt 0.661403 0.791019
vt 0.654345 0.791131
vt 0.654126 0.786111
vt 0.726609 0.804662
vt 0.728694 0.801340
vt 0.733544 0.804553
vt 0.731466 0.807691
vt 0.593089 0.800998
vt 0.598278 0.797619
vt 0.640333 0.792476
vt 0.647309 0.791616
vt 0.668440 0.791255
vt 0.668756 0.786264
vt 0.573229 0.820160
vt 0.569442 0.823648
vt 0.567004 0.821155
vt 0.570952 0.817564
vt 0.661508 0.781058
vt 0.669079 0.781356
vt 0.675422 0.791874
vt 0.682320 0.792853
vt 0.750074 0.826047
vt 0.752521 0.823574
vt 0.595254 0.804332
vt 0.590385 0.807454
vt 0.588242 0.804320
vt 0.750940 0.817524
vt 0.756974 0.818785
vt 0.754922 0.821058
vt 0.579432 0.819691
vt 0.583565 0.816672
vt 0.646818 0.786622
vt 0.711844 0.791819
vt 0.717973 0.794878
vt 0.708189 0.800153
vt 0.713984 0.802675
vt 0.740478 0.813792
vt 0.738358 0.816779
vt 0.632413 0.788862
vt 0.631356 0.784077
vt 0.638797 0.782670
vt 0.639566 0.787537
vt 0.746835 0.814175
vt 0.620220 0.797301
vt 0.626735 0.795326
vt 0.729394 0.810994
vt 0.715932 0.798711
vt 0.709980 0.795936
vt 0.564920 0.818901
vt 0.568964 0.815280
vt 0.721452 0.801653
vt 0.723535 0.798099
vt 0.633459 0.793713
vt 0.625411 0.790603
vt 0.602554 0.804972
vt 0.575541 0.822802
vt 0.577213 0.816876
vt 0.600452 0.801214
vt 0.695692 0.795862
vt 0.702074 0.797862
vt 0.592524 0.810760
vt 0.587926 0.813702
vt 0.736078 0.810729
vt 0.698433 0.786701
vt 0.699706 0.782675
vt 0.705301 0.789069
vt 0.689091 0.794186
vt 0.690192 0.789425
vt 0.697044 0.791243
vt 0.653913 0.781173
vt 0.618628 0.792754
vt 0.646331 0.781706
vt 0.645898 0.777354
vt 0.653728 0.776805
vt 0.597385 0.807844
vt 0.575024 0.814159
vt 0.638109 0.778355
vt 0.703661 0.793425
vt 0.683163 0.787985
vt 0.684022 0.783197
vt 0.691319 0.784741
vt 0.730585 0.798507
vt 0.616987 0.788268
vt 0.624061 0.785940
vt 0.573099 0.811800
vt 0.676003 0.786931
vt 0.692345 0.780592
vt 0.676596 0.782069
vt 0.684803 0.778959
vt 0.571927 0.826100
vt 0.733988 0.813867
vt 0.780784 0.157692
vt 0.775961 0.153652
vt 0.676742 0.835067
vt 0.677039 0.831844
vt 0.687930 0.829351
vt 0.639633 0.828348
vt 0.639085 0.824541
vt 0.644533 0.823846
vt 0.644943 0.827716
vt 0.634419 0.829164
vt 0.633738 0.825435
vt 0.697954 0.831538
vt 0.698879 0.828012
vt 0.702760 0.832865
vt 0.630111 0.833930
vt 0.624360 0.831340
vt 0.623425 0.827795
vt 0.697057 0.835208
vt 0.701749 0.836430
vt 0.629322 0.830155
vt 0.628513 0.826520
vt 0.732946 0.844919
vt 0.728926 0.843153
vt 0.730244 0.840233
vt 0.734173 0.842106
vt 0.593288 0.843071
vt 0.591944 0.840155
vt 0.596027 0.838206
vt 0.597403 0.841192
vt 0.737899 0.843912
vt 0.736806 0.846494
vt 0.650057 0.823353
vt 0.650329 0.827269
vt 0.693008 0.830364
vt 0.784875 0.885247
vt 0.794722 0.891803
vt 0.724816 0.841298
vt 0.726166 0.838312
vt 0.720627 0.839443
vt 0.721961 0.836391
vt 0.889042 0.863229
vt 0.894031 0.851977
vt 0.763280 0.856826
vt 0.766070 0.855643
vt 0.769105 0.867633
vt 0.829241 0.900269
vt 0.817207 0.899463
vt 0.786581 0.883101
vt 0.796044 0.889388
vt 0.882240 0.873481
vt 0.863993 0.889814
vt 0.871907 0.880304
vt 0.873814 0.882433
vt 0.879976 0.783783
vt 0.873805 0.773046
vt 0.882221 0.782006
vt 0.776286 0.877127
vt 0.796049 0.766047
vt 0.794729 0.763631
vt 0.805606 0.758845
vt 0.863995 0.765659
vt 0.786581 0.772324
vt 0.784877 0.770177
vt 0.769105 0.787778
vt 0.763277 0.798587
vt 0.853065 0.760085
vt 0.851999 0.762734
vt 0.840770 0.759331
vt 0.841343 0.756536
vt 0.841337 0.898926
vt 0.776283 0.778287
vt 0.894003 0.803517
vt 0.886515 0.793632
vt 0.889022 0.792259
vt 0.805594 0.896598
vt 0.817220 0.755979
vt 0.829250 0.755182
vt 0.829186 0.758003
vt 0.853063 0.895388
vt 0.897044 0.815459
vt 0.819293 0.435076
vt 0.818846 0.422958
vt 0.826831 0.422158
vt 0.829077 0.433890
vt 0.898066 0.827749
vt 0.897060 0.840038
vt 0.077672 0.487749
vt 0.757127 0.859910
vt 0.900521 0.854215
vt 0.214436 0.304954
vt 0.225652 0.224329
vt 0.238529 0.181927
vt 0.223920 0.419724
vt 0.233782 0.195327
vt 0.229485 0.209513
vt 0.215540 0.288255
vt 0.276096 0.531401
vt 0.254566 0.499368
vt 0.000978 0.893828
vt 0.002761 0.893830
vt 0.002760 0.894624
vt 0.000977 0.894748
vt 0.214749 0.355325
vt 0.255446 0.145540
vt 0.284428 0.541523
vt 0.758743 0.816751
vt 0.722152 0.062492
vt 0.713743 0.056020
vt 0.067898 0.927399
vt 0.004922 0.971795
vt 0.003149 0.970630
vt 0.764466 0.117942
vt 0.765969 0.111594
vt 0.775919 0.095263
vt 0.770469 0.089670
vt 0.776327 0.084864
vt 0.780735 0.091212
vt 0.782838 0.081132
vt 0.769844 0.075309
vt 0.778083 0.070712
vt 0.847519 0.094348
vt 0.843180 0.087086
vt 0.856260 0.077953
vt 0.861848 0.087931
vt 0.829478 0.097888
vt 0.832928 0.102385
vt 0.770498 0.159237
vt 0.765455 0.153491
vt 0.771812 0.148822
vt 0.765433 0.095421
vt 0.756065 0.088389
vt 0.762434 0.081256
vt 0.742137 0.077792
vt 0.750497 0.068558
vt 0.829858 0.193259
vt 0.818721 0.197410
vt 0.825356 0.093745
vt 0.797058 0.077243
vt 0.796063 0.066021
vt 0.837514 0.168294
vt 0.848936 0.179781
vt 0.840025 0.187295
vt 0.830653 0.173854
vt 0.735391 0.088307
vt 0.730441 0.099809
vt 0.815379 0.087404
vt 0.820633 0.090185
vt 0.815414 0.161449
vt 0.818343 0.168206
vt 0.811541 0.170539
vt 0.809770 0.163354
vt 0.776362 0.164034
vt 0.769888 0.173602
vt 0.762461 0.167670
vt 0.778129 0.178187
vt 0.771175 0.193974
vt 0.760327 0.188073
vt 0.848876 0.069064
vt 0.832909 0.146448
vt 0.829482 0.150947
vt 0.763963 0.124466
vt 0.755928 0.124457
vt 0.756542 0.116679
vt 0.782878 0.167756
vt 0.847539 0.154500
vt 0.861887 0.160922
vt 0.856315 0.170901
vt 0.843214 0.161760
vt 0.829778 0.055593
vt 0.786090 0.088054
vt 0.791831 0.085870
vt 0.838557 0.149991
vt 0.834874 0.155473
vt 0.818307 0.080646
vt 0.822791 0.070607
vt 0.747147 0.143532
vt 0.750934 0.152417
vt 0.735422 0.160676
vt 0.730462 0.149176
vt 0.727420 0.111982
vt 0.797795 0.084709
vt 0.803817 0.084591
vt 0.786143 0.160839
vt 0.822838 0.178247
vt 0.814311 0.181281
vt 0.830610 0.074986
vt 0.839958 0.061534
vt 0.837473 0.080548
vt 0.782803 0.197925
vt 0.764475 0.130989
vt 0.791885 0.163010
vt 0.797846 0.164176
vt 0.797101 0.171638
vt 0.789858 0.170307
vt 0.830146 0.088338
vt 0.824583 0.084032
vt 0.744055 0.124462
vt 0.726408 0.124494
vt 0.744831 0.114796
vt 0.794847 0.199818
vt 0.768455 0.143334
vt 0.789816 0.078572
vt 0.786909 0.067590
vt 0.771778 0.100099
vt 0.756546 0.132236
vt 0.744834 0.134129
vt 0.750550 0.180420
vt 0.742178 0.171189
vt 0.756085 0.160538
vt 0.782709 0.050987
vt 0.794757 0.049078
vt 0.820664 0.158665
vt 0.768430 0.105592
vt 0.758371 0.109111
vt 0.761363 0.101960
vt 0.796111 0.182860
vt 0.786957 0.181296
vt 0.727430 0.137005
vt 0.804395 0.171704
vt 0.803863 0.164279
vt 0.809732 0.085500
vt 0.761377 0.146954
vt 0.747140 0.105392
vt 0.750920 0.096508
vt 0.830176 0.160502
vt 0.825380 0.155101
vt 0.805316 0.182844
vt 0.771083 0.054955
vt 0.760239 0.060871
vt 0.824618 0.164814
vt 0.765986 0.137336
vt 0.758379 0.139803
vt 0.806939 0.199631
vt 0.838561 0.098841
vt 0.834861 0.093361
vt 0.861173 0.429693
vt 0.869133 0.422101
vt 0.862558 0.030168
vt 0.876345 0.042146
vt 0.709959 0.196114
vt 0.738134 0.222180
vt 0.722936 0.210322
vt 0.847040 0.228199
vt 0.755159 0.231333
vt 0.709816 0.053006
vt 0.897553 0.176737
vt 0.888004 0.192584
vt 0.141745 0.259276
vt 0.148140 0.234442
vt 0.174750 0.167499
vt 0.185707 0.148254
vt 0.174753 0.563284
vt 0.161500 0.570519
vt 0.150446 0.548961
vt 0.164747 0.542425
vt 0.119444 0.282057
vt 0.197481 0.130628
vt 0.155836 0.520057
vt 0.140583 0.525794
vt 0.132062 0.501218
vt 0.130917 0.392498
vt 0.130185 0.365403
vt 0.113045 0.393514
vt 0.112239 0.365418
vt 0.213901 0.639896
vt 0.228563 0.653502
vt 0.136722 0.445780
vt 0.133102 0.419366
vt 0.140590 0.205025
vt 0.155835 0.210736
vt 0.213907 0.090897
vt 0.199859 0.105893
vt 0.236863 0.086741
vt 0.228551 0.077287
vt 0.243782 0.064978
vt 0.251248 0.074836
vt 0.173544 0.140478
vt 0.186372 0.122377
vt 0.266223 0.064238
vt 0.259652 0.053975
vt 0.130913 0.338307
vt 0.119451 0.448763
vt 0.115455 0.421374
vt 0.197479 0.600145
vt 0.185709 0.582523
vt 0.133096 0.311436
vt 0.113041 0.337321
vt 0.115448 0.309456
vt 0.164745 0.188364
vt 0.124989 0.475458
vt 0.276131 0.044530
vt 0.000977 0.906055
vt 0.001538 0.904449
vt 0.003144 0.905011
vt 0.002457 0.906668
vt 0.209959 0.616213
vt 0.199846 0.624895
vt 0.186367 0.608416
vt 0.161505 0.160289
vt 0.281593 0.675708
vt 0.276138 0.686244
vt 0.259666 0.676810
vt 0.266230 0.666536
vt 0.223091 0.630821
vt 0.243793 0.665812
vt 0.136716 0.285017
vt 0.251254 0.655940
vt 0.236869 0.644038
vt 0.173540 0.590323
vt 0.209969 0.114564
vt 0.223094 0.099963
vt 0.150452 0.181852
vt 0.281587 0.055061
vt 0.061595 0.365393
vt 0.062602 0.334184
vt 0.097575 0.543797
vt 0.110295 0.569538
vt 0.155925 0.097262
vt 0.172187 0.079948
vt 0.140016 0.116338
vt 0.086668 0.516427
vt 0.124628 0.137311
vt 0.070662 0.272754
vt 0.065627 0.303221
vt 0.086678 0.214351
vt 0.097581 0.186976
vt 0.222809 0.036554
vt 0.240610 0.024110
vt 0.110299 0.161229
vt 0.077689 0.243040
vt 0.188695 0.666500
vt 0.259911 0.011579
vt 0.062607 0.396601
vt 0.140017 0.614417
vt 0.124627 0.593451
vt 0.205581 0.049831
vt 0.188752 0.064239
vt 0.155924 0.633479
vt 0.172176 0.650765
vt 0.240601 0.706674
vt 0.352545 0.613275
vt 0.380235 0.613275
vt 0.380235 0.635952
vt 0.352545 0.635952
vt 0.259917 0.719210
vt 0.546373 0.046332
vt 0.546373 0.069010
vt 0.518684 0.069010
vt 0.518684 0.046332
vt 0.855023 0.299340
vt 0.847156 0.294116
vt 0.789614 0.291929
vt 0.799336 0.288528
vt 0.802638 0.300570
vt 0.794772 0.303498
vt 0.765042 0.334306
vt 0.769200 0.326386
vt 0.746147 0.360699
vt 0.746890 0.371603
vt 0.749176 0.339124
vt 0.762024 0.342789
vt 0.760167 0.351649
vt 0.746889 0.349795
vt 0.765014 0.387099
vt 0.769154 0.395025
vt 0.799300 0.432913
vt 0.809296 0.434759
vt 0.771877 0.418282
vt 0.780425 0.408514
vt 0.787270 0.413792
vt 0.780343 0.424600
vt 0.760165 0.369750
vt 0.761996 0.378613
vt 0.855001 0.422037
vt 0.861783 0.415671
vt 0.848026 0.413093
vt 0.853543 0.408196
vt 0.774385 0.319202
vt 0.780459 0.312903
vt 0.789557 0.429516
vt 0.861817 0.305702
vt 0.853580 0.313184
vt 0.848060 0.308294
vt 0.841619 0.417122
vt 0.834488 0.420182
vt 0.787318 0.307632
vt 0.780396 0.296840
vt 0.810713 0.422535
vt 0.819310 0.286350
vt 0.809307 0.286664
vt 0.847152 0.427264
vt 0.810734 0.298885
vt 0.838438 0.431252
vt 0.794719 0.417937
vt 0.802604 0.420864
vt 0.749141 0.382281
vt 0.818877 0.298460
vt 0.774342 0.402211
vt 0.759559 0.360700
vt 0.752886 0.328902
vt 0.758008 0.319362
vt 0.838449 0.290154
vt 0.752855 0.392507
vt 0.764363 0.410710
vt 0.841635 0.304263
vt 0.834512 0.301222
vt 0.829090 0.287522
vt 0.771913 0.303139
vt 0.764408 0.310714
vt 0.757957 0.402059
vt 0.826857 0.299252
vt 0.903169 0.571473
vt 0.903174 0.577361
vt 0.901660 0.577366
vt 0.901654 0.571477
vt 0.896087 0.536117
vt 0.897520 0.536119
vt 0.897503 0.542006
vt 0.896069 0.542005
vt 0.860078 0.465572
vt 0.859938 0.483135
vt 0.199696 0.304216
vt 0.200939 0.286968
vt 0.002858 0.862521
vt 0.002858 0.890652
vt 0.001917 0.890652
vt 0.001917 0.862521
vt 0.860043 0.647871
vt 0.856011 0.583530
vt 0.866259 0.025113
vt 0.880795 0.037798
vt 0.000977 0.188745
vt 0.040833 0.188745
vt 0.244528 0.505186
vt 0.856420 0.607323
vt 0.856328 0.518021
vt 0.849880 0.233834
vt 0.856577 0.613141
vt 0.859543 0.613069
vt 0.772124 0.243916
vt 0.771784 0.245508
vt 0.861883 0.483152
vt 0.857002 0.653813
vt 0.855018 0.653601
vt 0.862000 0.647843
vt 0.854641 0.506244
vt 0.854490 0.512078
vt 0.854073 0.589517
vt 0.854158 0.595480
vt 0.854341 0.517984
vt 0.854276 0.601441
vt 0.854447 0.607378
vt 0.854008 0.583555
vt 0.854866 0.624777
vt 0.854757 0.618989
vt 0.862072 0.465757
vt 0.854624 0.613196
vt 0.862069 0.653641
vt 0.860076 0.653828
vt 0.903227 0.524384
vt 0.903211 0.530254
vt 0.901700 0.530252
vt 0.901718 0.524382
vt 0.896409 0.635866
vt 0.897823 0.635849
vt 0.896464 0.641676
vt 0.903193 0.589122
vt 0.901682 0.589128
vt 0.901669 0.583250
vt 0.903182 0.583245
vt 0.897641 0.612572
vt 0.897681 0.618403
vt 0.896277 0.500970
vt 0.897737 0.495155
vt 0.897696 0.500977
vt 0.903291 0.506836
vt 0.901790 0.506831
vt 0.901821 0.501003
vt 0.903319 0.501008
vt 0.896109 0.530236
vt 0.897540 0.530238
vt 0.903248 0.606699
vt 0.901744 0.606709
vt 0.901719 0.600859
vt 0.903226 0.600850
vt 0.896165 0.518498
vt 0.897592 0.518503
vt 0.897564 0.524366
vt 0.896135 0.524362
vt 0.896046 0.553794
vt 0.896055 0.547898
vt 0.897491 0.547898
vt 0.897482 0.553793
vt 0.903208 0.594991
vt 0.901699 0.594998
vt 0.903172 0.553795
vt 0.901656 0.553797
vt 0.901662 0.547904
vt 0.903178 0.547904
vt 0.897724 0.624225
vt 0.903390 0.489382
vt 0.903352 0.495191
vt 0.901856 0.495184
vt 0.901896 0.489374
vt 0.897944 0.471902
vt 0.897887 0.477723
vt 0.897783 0.489341
vt 0.903489 0.641590
vt 0.903570 0.647392
vt 0.896356 0.630055
vt 0.897772 0.630040
vt 0.901944 0.483570
vt 0.903437 0.483581
vt 0.903167 0.565582
vt 0.901651 0.565584
vt 0.901652 0.559691
vt 0.903168 0.559688
vt 0.896180 0.606742
vt 0.897605 0.606730
vt 0.896199 0.512644
vt 0.896236 0.506802
vt 0.897658 0.506808
vt 0.897623 0.512650
vt 0.896116 0.595023
vt 0.897545 0.595014
vt 0.897573 0.600877
vt 0.896146 0.600888
vt 0.903428 0.635792
vt 0.901935 0.635809
vt 0.901885 0.630005
vt 0.903379 0.629991
vt 0.903304 0.618365
vt 0.901805 0.618376
vt 0.901773 0.612548
vt 0.903273 0.612537
vt 0.896091 0.589149
vt 0.897522 0.589141
vt 0.901685 0.536130
vt 0.898004 0.465997
vt 0.902206 0.466054
vt 0.902081 0.471955
vt 0.897482 0.571481
vt 0.897478 0.565586
vt 0.897478 0.559689
vt 0.902003 0.477768
vt 0.901739 0.518521
vt 0.901672 0.542015
vt 0.901843 0.624195
vt 0.897832 0.483532
vt 0.901763 0.512670
vt 0.897504 0.583260
vt 0.897491 0.577372
vt 0.898001 0.653388
vt 0.902205 0.653329
vt 0.903338 0.624182
vt 0.896418 0.483521
vt 0.903495 0.477783
vt 0.896520 0.647488
vt 0.903573 0.471983
vt 0.903187 0.542015
vt 0.896572 0.466101
vt 0.903245 0.518524
vt 0.896569 0.653285
vt 0.903719 0.653163
vt 0.903266 0.512674
vt 0.896042 0.565589
vt 0.903198 0.536131
vt 0.896041 0.559691
vt 0.903719 0.466220
vt 0.873723 0.800630
vt 0.868569 0.792808
vt 0.078643 0.706489
vt 0.075724 0.703732
vt 0.073062 0.574034
vt 0.072888 0.700721
vt 0.070136 0.697407
vt 0.065213 0.584996
vt 0.053386 0.624078
vt 0.060178 0.680235
vt 0.067468 0.693751
vt 0.067739 0.580974
vt 0.062439 0.685212
vt 0.064893 0.689703
vt 0.058566 0.599727
vt 0.070358 0.577335
vt 0.034935 0.976309
vt 0.032575 0.972550
vt 0.036511 0.970236
vt 0.038720 0.973860
vt 0.704751 0.200130
vt 0.000977 0.403338
vt 0.000977 0.376514
vt 0.040833 0.376514
vt 0.040833 0.403338
vt 0.287172 0.377408
vt 0.287533 0.383195
vt 0.003059 0.976390
vt 0.015454 0.978837
vt 0.003053 0.981347
vt 0.111345 0.872633
vt 0.069675 0.868665
vt 0.070012 0.865502
vt 0.111698 0.869772
vt 0.031308 0.896429
vt 0.563124 0.816884
vt 0.567205 0.813250
vt 0.069348 0.871834
vt 0.042716 0.863032
vt 0.046142 0.865859
vt 0.832650 0.323411
vt 0.059557 0.624690
vt 0.818827 0.320478
vt 0.814097 0.320944
vt 0.034440 0.966465
vt 0.032511 0.962539
vt 0.034530 0.961622
vt 0.023955 0.930198
vt 0.041063 0.977347
vt 0.043537 0.980710
vt 0.046141 0.983964
vt 0.027667 0.900102
vt 0.029118 0.895660
vt 0.029947 0.900781
vt 0.025335 0.940324
vt 0.024508 0.935341
vt 0.030732 0.958449
vt 0.030739 0.891396
vt 0.048878 0.862687
vt 0.051788 0.859533
vt 0.032518 0.887302
vt 0.700881 0.779044
vt 0.801211 0.746108
vt 0.815065 0.742564
vt 0.042717 0.986794
vt 0.040012 0.983417
vt 0.018302 0.930658
vt 0.017925 0.924932
vt 0.020087 0.941406
vt 0.287910 0.215345
vt 0.788270 0.751912
vt 0.110303 0.895708
vt 0.067351 0.894338
vt 0.067603 0.891074
vt 0.110313 0.892780
vt 0.823499 0.400641
vt 0.000977 0.054625
vt 0.000977 0.027801
vt 0.040833 0.027801
vt 0.040833 0.054625
vt 0.000977 0.296041
vt 0.000977 0.269217
vt 0.040833 0.269217
vt 0.040833 0.296041
vt 0.022829 0.898583
vt 0.037415 0.979927
vt 0.815059 0.912882
vt 0.285429 0.263163
vt 0.285232 0.269519
vt 0.110302 0.928208
vt 0.068179 0.930619
vt 0.792081 0.000981
vt 0.776580 0.759771
vt 0.818784 0.400934
vt 0.617270 0.841663
vt 0.612969 0.843070
vt 0.836925 0.395838
vt 0.285067 0.275949
vt 0.785296 0.354981
vt 0.784941 0.360711
vt 0.212391 0.221014
vt 0.216757 0.205753
vt 0.275437 0.548720
vt 0.267130 0.538342
vt 0.210486 0.422982
vt 0.200080 0.356293
vt 0.571386 0.809717
vt 0.792381 0.246401
vt 0.028243 0.964564
vt 0.026284 0.960317
vt 0.850348 0.013635
vt 0.867126 0.023934
vt 0.112739 0.951119
vt 0.070818 0.955981
vt 0.070455 0.952831
vt 0.066672 0.910985
vt 0.066466 0.907626
vt 0.110355 0.901627
vt 0.066882 0.900931
vt 0.067111 0.897623
vt 0.110320 0.898656
vt 0.071071 0.856028
vt 0.113515 0.860848
vt 0.045522 0.859743
vt 0.048414 0.856513
vt 0.700974 0.497511
vt 0.801192 0.527912
vt 0.727798 0.769861
vt 0.578211 0.647098
vt 0.116139 0.898468
vt 0.116053 0.895572
vt 0.116264 0.901411
vt 0.113532 0.954189
vt 0.118076 0.949383
vt 0.118890 0.951563
vt 0.116786 0.873392
vt 0.116758 0.941823
vt 0.062275 0.618826
vt 0.061205 0.631028
vt 0.061618 0.624873
vt 0.116227 0.881549
vt 0.118890 0.863460
vt 0.116149 0.884304
vt 0.115905 0.928056
vt 0.117101 0.870750
vt 0.116009 0.892711
vt 0.087590 0.567482
vt 0.082108 0.001132
vt 0.077922 0.068478
vt 0.080016 0.001034
vt 0.117168 0.013589
vt 0.115446 0.012398
vt 0.094504 0.003071
vt 0.092466 0.002588
vt 0.113688 0.011260
vt 0.098530 0.004226
vt 0.096526 0.003617
vt 0.122101 0.017476
vt 0.120498 0.016130
vt 0.077922 0.001001
vt 0.118852 0.014834
vt 0.111895 0.010178
vt 0.086277 0.001521
vt 0.084195 0.001294
vt 0.133280 0.029897
vt 0.132056 0.028198
vt 0.123663 0.018871
vt 0.126652 0.021805
vt 0.125180 0.020315
vt 0.102476 0.005628
vt 0.100514 0.004896
vt 0.090415 0.002168
vt 0.088351 0.001812
vt 0.129453 0.024917
vt 0.128077 0.023339
vt 0.134451 0.031634
vt 0.130780 0.026538
vt 0.106327 0.007272
vt 0.104414 0.006420
vt 0.110069 0.009152
vt 0.108213 0.008183
vt 0.071186 0.959131
vt 0.285443 0.341095
vt 0.285670 0.347369
vt 0.000977 0.537458
vt 0.000977 0.510634
vt 0.040833 0.510634
vt 0.040833 0.537458
vt 0.793332 0.387045
vt 0.285080 0.328309
vt 0.285246 0.334739
vt 0.288303 0.209645
vt 0.024477 0.893959
vt 0.000977 0.349689
vt 0.000977 0.322865
vt 0.040833 0.322865
vt 0.040833 0.349689
vt 0.732317 0.796054
vt 0.285656 0.256890
vt 0.000977 0.000977
vt 0.040833 0.000977
vt 0.766436 0.769398
vt 0.028247 0.885277
vt 0.026287 0.889527
vt 0.000977 0.108273
vt 0.000977 0.081449
vt 0.040833 0.081449
vt 0.040833 0.108273
vt 0.693287 0.776853
vt 0.019052 0.936147
vt 0.030343 0.968638
vt 0.285911 0.250709
vt 0.686564 0.837743
vt 0.681632 0.837072
vt 0.751103 0.792276
vt 0.758007 0.780400
vt 0.829467 0.914015
vt 0.592036 0.851927
vt 0.587567 0.853525
vt 0.713542 0.844785
vt 0.709349 0.843252
vt 0.608774 0.844635
vt 0.604648 0.846350
vt 0.600531 0.848189
vt 0.621701 0.840416
vt 0.676605 0.836542
vt 0.911956 0.827734
vt 0.635793 0.837564
vt 0.596352 0.850088
vt 0.841094 0.393375
vt 0.645765 0.836433
vt 0.640733 0.836924
vt 0.637487 0.774467
vt 0.645509 0.773437
vt 0.000977 0.859347
vt 0.000977 0.832523
vt 0.040833 0.832523
vt 0.040833 0.859347
vt 0.862206 0.869508
vt 0.859339 0.808455
vt 0.802711 0.877092
vt 0.810034 0.863455
vt 0.779610 0.850557
vt 0.815782 0.789596
vt 0.855746 0.852670
vt 0.855755 0.802874
vt 0.796857 0.850893
vt 0.794278 0.845374
vt 0.851304 0.857528
vt 0.245508 0.139899
vt 0.785288 0.366440
vt 0.069030 0.875010
vt 0.653563 0.772878
vt 0.221658 0.191170
vt 0.227026 0.177363
vt 0.718461 0.215156
vt 0.796781 0.391088
vt 0.800706 0.326914
vt 0.800665 0.394508
vt 0.066667 0.904265
vt 0.746086 0.806309
vt 0.812593 0.246919
vt 0.792327 0.247929
vt 0.684122 0.084217
vt 0.894151 0.051708
vt 0.904174 0.067950
vt 0.679212 0.145043
vt 0.677520 0.124592
vt 0.850546 0.235149
vt 0.832158 0.242598
vt 0.679170 0.104138
vt 0.881835 0.036786
vt 0.867281 0.224805
vt 0.881940 0.211941
vt 0.684205 0.164954
vt 0.733447 0.020047
vt 0.893034 0.196188
vt 0.894202 0.197022
vt 0.692379 0.183796
vt 0.717414 0.216285
vt 0.703534 0.201068
vt 0.812358 0.001952
vt 0.831937 0.006232
vt 0.000977 0.430162
vt 0.040833 0.430162
vt 0.685518 0.775145
vt 0.902951 0.180050
vt 0.904174 0.180802
vt 0.000977 0.752051
vt 0.040833 0.752050
vt 0.288705 0.203964
vt 0.284938 0.282440
vt 0.284846 0.288977
vt 0.435614 0.363820
vt 0.463304 0.363820
vt 0.463304 0.386497
vt 0.435614 0.386498
vt 0.435615 0.137043
vt 0.435615 0.159721
vt 0.407925 0.159720
vt 0.407925 0.137043
vt 0.518684 0.091687
vt 0.518684 0.114365
vt 0.490994 0.114365
vt 0.490994 0.091687
vt 0.518684 0.000977
vt 0.546374 0.000977
vt 0.546373 0.023654
vt 0.518684 0.023654
vt 0.490994 0.069010
vt 0.574063 0.590597
vt 0.574063 0.613274
vt 0.546374 0.613274
vt 0.546373 0.590597
vt 0.407925 0.000977
vt 0.407925 0.023654
vt 0.380235 0.023654
vt 0.380235 0.000977
vt 0.490994 0.431853
vt 0.490994 0.454531
vt 0.435614 0.341142
vt 0.407925 0.363820
vt 0.407925 0.341142
vt 0.463304 0.023654
vt 0.463304 0.046332
vt 0.435614 0.046332
vt 0.435614 0.023654
vt 0.463304 0.000977
vt 0.490994 0.000977
vt 0.490994 0.023654
vt 0.518684 0.341142
vt 0.518684 0.363820
vt 0.490994 0.363820
vt 0.490994 0.341142
vt 0.299228 0.386498
vt 0.324855 0.386498
vt 0.324855 0.409175
vt 0.299228 0.409175
vt 0.352545 0.454531
vt 0.352545 0.477208
vt 0.324855 0.477208
vt 0.324855 0.454531
vt 0.352545 0.341142
vt 0.352545 0.363820
vt 0.324855 0.363820
vt 0.324855 0.341142
vt 0.518684 0.522564
vt 0.518684 0.545241
vt 0.490994 0.545241
vt 0.490994 0.522564
vt 0.352545 0.295787
vt 0.380235 0.295787
vt 0.380235 0.318464
vt 0.352545 0.318464
vt 0.299228 0.159720
vt 0.324855 0.159721
vt 0.324855 0.182398
vt 0.299228 0.182398
vt 0.518684 0.318464
vt 0.546373 0.318464
vt 0.546373 0.341142
vt 0.546373 0.227754
vt 0.546373 0.250431
vt 0.518684 0.250431
vt 0.518684 0.227754
vt 0.380235 0.363820
vt 0.380235 0.386498
vt 0.352545 0.386498
vt 0.574063 0.046332
vt 0.574063 0.069010
vt 0.407925 0.295787
vt 0.407925 0.318464
vt 0.435615 0.522564
vt 0.435615 0.545241
vt 0.407925 0.545241
vt 0.407925 0.522564
vt 0.435615 0.635952
vt 0.435615 0.658630
vt 0.407925 0.658630
vt 0.407925 0.635952
vt 0.407925 0.114365
vt 0.380235 0.137043
vt 0.380235 0.114365
vt 0.435614 0.069010
vt 0.435614 0.091687
vt 0.407925 0.091687
vt 0.407925 0.069010
vt 0.407925 0.250431
vt 0.407925 0.273109
vt 0.380235 0.273109
vt 0.380235 0.250431
vt 0.352545 0.091687
vt 0.380235 0.091687
vt 0.352545 0.114365
vt 0.299228 0.227754
vt 0.324855 0.227754
vt 0.324855 0.250431
vt 0.299228 0.250431
vt 0.352545 0.159720
vt 0.352545 0.182398
vt 0.324855 0.114365
vt 0.352545 0.137043
vt 0.324855 0.137043
vt 0.352545 0.023654
vt 0.352545 0.000977
vt 0.324855 0.499886
vt 0.324855 0.522564
vt 0.299228 0.522564
vt 0.299228 0.499886
vt 0.407925 0.182398
vt 0.380235 0.182398
vt 0.380235 0.159721
vt 0.299228 0.545241
vt 0.324855 0.545241
vt 0.324855 0.567919
vt 0.299228 0.567919
vt 0.352545 0.409175
vt 0.324855 0.295787
vt 0.324855 0.318464
vt 0.380235 0.069010
vt 0.352545 0.069010
vt 0.324855 0.658630
vt 0.324855 0.681307
vt 0.299228 0.681307
vt 0.299228 0.658630
vt 0.407925 0.205076
vt 0.380235 0.205076
vt 0.435614 0.273109
vt 0.463304 0.273109
vt 0.463304 0.295787
vt 0.435614 0.295787
vt 0.435614 0.000977
vt 0.490994 0.613275
vt 0.490994 0.635952
vt 0.463304 0.635952
vt 0.463304 0.613275
vt 0.518684 0.273109
vt 0.490994 0.273109
vt 0.490994 0.250431
vt 0.435615 0.590597
vt 0.463304 0.590597
vt 0.435614 0.613275
vt 0.435615 0.114365
vt 0.463304 0.114365
vt 0.463304 0.137043
vt 0.407925 0.477208
vt 0.407925 0.499886
vt 0.380235 0.499886
vt 0.380235 0.477208
vt 0.518684 0.137043
vt 0.490994 0.137043
vt 0.574063 0.273109
vt 0.574063 0.295787
vt 0.546373 0.295787
vt 0.546373 0.273109
vt 0.518684 0.454531
vt 0.546373 0.454531
vt 0.546373 0.477208
vt 0.518684 0.477208
vt 0.352545 0.046332
vt 0.324855 0.046332
vt 0.324855 0.023654
vt 0.518684 0.386497
vt 0.490994 0.386497
vt 0.574063 0.386497
vt 0.574063 0.409175
vt 0.546373 0.409175
vt 0.546374 0.386497
vt 0.407925 0.046332
vt 0.380235 0.046332
vt 0.324855 0.069010
vt 0.352545 0.227754
vt 0.352545 0.250431
vt 0.352545 0.273109
vt 0.574063 0.114365
vt 0.574063 0.137043
vt 0.546373 0.137043
vt 0.546373 0.114365
vt 0.463304 0.205076
vt 0.463304 0.227754
vt 0.435614 0.227754
vt 0.435614 0.205076
vt 0.435615 0.182398
vt 0.490994 0.227754
vt 0.299228 0.137043
vt 0.299228 0.114365
vt 0.435615 0.567919
vt 0.407925 0.567919
vt 0.518684 0.613275
vt 0.518684 0.635952
vt 0.299228 0.454531
vt 0.299228 0.477208
vt 0.546373 0.635952
vt 0.546373 0.658630
vt 0.518684 0.658630
vt 0.546374 0.091687
vt 0.574063 0.159720
vt 0.574063 0.182398
vt 0.546373 0.182398
vt 0.546373 0.159721
vt 0.463304 0.091687
vt 0.463304 0.069010
vt 0.463304 0.545241
vt 0.463304 0.567919
vt 0.518684 0.590597
vt 0.490994 0.590597
vt 0.299228 0.613274
vt 0.324855 0.613274
vt 0.324855 0.635952
vt 0.299228 0.635952
vt 0.380235 0.590597
vt 0.407925 0.590597
vt 0.407925 0.613275
vt 0.463304 0.159721
vt 0.463304 0.182398
vt 0.518684 0.295787
vt 0.490994 0.295787
vt 0.299228 0.363820
vt 0.518684 0.159721
vt 0.518684 0.182398
vt 0.324855 0.273109
vt 0.490994 0.046332
vt 0.352545 0.431853
vt 0.380235 0.431853
vt 0.380235 0.454531
vt 0.574063 0.205076
vt 0.574063 0.227754
vt 0.546373 0.205076
vt 0.352545 0.205076
vt 0.324855 0.205076
vt 0.518684 0.703985
vt 0.546374 0.726663
vt 0.518684 0.726663
vt 0.380235 0.341142
vt 0.324855 0.703985
vt 0.299228 0.703985
vt 0.407925 0.227754
vt 0.380235 0.227754
vt 0.407925 0.386498
vt 0.518684 0.409175
vt 0.518684 0.431853
vt 0.490994 0.409175
vt 0.299228 0.431853
vt 0.324855 0.431853
vt 0.490994 0.159721
vt 0.490994 0.182398
vt 0.463304 0.250431
vt 0.435614 0.250431
vt 0.299228 0.295787
vt 0.299228 0.318464
vt 0.546373 0.431853
vt 0.299228 0.341142
vt 0.324855 0.000977
vt 0.574063 0.091687
vt 0.490994 0.567919
vt 0.435614 0.318464
vt 0.574063 0.635952
vt 0.574063 0.658630
vt 0.435615 0.477208
vt 0.435615 0.499886
vt 0.380235 0.567919
vt 0.352545 0.590597
vt 0.546373 0.545241
vt 0.546373 0.567919
vt 0.518684 0.567919
vt 0.380235 0.658630
vt 0.352545 0.658630
vt 0.490994 0.318464
vt 0.299228 0.273109
vt 0.546373 0.363820
vt 0.324855 0.726663
vt 0.299228 0.726663
vt 0.380235 0.522564
vt 0.407925 0.681307
vt 0.407925 0.703985
vt 0.380235 0.703985
vt 0.380235 0.681307
vt 0.435615 0.681307
vt 0.463304 0.318464
vt 0.463304 0.341142
vt 0.407925 0.431853
vt 0.407925 0.454531
vt 0.574063 0.431853
vt 0.518684 0.205076
vt 0.352545 0.545241
vt 0.380235 0.545241
vt 0.352545 0.567919
vt 0.574063 0.454531
vt 0.352545 0.499886
vt 0.299228 0.046332
vt 0.299228 0.023654
vt 0.435615 0.703985
vt 0.463304 0.703985
vt 0.463304 0.726663
vt 0.435614 0.726663
vt 0.463304 0.681307
vt 0.490994 0.681307
vt 0.490994 0.703985
vt 0.463304 0.477208
vt 0.463304 0.499886
vt 0.463304 0.658630
vt 0.490994 0.726663
vt 0.324855 0.590597
vt 0.299228 0.590597
vt 0.518684 0.681307
vt 0.380235 0.726663
vt 0.352545 0.726663
vt 0.352545 0.703985
vt 0.574063 0.545241
vt 0.574063 0.567919
vt 0.490994 0.658630
vt 0.574063 0.318464
vt 0.463304 0.409175
vt 0.435614 0.409175
vt 0.407925 0.409175
vt 0.380235 0.409175
vt 0.546373 0.499886
vt 0.574063 0.499886
vt 0.574063 0.522564
vt 0.546373 0.522564
vt 0.574063 0.250431
vt 0.490994 0.205076
vt 0.574063 0.341142
vt 0.574063 0.363820
vt 0.490994 0.477208
vt 0.518684 0.499886
vt 0.324855 0.091687
vt 0.407925 0.726663
vt 0.352545 0.681307
vt 0.574063 0.726663
vt 0.490994 0.499886
vt 0.299228 0.091687
vt 0.299228 0.069010
vt 0.463304 0.522564
vt 0.574063 0.023654
vt 0.352545 0.522564
vt 0.574063 0.000977
vt 0.299228 0.205076
vt 0.299228 0.000977
vt 0.574063 0.477208
vt 0.990276 0.323303
vt 0.996069 0.382135
vt 0.854038 0.396122
vt 0.885747 0.291594
vt 0.004739 0.862521
vt 0.004739 0.890652
vt 0.003798 0.890652
vt 0.003798 0.862521
vt 0.006620 0.862521
vt 0.006620 0.890652
vt 0.005679 0.890652
vt 0.005680 0.862521
vt 0.007561 0.862521
vt 0.007561 0.890652
vt 0.000977 0.890652
vt 0.000977 0.862521
vt 0.008501 0.862521
vt 0.008501 0.890652
vt 0.002761 0.900268
vt 0.000978 0.900269
vt 0.002760 0.897383
vt 0.000977 0.897383
vt 0.022508 0.989388
vt 0.023716 0.991143
vt 0.017938 0.966162
vt 0.018348 0.964094
vt 0.008434 0.989472
vt 0.007224 0.991231
vt 0.022484 0.968159
vt 0.023685 0.966401
vt 0.004952 0.985929
vt 0.003179 0.987099
vt 0.025965 0.971700
vt 0.027736 0.970529
vt 0.000977 0.981758
vt 0.027864 0.976282
vt 0.029941 0.975870
vt 0.000977 0.975984
vt 0.025996 0.985834
vt 0.027859 0.981239
vt 0.029941 0.981645
vt 0.027770 0.986999
vt 0.000978 0.901189
vt 0.002761 0.901189
vt 0.700974 0.769861
vt 0.674665 0.764628
vt 0.649883 0.754363
vt 0.627580 0.739460
vt 0.608612 0.720493
vt 0.593710 0.698189
vt 0.583444 0.673407
vt 0.578211 0.620274
vt 0.583444 0.593966
vt 0.593709 0.569183
vt 0.608612 0.546880
vt 0.627579 0.527913
vt 0.649883 0.513010
vt 0.674665 0.502745
vt 0.727798 0.497512
vt 0.754106 0.502745
vt 0.778889 0.513010
vt 0.820160 0.546880
vt 0.835062 0.569183
vt 0.845327 0.593965
vt 0.850560 0.620274
vt 0.850560 0.647098
vt 0.845327 0.673407
vt 0.835062 0.698189
vt 0.820160 0.720492
vt 0.801192 0.739460
vt 0.778889 0.754363
vt 0.754107 0.764628
vt 0.996070 0.337292
vt 0.999023 0.352143
vt 0.999023 0.367284
vt 0.990275 0.396123
vt 0.958566 0.427832
vt 0.981863 0.408713
vt 0.971156 0.419420
vt 0.944577 0.433626
vt 0.929727 0.436580
vt 0.914585 0.436580
vt 0.899735 0.433626
vt 0.885746 0.427831
vt 0.873157 0.419419
vt 0.862450 0.408712
vt 0.848244 0.382133
vt 0.848244 0.337291
vt 0.845290 0.367283
vt 0.845290 0.352141
vt 0.854039 0.323302
vt 0.862451 0.310713
vt 0.873158 0.300006
vt 0.899736 0.285800
vt 0.914587 0.282846
vt 0.929728 0.282846
vt 0.944579 0.285800
vt 0.958567 0.291595
vt 0.971157 0.300007
vt 0.981864 0.310714
vt 0.679515 0.993254
vt 0.633762 0.993254
vt 0.664363 0.996268
vt 0.648914 0.996268
vt 0.619489 0.987341
vt 0.606644 0.978758
vt 0.595720 0.967834
vt 0.581225 0.940715
vt 0.578211 0.925563
vt 0.578211 0.910114
vt 0.581225 0.894962
vt 0.587138 0.880689
vt 0.595721 0.867844
vt 0.606645 0.856920
vt 0.633764 0.842425
vt 0.648916 0.839411
vt 0.664365 0.839411
vt 0.679517 0.842425
vt 0.693790 0.848338
vt 0.726142 0.880690
vt 0.706635 0.856921
vt 0.717559 0.867845
vt 0.732054 0.894964
vt 0.735068 0.910116
vt 0.735068 0.925565
vt 0.726142 0.954990
vt 0.717558 0.967835
vt 0.706634 0.978759
vt 0.044007 0.192945
vt 0.045935 0.188291
vt 0.056669 0.195464
vt 0.049497 0.184730
vt 0.059187 0.182802
vt 0.054150 0.182802
vt 0.067403 0.202636
vt 0.063841 0.206198
vt 0.054150 0.208125
vt 0.049497 0.206197
vt 0.000977 0.905011
vt 0.002457 0.904397
vt 0.003144 0.906055
vt 0.001538 0.906616
vt 0.045935 0.202636
vt 0.044007 0.197982
vt 0.063841 0.184730
vt 0.067403 0.188291
vt 0.069330 0.192945
vt 0.069330 0.197982
vt 0.059187 0.208125
s 1
usemtl vintage_oil_lamp
f 335/1/1 336/2/2 304/3/3 303/4/4
f 2189/5/5 2149/6/6 2148/7/7 2188/8/8
f 2173/9/9 2171/10/10 2206/11/11 2207/12/12
f 2156/13/13 2154/14/14 2193/15/15 2194/16/16
f 2190/17/17 2150/18/18 2149/6/6 2189/5/5
f 2164/19/19 2163/20/20 2199/21/21 2200/22/22
f 2145/23/23 2144/24/24 2185/25/25 2186/26/26
f 2163/20/20 2162/27/27 2198/28/28 2199/21/21
f 2195/29/29 2157/30/30 2156/13/13 2194/16/16
f 2193/15/15 2154/14/14 2153/31/31 2192/32/32
f 2142/33/33 2141/34/34 2183/35/35 2184/36/36
f 2146/37/37 2145/23/23 2186/26/26 2187/38/38
f 2182/39/39 2139/40/40 2137/41/41 2181/42/42
f 2148/7/7 2146/37/37 2187/38/38 2188/8/8
f 2206/11/11 2171/10/10 2170/43/43 2205/44/44
f 2168/45/45 2167/46/46 2203/47/47 2204/48/48
f 2165/49/49 2164/19/19 2200/22/22 2201/50/50
f 2170/43/43 2168/45/45 2204/48/48 2205/44/44
f 2167/46/46 2166/51/51 2202/52/52 2203/47/47
f 2209/53/53 2177/54/54 2175/55/55 2208/56/56
f 2185/25/25 2144/24/24 2142/33/33 2184/36/36
f 2133/57/57 2177/54/54 2209/53/53 2178/58/58
f 2136/59/59 2134/60/60 2179/61/61 2180/62/62
f 593/63/63 622/64/64 621/65/65 592/66/66
f 2175/55/55 2173/9/9 2207/12/12 2208/56/56
f 2158/67/67 2157/30/30 2195/29/29 2196/68/68
f 2192/32/32 2153/31/31 2151/69/69 2191/70/70
f 2151/69/69 2150/18/18 2190/17/17 2191/70/70
f 2141/34/34 2139/40/40 2182/39/39 2183/35/35
f 2134/60/60 2133/71/57 2178/72/58 2179/61/61
f 2202/52/52 2166/51/51 2165/49/49 2201/50/50
f 2078/73/71 2076/74/72 2109/75/73 2110/76/74
f 2068/77/75 2069/78/76 2082/79/77 2083/80/78
f 2056/81/79 2081/82/80 2090/83/81 2092/84/82
f 2071/85/83 2068/77/75 2083/80/78 2085/86/84
f 2064/87/85 2062/88/86 2124/89/87 2126/90/88
f 2065/91/89 2063/92/90 2102/93/91 2104/94/92
f 2117/95/93 2050/96/94 2051/97/95 2115/98/96
f 2069/99/76 2070/100/97 2131/101/98 2082/102/77
f 2102/93/91 2063/92/90 2061/103/99 2101/104/100
f 2052/105/101 2080/106/102 2111/107/103 2113/108/104
f 2089/109/105 2079/110/106 2077/111/107 2087/112/108
f 2057/113/109 2054/114/110 2095/115/111 2097/116/112
f 2131/101/98 2070/100/97 2075/117/113 2129/118/114
f 2077/111/107 2074/119/115 2086/120/116 2087/112/108
f 2107/121/117 2073/122/118 2067/123/119 2105/124/120
f 2128/125/121 2072/126/122 2066/127/123 2127/128/124
f 2076/74/72 2073/122/118 2107/121/117 2109/75/73
f 2094/129/125 2055/130/126 2056/81/79 2092/84/82
f 2053/131/127 2050/96/94 2117/95/93 2119/132/128
f 2061/103/99 2059/133/129 2099/134/130 2101/104/100
f 2067/123/119 2065/91/89 2104/94/92 2105/124/120
f 2081/82/80 2079/110/106 2089/109/105 2090/83/81
f 2059/133/129 2057/113/109 2097/116/112 2099/134/130
f 2060/135/131 2058/136/132 2121/137/133 2123/138/134
f 79/139/135 178/140/136 179/141/137 78/142/138
f 2095/115/111 2054/114/110 2055/130/126 2094/129/125
f 2115/98/96 2051/97/95 2052/105/101 2113/108/104
f 2058/136/132 2053/131/127 2119/132/128 2121/137/133
f 2062/88/86 2060/135/131 2123/138/134 2124/89/87
f 2129/118/114 2075/117/113 2072/126/122 2128/125/121
f 2197/143/139 2160/144/140 2158/67/67 2196/68/68
f 2068/77/75 1983/145/141 1978/146/142 2069/78/76
f 2003/147/143 1991/148/144 2067/123/119 2073/122/118
f 1906/149/145 1904/150/146 1938/151/147 1946/152/148
f 2039/153/149 2031/154/150 2079/110/106 2081/82/80
f 2051/97/95 1922/155/151 2043/156/152 2052/105/101
f 2050/96/94 1927/157/153 1922/155/151 2051/97/95
f 1947/158/154 1939/159/155 2053/131/127 2058/136/132
f 1955/160/156 1947/158/154 2058/136/132 2060/135/131
f 2019/161/157 2007/162/158 2074/119/115 2077/111/107
f 2079/110/106 2031/154/150 2019/161/157 2077/111/107
f 2035/163/159 2027/164/160 2078/73/71 2080/106/102
f 2015/165/161 2003/147/143 2073/122/118 2076/74/72
f 2074/119/115 2007/162/158 1995/166/162 2071/85/83
f 1930/167/163 2047/168/164 2056/81/79 2055/130/126
f 2136/59/59 2137/41/41 2138/169/165 2084/170/166
f 2043/156/152 2035/163/159 2080/106/102 2052/105/101
f 1987/171/167 1971/172/168 2064/87/85 2066/127/123
f 2011/173/169 1999/174/170 2072/126/122 2075/117/113
f 1978/175/142 2023/176/171 2070/100/97 2069/99/76
f 2064/87/85 1971/172/168 1963/177/172 2062/88/86
f 1689/178/173 1677/179/174 1678/180/175 1690/181/176
f 1975/182/177 1967/183/178 2063/92/90 2065/91/89
f 1951/184/179 1943/185/180 2057/113/109 2059/133/129
f 2027/164/160 2015/165/161 2076/74/72 2078/73/71
f 2071/85/83 1995/166/162 1983/145/141 2068/77/75
f 1943/185/180 1935/186/181 2054/114/110 2057/113/109
f 2053/131/127 1939/159/155 1927/157/153 2050/96/94
f 2047/168/164 2039/153/149 2081/82/80 2056/81/79
f 1935/186/181 1930/167/163 2055/130/126 2054/114/110
f 1959/187/182 1951/184/179 2059/133/129 2061/103/99
f 1991/148/144 1975/182/177 2065/91/89 2067/123/119
f 1865/188/183 1867/189/184 5/190/185 4/191/186
f 1877/192/187 10/193/188 9/194/189 1875/195/190
f 1891/196/191 1893/197/192 18/198/193 17/199/194
f 1897/200/195 1899/201/196 21/202/197 20/203/198
f 1913/204/199 1915/205/200 29/206/201 28/207/202
f 1691/208/203 1679/209/204 1675/210/205 1687/211/206
f 1921/212/207 1920/213/208 1858/214/209 1859/215/210
f 1873/216/211 8/217/212 7/218/213 1871/219/214
f 1887/220/215 15/221/216 14/222/217 1885/223/218
f 1881/224/219 12/225/220 11/226/221 1879/227/222
f 1917/228/223 1919/229/224 31/230/225 30/231/226
f 1885/223/218 14/222/217 13/232/227 1883/233/228
f 1871/219/214 7/218/213 6/234/229 1869/235/230
f 2/236/231 1/237/232 1859/238/210 1861/239/233
f 1863/240/234 3/241/235 2/236/231 1861/239/233
f 1909/242/236 26/243/237 25/244/238 1907/245/239
f 1873/216/211 1875/195/190 9/194/189 8/217/212
f 1895/246/240 19/247/241 18/198/193 1893/197/192
f 1920/213/208 1918/248/242 2010/249/243 2022/250/244
f 1859/215/210 1/251/232 32/252/245 1921/212/207
f 1917/228/223 30/231/226 29/206/201 1915/205/200
f 1869/235/230 6/234/229 5/190/185 1867/189/184
f 1903/253/246 23/254/247 22/255/248 1901/256/249
f 1879/227/222 11/226/221 10/193/188 1877/192/187
f 1883/233/228 13/232/227 12/225/220 1881/224/219
f 1891/196/191 17/199/194 16/257/250 1889/258/251
f 1907/245/239 25/244/238 24/259/252 1905/260/253
f 1901/256/249 22/255/248 21/202/197 1899/201/196
f 1863/240/234 1865/188/183 4/191/186 3/241/235
f 1895/246/240 1897/200/195 20/203/198 19/247/241
f 1889/258/251 16/257/250 15/221/216 1887/220/215
f 1900/261/254 1898/262/255 2042/263/256 1923/264/257
f 1926/265/258 1902/266/259 1900/261/254 1923/264/257
f 1912/267/260 1910/268/261 1962/269/262 1970/270/263
f 248/271/264 1592/272/265 1593/273/266 249/274/267
f 1874/275/268 1872/276/269 2046/277/270 1931/278/271
f 1898/262/255 1896/279/272 2034/280/273 2042/263/256
f 1966/281/274 1884/282/275 1882/283/276 1958/284/277
f 1878/285/278 1876/286/279 1934/287/280 1942/288/281
f 1914/289/282 1912/267/260 1970/270/263 1986/290/283
f 1892/291/284 1890/292/285 2002/293/286 2014/294/287
f 1880/295/288 1878/285/278 1942/288/281 1950/296/289
f 1916/297/290 1914/289/282 1986/290/283 1998/298/291
f 1921/212/207 32/252/245 31/230/225 1919/229/224
f 1910/268/261 1908/299/292 1954/300/293 1962/269/262
f 1888/301/294 1886/302/295 1974/303/296 1990/304/297
f 1974/303/296 1886/302/295 1884/282/275 1966/281/274
f 1860/305/298 1858/306/209 1979/307/299 1982/308/300
f 1918/248/242 1916/297/290 1998/298/291 2010/249/243
f 1862/309/301 1860/305/298 1982/308/300 1994/310/302
f 1904/150/146 1902/266/259 1926/265/258 1938/151/147
f 1896/279/272 1894/311/303 2026/312/304 2034/280/273
f 1858/214/209 1920/213/208 2022/250/244 1979/313/299
f 1876/286/279 1874/275/268 1931/278/271 1934/287/280
f 1908/299/292 1906/149/145 1946/152/148 1954/300/293
f 1882/283/276 1880/295/288 1950/296/289 1958/284/277
f 1868/314/305 1866/315/306 2018/316/307 2030/317/308
f 1894/311/303 1892/291/284 2014/294/287 2026/312/304
f 1864/318/309 1862/309/301 1994/310/302 2006/319/310
f 1872/276/269 1870/320/311 2038/321/312 2046/277/270
f 1866/315/306 1864/318/309 2006/319/310 2018/316/307
f 1729/322/313 1711/323/314 1851/324/315 1853/325/316
f 1698/326/317 1765/327/318 1857/328/319 1794/329/320
f 1828/330/321 1826/331/322 2547/332/323 2548/333/324
f 1759/334/325 1741/335/326 1801/336/327 1803/337/328
f 1651/338/329 1639/339/330 1841/340/331 1843/341/332
f 1717/342/333 1693/343/334 1823/344/335 1825/345/336
f 1753/346/337 1735/347/338 1827/348/339 1829/349/340
f 1815/350/341 1645/351/342 1633/352/343 1813/353/344
f 1675/210/205 1663/354/345 1845/355/346 1847/356/347
f 1711/323/314 1687/211/206 1849/357/348 1851/324/315
f 1831/358/349 1771/359/350 1753/346/337 1829/349/340
f 1801/336/327 1741/335/326 1723/360/351 1799/361/352
f 1805/362/353 1777/363/354 1759/334/325 1803/337/328
f 1839/364/355 1627/365/356 1609/366/357 1837/367/358
f 1639/339/330 1627/365/356 1839/364/355 1841/340/331
f 1845/355/346 1663/354/345 1651/338/329 1843/341/332
f 1657/368/359 1645/351/342 1815/350/341 1817/369/360
f 1857/328/319 1765/327/318 1747/370/361 1855/371/362
f 1669/372/363 1657/368/359 1817/369/360 1819/373/364
f 1821/374/365 1681/375/366 1669/372/363 1819/373/364
f 1621/376/367 1614/377/368 1809/378/369 1811/379/370
f 1633/352/343 1621/376/367 1811/379/370 1813/353/344
f 1797/380/371 1705/381/372 1698/382/317 1794/383/320
f 1723/360/351 1705/381/372 1797/380/371 1799/361/352
f 1783/384/373 1771/359/350 1831/358/349 1833/385/374
f 1789/386/375 1777/363/354 1805/362/353 1807/387/376
f 1687/211/206 1675/210/205 1847/356/347 1849/357/348
f 216/388/377 217/389/378 1480/390/379 1483/391/380
f 1693/343/334 1681/375/366 1821/374/365 1823/344/335
f 1827/348/339 1735/347/338 1717/342/333 1825/345/336
f 1855/371/362 1747/370/361 1729/322/313 1853/325/316
f 1806/392/381 1804/393/382 2536/394/383 2537/395/384
f 330/396/385 331/397/386 299/398/387 298/399/388
f 1809/378/369 1808/400/389 1810/401/390 1811/379/370
f 1526/402/391 1525/403/392 1544/404/393 1543/405/394
f 265/406/395 266/407/396 197/408/397 196/409/398
f 1490/410/399 1489/411/400 1562/412/401 1561/413/402
f 1848/414/403 1846/415/404 2557/416/393 2558/417/394
f 130/418/405 129/419/406 97/420/407 98/421/408
f 2541/422/409 2540/423/402 10/424/188 11/425/221
f 962/426/410 767/427/411 768/428/412 963/429/413
f 669/430/414 659/431/415 530/432/416 540/433/417
f 1209/434/418 474/435/419 473/436/420 1215/437/421
f 2393/438/422 2392/439/423 170/440/424 169/441/425
f 1795/442/426 1856/443/427 2531/444/428 2530/445/429
f 1800/446/430 1798/447/431 2533/448/432 2534/449/433
f 696/450/434 697/451/435 568/452/436 567/453/437
f 682/454/438 683/455/439 554/456/440 553/457/441
f 629/458/442 1109/459/443 1107/460/444 630/461/445
f 512/462/446 511/463/447 1085/464/448 1087/465/449
f 2981/466/450 2980/467/451 2964/468/452 2965/469/453
f 1822/470/454 1820/471/455 2544/472/456 2545/473/457
f 651/474/458 650/475/459 521/476/460 522/477/461
f 2381/478/462 2380/479/463 182/480/464 181/481/465
f 2382/482/466 2381/478/462 181/481/465 180/483/467
f 642/484/64 673/485/468 544/486/469 513/487/470
f 1832/488/471 1830/489/472 2549/490/473 2550/491/474
f 654/492/475 655/493/476 526/494/477 525/495/478
f 497/496/479 1043/497/480 1045/498/481 498/499/482
f 659/431/415 658/500/483 529/501/484 530/432/416
f 2397/502/485 2396/503/486 166/504/487 165/505/488
f 354/506/489 353/507/490 385/508/491 386/509/492
f 1776/510/493 2412/511/494 2410/512/495 1758/513/496
f 2416/514/497 2414/515/498 1788/516/499 1615/517/500
f 1119/518/501 2580/519/502 2574/520/503 1120/521/504
f 2436/522/505 2434/523/506 1734/524/507 1752/525/508
f 1674/526/509 2454/527/510 2452/528/511 1662/529/512
f 2404/530/513 2403/531/514 1699/532/515 1704/533/516
f 2440/534/517 2438/535/518 1770/536/519 1782/537/520
f 2446/538/521 2444/539/522 1608/540/523 1626/541/524
f 2456/542/525 2454/527/510 1674/526/509 1686/543/526
f 2428/544/527 2426/545/528 1668/546/529 1680/547/530
f 2410/512/495 2408/548/531 1740/549/532 1758/513/496
f 2450/550/533 2448/551/534 1638/552/535 1650/553/536
f 1734/524/507 2434/523/506 2432/554/537 1716/555/538
f 1699/556/515 2403/557/514 2464/558/539 1764/559/540
f 2418/560/541 2416/514/497 1615/517/500 1620/561/542
f 1770/536/519 2438/535/518 2436/522/505 1752/525/508
f 1644/562/543 2422/563/544 2420/564/545 1632/565/546
f 2430/566/547 2428/544/527 1680/547/530 1692/567/548
f 2495/568/549 2494/569/550 2496/570/551 2497/571/552
f 1632/565/546 2420/564/545 2418/560/541 1620/561/542
f 1656/572/553 2424/573/554 2422/563/544 1644/562/543
f 1608/540/523 2444/539/522 2442/574/555 1603/575/556
f 1728/576/557 2460/577/558 2458/578/559 1710/579/560
f 2458/578/559 2456/542/525 1686/543/526 1710/579/560
f 2462/580/561 2460/577/558 1728/576/557 1746/581/562
f 1716/555/538 2432/554/537 2430/566/547 1692/567/548
f 2452/528/511 2450/550/533 1650/553/536 1662/529/512
f 1668/546/529 2426/545/528 2424/573/554 1656/572/553
f 2464/558/539 2462/580/561 1746/581/562 1764/559/540
f 2406/582/563 2404/530/513 1704/533/516 1722/583/564
f 1788/516/499 2414/515/498 2412/511/494 1776/510/493
f 94/584/565 163/585/566 164/586/567 93/587/568
f 97/588/407 2371/589/569 2370/590/570 98/591/408
f 94/584/565 95/592/571 162/593/572 163/585/566
f 114/594/573 2387/595/574 2388/596/575 115/597/576
f 82/598/577 175/599/578 176/600/579 81/601/580
f 127/602/581 2400/603/582 2401/604/583 128/605/584
f 67/606/585 223/607/586 225/608/587 66/609/588
f 101/610/589 2374/611/590 2375/612/591 102/613/592
f 88/614/593 169/441/425 170/440/424 87/615/594
f 77/616/595 180/483/467 181/481/465 76/617/596
f 102/613/592 2375/612/591 2376/618/597 103/619/598
f 125/620/599 2398/621/600 2399/622/601 126/623/602
f 86/624/603 87/615/594 170/440/424 171/625/604
f 76/617/596 181/481/465 182/480/464 75/626/605
f 126/623/602 2399/622/601 2400/603/582 127/602/581
f 82/598/577 83/627/606 174/628/607 175/599/578
f 85/629/608 172/630/609 173/631/610 84/632/611
f 112/633/612 2385/634/613 2386/635/614 113/636/615
f 100/637/616 99/638/617 2372/639/618 2373/640/619
f 73/641/620 184/642/621 185/643/622 72/644/623
f 98/591/408 2370/590/570 2372/639/618 99/638/617
f 92/645/624 165/505/488 166/504/487 91/646/625
f 116/647/626 115/597/576 2388/596/575 2389/648/627
f 108/649/628 107/650/629 2380/479/463 2381/478/462
f 69/651/630 70/652/631 212/653/632 221/654/633
f 89/655/634 168/656/635 169/441/425 88/614/593
f 80/657/636 177/658/637 178/140/136 79/139/135
f 111/659/638 110/660/639 2383/661/640 2384/662/641
f 71/663/642 186/664/643 212/653/632 70/652/631
f 108/649/628 2381/478/462 2382/482/466 109/665/644
f 74/666/645 183/667/646 184/642/621 73/641/620
f 93/587/568 164/586/567 165/505/488 92/645/624
f 141/668/647 2359/669/648 2279/670/649 140/671/650
f 1598/672/651 1599/673/652 255/674/653 254/675/654
f 782/676/655 780/677/656 713/678/657 714/679/658
f 243/680/659 244/681/660 2355/682/661 2282/683/662
f 2338/684/663 2334/685/664 158/686/665 159/687/666
f 2291/688/667 240/689/668 241/690/669 2286/691/670
f 252/692/671 253/693/672 2367/694/673 2258/695/674
f 251/696/675 252/692/671 2258/695/674 2263/697/676
f 227/698/677 228/699/678 2335/700/679 2339/701/680
f 157/702/681 2330/703/682 2326/704/683 156/705/684
f 146/706/685 2290/707/686 2287/708/687 145/709/688
f 137/710/689 2270/711/690 2266/712/691 136/713/692
f 241/690/669 242/714/693 2351/715/694 2286/691/670
f 246/716/695 247/717/696 2363/718/697 2278/719/698
f 2307/720/699 235/721/700 236/722/701 2302/723/702
f 2347/724/703 237/725/704 238/726/705 2299/727/706
f 2326/704/683 2322/728/707 155/729/708 156/705/684
f 2259/730/709 2366/731/710 133/732/711 134/733/712
f 2355/682/661 244/681/660 245/734/713 2358/735/714
f 254/675/654 255/674/653 2251/736/715 2255/737/716
f 2367/694/673 253/693/672 254/675/654 2255/737/716
f 2315/738/717 233/739/718 234/740/719 2311/741/720
f 2363/718/697 247/717/696 248/271/264 2275/742/721
f 249/274/267 250/743/722 2267/744/723 2271/745/724
f 2351/715/694 242/714/693 243/680/659 2282/683/662
f 267/746/725 268/747/726 199/748/727 198/749/728
f 228/699/678 229/750/729 2331/751/730 2335/700/679
f 2295/752/731 239/753/732 240/689/668 2291/688/667
f 2358/735/714 245/734/713 246/716/695 2278/719/698
f 232/754/733 233/739/718 2315/738/717 2319/755/734
f 231/756/735 232/754/733 2319/755/734 2323/757/736
f 558/758/737 557/759/738 496/760/739 497/496/479
f 2327/761/740 230/762/741 231/756/735 2323/757/736
f 263/763/742 1466/764/743 1465/765/744 264/766/745
f 947/767/746 914/768/747 913/769/748 934/770/749
f 950/771/750 925/772/751 910/773/752 951/774/753
f 698/775/754 699/776/755 570/777/756 569/778/757
f 279/779/758 280/780/759 211/781/760 210/782/761
f 638/783/762 1141/784/763 1138/785/401 613/786/764
f 149/787/765 2346/788/766 2298/789/767 148/790/768
f 248/271/264 249/274/267 2271/745/724 2275/742/721
f 133/732/711 2366/731/710 2254/791/769 132/792/770
f 619/793/771 1128/794/456 1127/795/457 620/796/772
f 653/797/773 652/798/774 523/799/775 524/800/776
f 683/455/439 689/801/777 560/802/778 554/456/440
f 690/803/779 691/804/780 562/805/781 561/806/782
f 1842/807/783 1840/808/784 2554/809/443 2555/810/444
f 276/811/785 277/812/786 208/813/787 207/814/788
f 2246/815/789 2243/816/790 129/419/406 130/418/405
f 2306/817/791 2303/818/792 150/819/793 151/820/794
f 674/821/795 675/822/796 546/823/797 545/824/798
f 280/780/759 281/825/799 213/826/800 211/781/760
f 697/451/435 698/775/754 569/778/757 568/452/436
f 343/827/801 344/828/802 312/829/803 311/830/804
f 259/831/805 260/832/806 191/833/807 190/834/808
f 637/835/773 1095/836/809 1093/837/428 640/838/810
f 2262/839/811 2259/730/709 134/733/712 135/840/812
f 2283/841/813 2354/842/814 142/843/815 143/844/816
f 851/845/817 849/846/818 759/847/819 760/848/820
f 142/843/815 141/668/647 109/849/644 110/850/639
f 2555/810/444 2554/809/443 24/851/252 25/852/238
f 271/853/821 272/854/822 203/855/823 202/856/824
f 2342/857/825 2338/684/663 159/687/666 160/858/826
f 1264/859/827 480/860/828 479/861/829 1270/862/830
f 2266/712/691 2262/839/811 135/840/812 136/713/692
f 2392/439/423 2391/863/831 171/625/604 170/440/424
f 187/864/832 258/865/833 189/866/834 188/867/835
f 1489/411/400 1486/868/836 1563/869/763 1562/412/401
f 1513/870/837 1510/871/838 1551/872/474 1550/873/839
f 1537/874/840 1534/875/841 1538/876/428 1539/877/429
f 2318/878/842 2314/879/843 153/880/844 154/881/845
f 611/882/483 1148/883/433 1147/884/846 612/885/415
f 827/886/847 825/887/848 743/888/849 744/889/850
f 1504/890/851 204/891/852 205/892/853 1503/893/854
f 148/790/768 2298/789/767 2294/894/855 147/895/856
f 663/896/764 662/897/762 533/898/857 534/899/858
f 2311/741/720 234/740/719 235/721/700 2307/720/699
f 670/900/859 667/901/771 538/902/860 541/903/861
f 84/632/611 2441/904/862 2443/905/863 85/629/608
f 818/906/864 816/907/865 737/908/866 738/909/867
f 143/844/816 142/843/815 110/850/639 111/910/638
f 268/747/726 269/911/868 200/912/869 199/748/727
f 250/743/722 251/696/675 2263/697/676 2267/744/723
f 2202/913/52 2201/914/50 2233/915/870 2234/916/871
f 2254/791/769 2250/917/872 131/918/873 132/792/770
f 352/919/874 321/920/875 289/921/876 320/922/877
f 1533/923/878 1530/924/879 1541/925/880 1540/926/809
f 275/927/881 276/811/785 207/814/788 206/928/882
f 351/929/883 352/919/874 320/922/877 319/930/884
f 137/710/689 136/713/692 104/931/885 105/932/886
f 2287/708/687 2350/933/887 144/934/888 145/709/688
f 2354/842/814 2359/669/648 141/668/647 142/843/815
f 1534/875/841 1533/923/878 1540/926/809 1538/876/428
f 159/687/666 158/686/665 126/935/602 127/936/581
f 686/937/889 692/938/890 563/939/891 557/759/738
f 274/940/892 275/927/881 206/928/882 205/941/853
f 1492/942/893 210/943/761 211/944/760 1491/945/894
f 1500/946/895 206/947/882 207/948/788 1499/949/896
f 2331/751/730 229/750/729 230/762/741 2327/761/740
f 2279/670/649 2362/950/897 139/951/898 140/671/650
f 864/952/899 860/953/900 766/954/901 769/955/902
f 1479/956/903 218/957/904 219/958/905 1476/959/906
f 1475/960/907 220/961/908 188/962/835 1536/963/909
f 989/964/910 715/965/911 735/966/912 978/967/913
f 338/968/914 339/969/915 307/970/916 306/971/917
f 193/972/918 194/973/919 1524/974/920 1527/975/921
f 2299/727/706 238/726/705 239/753/732 2295/752/731
f 144/934/888 2350/933/887 2283/841/813 143/844/816
f 208/976/787 209/977/922 1495/978/923 1496/979/924
f 1491/945/894 211/944/760 213/980/800 1488/981/925
f 513/982/470 768/428/412 767/427/411 514/983/926
f 1516/984/927 198/985/728 199/986/727 1515/987/928
f 202/988/824 203/989/823 1507/990/929 1508/991/930
f 152/992/931 2310/993/932 2306/817/791 151/820/794
f 140/671/650 139/951/898 107/994/629 108/995/628
f 138/996/933 2274/997/934 2270/711/690 137/710/689
f 983/998/935 727/999/936 729/1000/937 981/1001/938
f 154/881/845 122/1002/939 123/1003/940 155/729/708
f 196/1004/398 197/1005/397 1519/1006/941 1520/1007/942
f 194/973/919 195/1008/943 1523/1009/944 1524/974/920
f 209/977/922 210/943/761 1492/942/893 1495/978/923
f 415/1010/945 1305/1011/946 1309/1012/947 416/1013/948
f 506/1014/949 1069/1015/950 1072/1016/951 507/1017/952
f 1514/1018/953 1513/870/837 1550/873/839 1549/1019/954
f 213/980/800 214/1020/955 1487/1021/956 1488/981/925
f 203/989/823 204/891/852 1504/890/851 1507/990/929
f 2303/818/792 2346/788/766 149/787/765 150/819/793
f 1511/1022/957 201/1023/958 202/988/824 1508/991/930
f 2334/685/664 2330/703/682 157/702/681 158/686/665
f 2243/1024/790 2342/857/825 160/858/826 129/1025/406
f 786/1026/959 782/676/655 714/679/658 717/1027/960
f 217/389/378 218/957/904 1479/956/903 1480/390/379
f 91/646/625 2455/1028/961 2457/1029/962 92/645/624
f 219/958/905 220/961/908 1475/960/907 1476/959/906
f 197/1005/397 198/985/728 1516/984/927 1519/1006/941
f 2322/728/707 2318/878/842 154/881/845 155/729/708
f 90/1030/963 2453/1031/964 2455/1028/961 91/646/625
f 214/1020/955 215/1032/965 1484/1033/966 1487/1021/956
f 200/1034/869 201/1023/958 1511/1022/957 1512/1035/967
f 255/674/653 256/1036/968 2247/1037/969 2251/736/715
f 215/1032/965 216/388/377 1483/391/380 1484/1033/966
f 1532/1038/970 190/1039/808 191/1040/807 1531/1041/971
f 192/1042/972 193/972/918 1527/975/921 1528/1043/973
f 345/1044/974 346/1045/975 314/1046/976 313/1047/977
f 189/1048/834 190/1039/808 1532/1038/970 1535/1049/978
f 1536/1050/909 188/1051/835 189/1048/834 1535/1049/978
f 256/1036/968 257/1052/979 2242/1053/980 2247/1037/969
f 2250/917/872 2246/815/789 130/418/405 131/918/873
f 147/895/856 2294/894/855 2290/707/686 146/706/685
f 1485/1054/981 1482/1055/982 1565/1056/383 1564/1057/384
f 1840/808/784 1838/1058/983 2553/1059/984 2554/809/443
f 1503/893/854 205/892/853 206/947/882 1500/946/895
f 1478/1060/985 1477/1061/986 1568/1062/432 1567/1063/433
f 1523/1009/944 195/1008/943 196/1004/398 1520/1007/942
f 207/948/788 208/976/787 1496/979/924 1499/949/896
f 139/951/898 2362/950/897 2274/997/934 138/996/933
f 982/1064/987 730/1065/988 715/965/911 989/964/910
f 1180/1066/989 457/1067/990 464/1068/991 1184/1069/992
f 1515/987/928 199/986/727 200/1034/869 1512/1035/967
f 1574/1070/993 1575/1071/994 231/756/735 230/762/741
f 1599/673/652 1600/1072/995 256/1036/968 255/674/653
f 236/722/701 1580/1073/996 1581/1074/997 237/725/704
f 251/696/675 1595/1075/998 1596/1076/999 252/692/671
f 1570/1077/1000 1571/1078/1001 227/698/677 226/1079/1002
f 1577/1080/1003 1578/1081/1004 234/740/719 233/739/718
f 1601/1082/1005 1570/1077/1000 226/1079/1002 257/1083/979
f 1593/273/266 1594/1084/1006 250/743/722 249/274/267
f 236/722/701 237/725/704 2347/724/703 2302/723/702
f 238/726/705 1582/1085/1007 1583/1086/1008 239/753/732
f 1576/1087/1009 1577/1080/1003 233/739/718 232/754/733
f 242/714/693 1586/1088/1010 1587/1089/1011 243/680/659
f 1571/1078/1001 1572/1090/1012 228/699/678 227/698/677
f 235/721/700 1579/1091/1013 1580/1073/996 236/722/701
f 247/717/696 1591/1092/1014 1592/272/265 248/271/264
f 2764/1093/1015 2773/1094/1016 2774/1095/1017 2765/1096/456
f 1600/1072/995 1601/1097/1005 257/1052/979 256/1036/968
f 240/689/668 1584/1098/1018 1585/1099/1019 241/690/669
f 239/753/732 1583/1086/1008 1584/1098/1018 240/689/668
f 1596/1076/999 1597/1100/1020 253/693/672 252/692/671
f 245/734/713 1589/1101/1021 1590/1102/1022 246/716/695
f 237/725/704 1581/1074/997 1582/1085/1007 238/726/705
f 231/756/735 1575/1071/994 1576/1087/1009 232/754/733
f 243/680/659 1587/1089/1011 1588/1103/1023 244/681/660
f 246/716/695 1590/1102/1022 1591/1092/1014 247/717/696
f 1572/1090/1012 1573/1104/1024 229/750/729 228/699/678
f 234/740/719 1578/1081/1004 1579/1091/1013 235/721/700
f 2529/1105/1025 320/1106/877 289/1107/876 2498/1108/1026
f 1410/1109/1027 1409/1110/1028 2513/1111/1029 2514/1112/1030
f 1403/1113/1031 2510/1114/1032 2511/1115/1033 1404/1116/1034
f 2505/1117/1035 296/1118/1036 297/1119/1037 2506/1120/1038
f 1404/1116/1034 2511/1115/1033 2512/1121/1039 1406/1122/1040
f 2524/1123/1041 2523/1124/1042 314/1125/976 315/1126/1043
f 1398/1127/1044 1397/1128/1045 2507/1129/1046 2508/1130/1047
f 2500/1131/1048 291/1132/1049 292/1133/1050 2501/1134/1051
f 2516/1135/1052 2515/1136/1053 306/1137/917 307/1138/916
f 1413/1139/1054 2515/1136/1053 2516/1135/1052 1415/1140/1055
f 1410/1109/1027 2514/1112/1030 2515/1136/1053 1413/1139/1054
f 2511/1115/1033 302/1141/1056 303/1142/4 2512/1121/1039
f 2503/1143/1057 294/1144/1058 295/1145/1059 2504/1146/1060
f 1422/1147/1061 1421/1148/1062 2519/1149/1063 2520/1150/1064
f 1397/1128/1045 1395/1151/1065 2506/1120/1038 2507/1129/1046
f 2508/1130/1047 2507/1129/1046 298/1152/388 299/1153/387
f 2520/1150/1064 311/1154/804 312/1155/803 2521/1156/1066
f 2519/1149/1063 310/1157/1067 311/1154/804 2520/1150/1064
f 2527/1158/1068 2526/1159/1069 317/1160/1070 318/1161/1071
f 1441/1162/1072 1438/1163/1073 2528/1164/1074 2529/1105/1025
f 1389/1165/1075 2503/1143/1057 2504/1146/1060 1390/1166/1076
f 1409/1110/1028 1406/1122/1040 2512/1121/1039 2513/1111/1029
f 2529/1105/1025 2528/1164/1074 319/1167/884 320/1106/877
f 1381/1168/1077 2499/1169/1078 2500/1131/1048 1383/1170/1079
f 1393/1171/1080 1390/1166/1076 2504/1146/1060 2505/1117/1035
f 1432/1172/1081 1431/1173/1082 2524/1123/1041 2525/1174/1083
f 2513/1111/1029 2512/1121/1039 303/1142/4 304/1175/3
f 2507/1129/1046 2506/1120/1038 297/1119/1037 298/1152/388
f 2521/1156/1066 312/1155/803 313/1176/977 2522/1177/1084
f 260/832/806 1469/1178/1085 1468/1179/1086 261/1180/1087
f 278/1181/1088 1451/1182/1089 1450/1183/1090 279/779/758
f 288/1184/1091 1471/1185/1092 1472/1186/1093 187/1187/832
f 259/831/805 1470/1188/1094 1469/1178/1085 260/832/806
f 286/1189/1095 1443/1190/1096 1442/1191/1097 287/1192/1098
f 277/812/786 276/811/785 1453/1193/1099 1452/1194/1100
f 262/1195/1101 1467/1196/1102 1466/764/743 263/763/742
f 274/940/892 1455/1197/1103 1454/1198/1104 275/927/881
f 281/825/799 1448/1199/1105 1447/1200/1106 282/1201/1107
f 280/780/759 1449/1202/1108 1448/1199/1105 281/825/799
f 267/746/725 266/407/396 1463/1203/1109 1462/1204/1110
f 2314/879/843 2310/993/932 152/992/931 153/880/844
f 2514/1112/1030 305/1205/1111 306/1137/917 2515/1136/1053
f 284/1206/1112 1445/1207/1113 1444/1208/1114 285/1209/1115
f 258/865/833 1473/1210/1116 1470/1188/1094 259/831/805
f 266/407/396 265/406/395 1464/1211/1117 1463/1203/1109
f 264/766/745 1465/765/744 1464/1211/1117 265/406/395
f 282/1201/1107 1447/1200/1106 1446/1212/1118 283/1213/1119
f 268/747/726 1461/1214/1120 1460/1215/1121 269/911/868
f 288/1184/1091 287/1192/1098 1442/1191/1097 1471/1185/1092
f 267/746/725 1462/1204/1110 1461/1214/1120 268/747/726
f 284/1206/1112 283/1213/1119 1446/1212/1118 1445/1207/1113
f 273/1216/1122 272/854/822 1457/1217/1123 1456/1218/1124
f 269/911/868 1460/1215/1121 1459/1219/1125 270/1220/1126
f 1441/1162/1072 2529/1105/1025 2498/1108/1026 1378/1221/1127
f 334/1222/1128 1368/1223/1129 1372/1224/1130 335/1/1
f 333/1225/1131 1367/1226/1132 1368/1223/1129 334/1222/1128
f 325/1227/1133 324/1228/1134 1329/1229/1135 1315/1230/1136
f 328/1231/1137 1335/1232/1138 1336/1233/1139 329/1234/1140
f 341/1235/1141 1358/1236/1142 1331/1237/1143 342/1238/1144
f 326/1239/1145 1316/1240/1146 1318/1241/1147 327/1242/1148
f 339/969/915 338/968/914 1353/1243/1149 1339/1244/1150
f 321/1245/875 1325/1246/1151 1326/1247/1152 322/1248/1153
f 330/396/385 329/1234/1140 1336/1233/1139 1377/1249/1154
f 322/1248/1153 1326/1247/1152 1351/1250/1155 323/1251/1156
f 337/1252/1157 336/2/2 1347/1253/1158 1348/1254/1159
f 350/1255/1160 349/1256/1161 1322/1257/1162 1361/1258/1163
f 1354/1259/1164 378/1260/1165 379/1261/1166 1357/1262/1167
f 347/1263/1168 346/1045/975 1355/1264/1169 1356/1265/1170
f 1317/1266/1171 358/1267/1172 359/1268/1173 1319/1269/1174
f 1334/1270/1175 360/1271/1176 361/1272/1177 1337/1273/1178
f 349/1256/1161 348/1274/1179 1321/1275/1180 1322/1257/1162
f 352/919/874 1364/1276/1181 1325/1277/1151 321/920/875
f 1338/1278/1182 371/1279/1183 372/1280/1184 1341/1281/1185
f 1314/1282/1186 357/1283/1187 358/1267/1172 1317/1266/1171
f 343/827/801 342/1238/1144 1331/1237/1143 1332/1284/1188
f 336/2/2 335/1/1 1372/1224/1130 1347/1253/1158
f 1349/1285/1189 369/1286/1190 370/1287/1191 1352/1288/1192
f 332/1289/1193 1344/1290/1194 1367/1226/1132 333/1225/1131
f 1349/1285/1189 1346/1291/1195 368/1292/1196 369/1286/1190
f 1320/1293/1197 1357/1262/1167 379/1261/1166 380/1294/1198
f 1324/1295/1199 353/507/490 354/506/489 1327/1296/1200
f 325/1227/1133 1315/1230/1136 1316/1240/1146 326/1239/1145
f 1359/1297/1201 1341/1281/1185 372/1280/1184 373/1298/1202
f 352/919/874 351/929/883 1362/1299/1203 1364/1276/1181
f 328/1231/1137 327/1242/1148 1318/1241/1147 1335/1232/1138
f 1240/1300/1204 452/1301/1205 455/1302/1206 1245/1303/1207
f 970/1304/1208 751/1305/1209 752/1306/1210 971/1307/1211
f 349/1256/1161 350/1255/1160 318/1308/1071 317/1309/1070
f 656/1310/810 653/797/773 524/800/776 527/1311/1212
f 2187/1312/38 2186/1313/26 2218/1314/1213 2219/1315/1214
f 2200/1316/22 2199/1317/21 2231/1318/1215 2232/1319/1216
f 954/1320/1217 926/1321/1218 927/1322/1219 945/1323/1220
f 2378/1324/1221 2377/1325/1222 185/643/622 184/642/621
f 148/790/768 147/895/856 115/1326/576 116/1327/626
f 83/627/606 2439/1328/1223 2441/904/862 84/632/611
f 66/609/588 2405/1329/1224 2407/1330/1225 67/606/585
f 2551/1331/839 2550/491/474 20/1332/198 21/1333/197
f 336/2/2 337/1252/1157 305/1334/1111 304/3/3
f 1190/1335/1226 463/1336/1227 466/1337/1228 1195/1338/1229
f 792/1339/1230 788/1340/1231 718/1341/1232 721/1342/1233
f 2196/1343/68 2195/1344/29 2227/1345/1234 2228/1346/1235
f 149/787/765 148/790/768 116/1327/626 117/1347/1236
f 154/881/845 153/880/844 121/1348/1237 122/1002/939
f 1846/415/404 1844/1349/1238 2556/1350/1239 2557/416/393
f 2552/1351/954 2551/1331/839 21/1333/197 22/1352/248
f 394/1353/1240 1199/1354/1241 1205/1355/1242 395/1356/1243
f 1498/1357/1244 1497/1358/1245 1558/1359/1017 1557/1360/456
f 2208/1361/56 2207/1362/12 2239/1363/1246 2240/1364/1247
f 374/1365/1248 373/1298/1202 405/1366/1249 406/1367/1250
f 1234/1368/1251 453/1369/1252 452/1301/1205 1240/1300/1204
f 1289/1370/1253 459/1371/1254 470/1372/1255 1295/1373/1256
f 1170/1374/1257 456/1375/1258 458/1376/1259 1174/1377/1260
f 2203/1378/47 2202/913/52 2234/916/871 2235/1379/1261
f 2205/1380/44 2204/1381/48 2236/1382/1262 2237/1383/1263
f 846/1384/1264 842/1385/1265 754/1386/1266 757/1387/1267
f 380/1294/1198 379/1261/1166 411/1388/1268 412/1389/1269
f 472/1390/1270 934/770/749 957/1391/1271 471/1392/1272
f 932/1393/1273 956/1394/1274 475/1395/1275 476/1396/1276
f 442/1397/1277 895/1398/1278 870/1399/1279 441/1400/1280
f 461/1401/1281 952/1402/1282 930/1403/1283 480/1404/828
f 420/1405/1284 891/1406/1285 894/1407/1286 419/1408/1287
f 939/1409/1288 952/1402/1282 461/1401/1281 462/1410/1289
f 1911/1411/1290 27/1412/1291 26/243/237 1909/242/236
f 426/1413/1292 427/1414/1293 885/1415/1294 886/1416/1295
f 942/1417/1296 941/1418/1297 458/1419/1259 456/1420/1258
f 445/1421/1298 869/1422/1299 872/1423/1300 444/1424/1301
f 460/1425/1302 940/1426/1303 948/1427/1304 459/1428/1254
f 949/1429/1305 933/1430/1306 474/1431/419 477/1432/1307
f 418/1433/1308 419/1408/1287 894/1407/1286 897/1434/1309
f 960/1435/1310 938/1436/1311 464/1437/991 457/1438/990
f 417/1439/1312 866/1440/1313 867/1441/1314 448/1442/1315
f 452/1443/1205 944/1444/1316 943/1445/1317 455/1446/1206
f 418/1433/1308 897/1434/1309 866/1447/1313 417/1448/1312
f 447/1449/1318 896/1450/1319 868/1451/1320 446/1452/1321
f 464/1437/991 938/1436/1311 959/1453/1322 463/1454/1227
f 1614/377/368 1789/386/375 1807/387/376 1809/378/369
f 423/1455/1323 888/1456/1324 889/1457/1325 422/1458/1326
f 444/1424/1301 872/1423/1300 873/1459/1327 443/1460/1328
f 431/1461/1329 884/1462/1330 882/1463/1331 430/1464/1332
f 450/1465/1333 469/1466/1334 950/771/750 951/774/753
f 434/1467/1335 880/1468/1336 879/1469/1337 433/1470/1338
f 421/1471/1339 422/1458/1326 889/1457/1325 890/1472/1340
f 441/1400/1280 870/1399/1279 871/1473/1341 440/1474/1342
f 450/1465/1333 951/774/753 932/1393/1273 476/1396/1276
f 424/1475/1343 892/1476/1344 888/1456/1324 423/1455/1323
f 947/767/746 934/770/749 472/1390/1270 449/1477/1345
f 430/1464/1332 882/1463/1331 883/1478/1346 429/1479/1347
f 447/1449/1318 448/1442/1315 867/1441/1314 896/1450/1319
f 419/1408/1287 776/1480/1348 779/1481/1349 420/1405/1284
f 388/1482/1350 1169/1483/1351 1175/1484/1352 389/1485/1353
f 2184/1486/36 2183/1487/35 2215/1488/1354 2216/1489/1355
f 766/1490/901 992/1491/1356 962/426/410 769/1492/902
f 734/1493/1357 980/1494/1358 974/1495/1359 737/1496/866
f 726/1497/1360 982/1064/987 989/964/910 728/1498/1361
f 709/1499/1362 993/1500/1363 990/1501/1364 711/1502/1365
f 718/1503/1232 985/1504/1366 988/1505/1367 721/1506/1233
f 706/1507/1368 769/1492/902 962/426/410 963/429/413
f 749/1508/1369 746/1509/1370 977/1510/1371 970/1304/1208
f 754/1511/1266 753/1512/1372 966/1513/1373 967/1514/1374
f 743/1515/849 972/1516/1375 973/1517/1376 744/1518/850
f 725/1519/1377 981/1001/938 982/1064/987 726/1497/1360
f 721/1506/1233 988/1505/1367 983/998/935 723/1520/1378
f 760/1521/820 969/1522/1379 964/1523/1380 763/1524/1381
f 766/1490/901 764/1525/1382 965/1526/1383 992/1491/1356
f 718/1503/1232 717/1527/960 984/1528/1384 985/1504/1366
f 757/1529/1267 991/1530/1385 968/1531/1386 759/1532/819
f 440/1474/1342 839/1533/1387 843/1534/1388 441/1400/1280
f 417/1448/1312 771/1535/1389 773/1536/1390 418/1433/1308
f 423/1455/1323 789/1537/1391 791/1538/1392 424/1475/1343
f 433/1470/1338 819/1539/1393 821/1540/1394 434/1467/1335
f 435/1541/1395 824/1542/1396 828/1543/1397 436/1544/1398
f 430/1464/1332 810/1545/1399 813/1546/1400 431/1461/1329
f 433/1470/1338 432/1547/1401 815/1548/1402 819/1539/1393
f 737/1496/866 974/1495/1359 975/1549/1403 738/1550/867
f 446/1452/1321 445/1421/1298 854/1551/1404 858/1552/1405
f 445/1421/1298 444/1424/1301 852/1553/1406 854/1551/1404
f 432/1547/1401 431/1461/1329 813/1546/1400 815/1548/1402
f 437/1554/1407 436/1544/1398 828/1543/1397 831/1555/1408
f 448/1442/1315 447/1449/1318 861/1556/1409 863/1557/1410
f 429/1479/1347 806/1558/1411 810/1545/1399 430/1464/1332
f 434/1467/1335 821/1540/1394 824/1542/1396 435/1541/1395
f 439/1559/1412 438/1560/1413 833/1561/1414 837/1562/1415
f 423/1455/1323 422/1458/1326 785/1563/1416 789/1537/1391
f 448/1442/1315 863/1557/1410 771/1564/1389 417/1439/1312
f 422/1458/1326 421/1471/1339 783/1565/1417 785/1563/1416
f 439/1559/1412 837/1562/1415 839/1533/1387 440/1474/1342
f 443/1460/1328 442/1397/1277 845/1566/1418 848/1567/1419
f 437/1554/1407 831/1555/1408 833/1561/1414 438/1560/1413
f 419/1408/1287 418/1433/1308 773/1536/1390 776/1480/1348
f 424/1475/1343 791/1538/1392 794/1568/1420 425/1569/1421
f 741/1570/1422 976/1571/1423 972/1516/1375 743/1515/849
f 426/1413/1292 425/1569/1421 794/1568/1420 797/1572/1424
f 446/1452/1321 858/1552/1405 861/1556/1409 447/1449/1318
f 427/1414/1293 801/1573/1425 804/1574/1426 428/1575/1427
f 442/1397/1277 441/1400/1280 843/1534/1388 845/1566/1418
f 444/1424/1301 443/1460/1328 848/1567/1419 852/1553/1406
f 421/1471/1339 420/1405/1284 779/1481/1349 783/1565/1417
f 427/1414/1293 426/1413/1292 797/1572/1424 801/1573/1425
f 2910/1576/1428 2882/1577/1428 2890/1578/1428 2898/1579/1428
f 1042/1580/1429 1123/1581/1430 1124/1582/1431 1046/1583/1432
f 990/1501/1364 712/1584/1433 719/1585/1434 986/1586/1435
f 511/463/447 510/1587/1436 1082/1588/1437 1085/464/448
f 972/1516/1375 747/1589/1438 748/1590/1439 973/1517/1376
f 1184/1069/992 464/1068/991 463/1336/1227 1190/1335/1226
f 500/1591/1440 1052/1592/1441 1055/1593/1442 501/1594/1443
f 652/798/774 657/1595/1444 528/1596/1445 523/799/775
f 630/461/445 1107/460/444 1105/1597/1239 635/1598/1446
f 486/1599/1447 485/1600/1448 1007/1601/1449 1009/1602/1450
f 487/1603/1451 486/1599/1447 1009/1602/1450 1013/1604/1452
f 615/1605/414 1144/1606/383 1143/1607/384 616/1608/1453
f 485/1600/1448 484/1609/1454 1003/1610/1455 1007/1601/1449
f 937/1611/1456 905/1612/1457 904/1613/1458 931/1614/1459
f 488/1615/1460 487/1603/1451 1013/1604/1452 1015/1616/1461
f 976/1571/1423 740/1617/1462 747/1589/1438 972/1516/1375
f 484/1609/1454 483/1618/1463 1000/1619/1464 1003/1610/1455
f 1838/1058/983 1836/1620/1465 2552/1351/954 2553/1059/984
f 965/1526/1383 765/1621/1466 708/1622/1467 992/1491/1356
f 494/1623/1468 1034/1624/1469 1037/1625/1470 495/1626/1471
f 493/1627/1472 1030/1628/1473 1034/1624/1469 494/1623/1468
f 495/1626/1471 1037/1625/1470 1039/1629/1474 496/760/739
f 3004/1630/1475 2995/1631/1476 3001/1632/1477 3005/1633/1478
f 628/1634/1479 1110/1635/984 1109/459/443 629/458/442
f 1826/331/322 1824/1636/1480 2546/1637/1481 2547/332/323
f 483/1618/1463 482/1638/1482 997/1639/1483 1000/1619/1464
f 510/1587/1436 509/1640/1484 1078/1641/1485 1082/1588/1437
f 481/1642/1486 512/462/446 1087/465/449 995/1643/1487
f 1497/1358/1245 1494/1644/1488 1559/1645/1489 1558/1359/1017
f 503/1646/1490 1061/1647/1491 1063/1648/1492 504/1649/1493
f 1850/1650/1494 1848/414/403 2558/417/394 2559/1651/1495
f 498/499/482 1045/498/481 1048/1652/1496 499/1653/1497
f 700/1654/1498 696/450/434 567/453/437 571/1655/1499
f 489/1656/1500 1018/1657/1501 1021/1658/1502 490/1659/1503
f 1073/1660/1504 1070/1661/1505 1140/1662/1506 1142/1663/1507
f 1024/1664/1508 1022/1665/1509 1108/1666/1510 1111/1667/1511
f 1075/1668/1512 1073/1660/1504 1142/1663/1507 1145/1669/1513
f 1054/1670/1514 1131/1671/1515 1132/1672/1516 1058/1673/1517
f 1012/1674/1518 1010/1675/1519 1100/1676/1520 1103/1677/1521
f 1079/1678/1522 1075/1668/1512 1145/1669/1513 1146/1679/1523
f 1081/1680/1524 1079/1678/1522 1146/1679/1523 1149/1681/1525
f 1001/1682/1526 998/1683/1527 1092/1684/1528 1094/1685/1529
f 1016/1686/1530 1104/1687/1531 1106/1688/1532 1019/1689/1533
f 1042/1580/1429 1040/1690/1534 1120/521/504 1123/1581/1430
f 1060/1691/1535 1135/1692/1536 1136/1693/1537 1064/1694/1538
f 1081/1680/1524 1149/1681/1525 1151/1695/1539 1084/1696/1540
f 1046/1583/1432 1124/1582/1431 1126/1697/1541 1049/1698/1542
f 1027/1699/1543 1113/1700/1544 1114/1701/1545 1031/1702/1546
f 1001/1682/1526 1094/1685/1529 1096/1703/1547 1004/1704/1548
f 1088/1705/1549 1152/1706/1550 1091/1707/1551 994/1708/1552
f 1031/1702/1546 1114/1701/1545 1117/1709/1553 1033/1710/1554
f 1040/1690/1534 1036/1711/1555 1119/518/501 1120/521/504
f 1049/1698/1542 1126/1697/1541 1129/1712/1556 1051/1713/1557
f 1051/1713/1557 1129/1712/1556 1131/1671/1515 1054/1670/1514
f 1033/1710/1554 1117/1709/1553 1119/518/501 1036/1711/1555
f 1010/1675/1519 1006/1714/1558 1099/1715/1559 1100/1676/1520
f 1022/1665/1509 1019/1689/1533 1106/1688/1532 1108/1666/1510
f 1088/1705/1549 1084/1696/1540 1151/1695/1539 1152/1706/1550
f 1027/1699/1543 1024/1664/1508 1111/1667/1511 1113/1700/1544
f 1016/1686/1530 1012/1674/1518 1103/1677/1521 1104/1687/1531
f 1070/1661/1505 1066/1716/1560 1139/1717/1561 1140/1662/1506
f 2072/126/122 1999/174/170 1987/171/167 2066/127/123
f 994/1718/1552 1091/1719/1551 1092/1684/1528 998/1683/1527
f 1064/1694/1538 1136/1693/1537 1139/1717/1561 1066/1716/1560
f 598/1720/1562 618/1721/1563 624/1722/1564 597/1723/1565
f 587/1724/1566 628/1634/1479 629/458/442 586/1725/1567
f 705/1726/1568 702/1727/1569 670/900/859 673/485/468
f 683/1728/439 651/474/458 657/1595/1444 689/1729/777
f 691/1730/780 659/431/415 669/430/414 701/1731/1570
f 684/1732/1571 689/1729/777 657/1595/1444 652/798/774
f 688/1733/1572 685/1734/1573 653/797/773 656/1310/810
f 674/1735/795 642/1736/64 643/1737/65 675/1738/796
f 678/1739/1574 646/1740/445 647/1741/1446 679/1742/1575
f 596/1743/1576 619/793/771 620/796/772 595/1744/1577
f 701/1731/1570 669/430/414 661/1745/1453 693/1746/1578
f 688/1733/1572 656/1310/810 655/493/476 687/1747/1579
f 637/835/773 640/838/810 578/1748/1580 579/1749/1581
f 696/1750/434 664/1751/1582 665/1752/1563 697/1753/435
f 639/1754/1583 611/882/483 606/1755/1584 607/1756/1585
f 638/783/762 613/786/764 601/1757/1586 602/1758/1587
f 695/1759/1588 663/896/764 668/1760/1589 700/1761/1498
f 599/1762/1590 617/1763/1582 618/1721/1563 598/1720/1562
f 694/1764/1591 662/897/762 663/896/764 695/1759/1588
f 681/1765/1592 649/1766/1479 671/1767/442 703/1768/1593
f 704/1769/1594 675/1738/796 643/1737/65 672/1770/1595
f 615/1605/414 616/1608/1453 603/1771/1596 604/1772/1597
f 697/1753/435 665/1752/1563 666/1773/1564 698/1774/754
f 683/1728/439 682/1775/438 650/475/459 651/474/458
f 676/1776/1598 644/1777/1599 645/1778/1600 677/1779/1601
f 681/1765/1592 680/1780/1602 648/1781/1603 649/1766/1479
f 704/1769/1594 672/1770/1595 644/1777/1599 676/1776/1598
f 700/1761/1498 668/1760/1589 664/1751/1582 696/1750/434
f 631/1782/459 632/1783/458 582/1784/1604 583/1785/1605
f 699/1786/755 667/901/771 670/900/859 702/1727/1569
f 597/1723/1565 624/1722/1564 619/793/771 596/1743/1576
f 595/1744/1577 620/796/772 623/1787/468 594/1788/1606
f 1200/1789/1607 478/1790/1608 477/1791/1307 1204/1792/1609
f 499/1653/1497 1048/1652/1496 1052/1592/1441 500/1591/1440
f 1274/1793/1610 465/1794/1611 451/1795/1612 1280/1796/1613
f 3009/1797/1614 3003/1798/1615 2999/1799/1616 2998/1800/1617
f 769/955/902 706/1801/1368 770/1802/1618 864/952/899
f 985/1504/1366 724/1803/1619 716/1804/1620 988/1505/1367
f 984/1528/1384 722/1805/1621 724/1803/1619 985/1504/1366
f 969/1522/1379 756/1806/1622 762/1807/1623 964/1523/1380
f 967/1514/1374 761/1808/1624 710/1809/1625 991/1530/1385
f 966/1513/1373 758/1810/1626 761/1808/1624 967/1514/1374
f 1304/1811/1627 450/1812/1333 476/1813/1276 1310/1814/1628
f 501/1594/1443 1055/1593/1442 1057/1815/1629 502/1816/1630
f 979/1817/1631 736/1818/1632 733/1819/1633 980/1494/1358
f 1270/862/830 479/861/829 465/1794/1611 1274/1793/1610
f 964/1523/1380 762/1807/1623 765/1621/1466 965/1526/1383
f 959/1453/1322 920/1820/1634 905/1612/1457 937/1611/1456
f 981/1001/938 729/1000/937 730/1065/988 982/1064/987
f 1505/1821/1635 1502/1822/1636 1555/1823/1481 1554/1824/323
f 963/1825/413 768/1826/412 707/1827/1637 993/1500/1363
f 261/1180/1087 262/1195/1101 193/1828/918 192/1829/972
f 69/651/630 2411/1830/1638 2413/1831/1639 70/652/631
f 993/1500/1363 707/1827/1637 712/1584/1433 990/1501/1364
f 618/1721/1563 1133/1832/1489 1130/1833/1017 624/1722/1564
f 991/1530/1385 710/1809/1625 755/1834/1640 968/1531/1386
f 977/1510/1371 739/1835/1641 751/1305/1209 970/1304/1208
f 482/1638/1482 481/1836/1486 995/1837/1487 997/1639/1483
f 978/967/913 735/966/912 736/1818/1632 979/1817/1631
f 378/1260/1165 377/1838/1642 409/1839/1643 410/1840/1644
f 968/1531/1386 755/1834/1640 756/1806/1622 969/1522/1379
f 986/1586/1435 719/1585/1434 720/1841/1645 987/1842/1646
f 825/887/848 822/1843/1647 741/1844/1422 743/888/849
f 804/1574/1426 801/1573/1425 802/1845/1648 805/1846/1649
f 838/1847/1650 835/1848/1651 834/1849/1652 836/1850/1653
f 863/1557/1410 861/1556/1409 862/1851/1654 865/1852/1655
f 826/1853/1656 823/1854/1657 822/1843/1647 825/887/848
f 831/1555/1408 832/1855/1658 835/1848/1651 833/1561/1414
f 805/1846/1649 803/1856/1659 807/1857/1660 808/1858/1661
f 837/1562/1415 833/1561/1414 835/1848/1651 838/1847/1650
f 847/1859/1662 844/1860/1663 842/1385/1265 846/1384/1264
f 815/1548/1402 813/1546/1400 814/1861/1664 817/1862/1665
f 817/1862/1665 814/1861/1664 812/1863/1666 816/907/865
f 789/1537/1391 785/1563/1416 787/1864/1667 790/1865/1668
f 787/1864/1667 786/1026/959 788/1340/1231 790/1865/1668
f 863/1557/1410 865/1852/1655 772/1866/1669 771/1564/1389
f 802/1845/1648 799/1867/1670 798/1868/1671 800/1869/1672
f 838/1847/1650 836/1850/1653 840/1870/1673 841/1871/1674
f 781/1872/1675 779/1481/1349 776/1480/1348 778/1873/1676
f 858/1552/1405 854/1551/1404 856/1874/1677 859/1875/1678
f 778/1873/1676 775/1876/1679 774/1877/1680 777/1878/1681
f 819/1539/1393 820/1879/1682 823/1854/1657 821/1540/1394
f 772/1880/1669 770/1881/1618 774/1877/1680 775/1876/1679
f 862/1851/1654 861/1556/1409 858/1552/1405 859/1875/1678
f 781/1872/1675 780/677/656 782/676/655 784/1882/1683
f 784/1882/1683 787/1864/1667 785/1563/1416 783/1565/1417
f 860/953/900 862/1851/1654 859/1875/1678 857/1883/1684
f 845/1566/1418 843/1534/1388 844/1860/1663 847/1859/1662
f 1172/1884/1685 1173/1885/1686 1176/1886/1687 1177/1887/1688
f 824/1542/1396 826/1853/1656 829/1888/1689 828/1543/1397
f 859/1875/1678 856/1874/1677 855/1889/1690 857/1883/1684
f 776/1480/1348 773/1536/1390 775/1876/1679 778/1873/1676
f 782/676/655 786/1026/959 787/1864/1667 784/1882/1683
f 779/1481/1349 781/1872/1675 784/1882/1683 783/1565/1417
f 811/1890/1691 809/1891/1692 812/1863/1666 814/1861/1664
f 2944/1892/1693 2945/1893/1694 2869/1894/1695 2860/1895/1696
f 865/1852/1655 864/952/899 770/1802/1618 772/1866/1669
f 810/1545/1399 811/1890/1691 814/1861/1664 813/1546/1400
f 816/907/865 818/906/864 820/1879/1682 817/1862/1665
f 789/1537/1391 790/1865/1668 793/1896/1697 791/1538/1392
f 808/1858/1661 807/1857/1660 809/1891/1692 811/1890/1691
f 794/1568/1420 796/1897/1698 799/1867/1670 797/1572/1424
f 796/1897/1698 795/1898/1699 798/1868/1671 799/1867/1670
f 817/1862/1665 820/1879/1682 819/1539/1393 815/1548/1402
f 780/677/656 781/1872/1675 778/1873/1676 777/1878/1681
f 841/1871/1674 840/1870/1673 842/1385/1265 844/1860/1663
f 854/1551/1404 852/1553/1406 853/1899/1700 856/1874/1677
f 791/1538/1392 793/1896/1697 796/1897/1698 794/1568/1420
f 856/1874/1677 853/1899/1700 851/845/817 855/1889/1690
f 832/1855/1658 829/1888/1689 827/886/847 830/1900/1701
f 821/1540/1394 823/1854/1657 826/1853/1656 824/1542/1396
f 852/1553/1406 848/1567/1419 850/1901/1702 853/1899/1700
f 826/1853/1656 825/887/848 827/886/847 829/1888/1689
f 771/1535/1389 772/1880/1669 775/1876/1679 773/1536/1390
f 790/1865/1668 788/1340/1231 792/1339/1230 793/1896/1697
f 845/1566/1418 847/1859/1662 850/1901/1702 848/1567/1419
f 802/1845/1648 800/1869/1672 803/1856/1659 805/1846/1649
f 839/1533/1387 841/1871/1674 844/1860/1663 843/1534/1388
f 793/1896/1697 792/1339/1230 795/1898/1699 796/1897/1698
f 837/1562/1415 838/1847/1650 841/1871/1674 839/1533/1387
f 832/1855/1658 830/1900/1701 834/1849/1652 835/1848/1651
f 804/1574/1426 805/1846/1649 808/1858/1661 806/1558/1411
f 865/1852/1655 862/1851/1654 860/953/900 864/952/899
f 820/1879/1682 818/906/864 822/1843/1647 823/1854/1657
f 831/1555/1408 828/1543/1397 829/1888/1689 832/1855/1658
f 801/1573/1425 797/1572/1424 799/1867/1670 802/1845/1648
f 853/1899/1700 850/1901/1702 849/846/818 851/845/817
f 711/1502/1365 990/1501/1364 986/1586/1435 713/1902/657
f 408/1903/1703 407/1904/1704 1265/1905/1705 1269/1906/1706
f 393/1907/1707 392/1908/1708 1189/1909/1709 1194/1910/1710
f 397/1911/1711 396/1912/1712 1210/1913/1713 1214/1914/1714
f 410/1840/1644 1279/1915/1715 1284/1916/1716 411/1388/1268
f 406/1367/1250 1259/1917/1717 1265/1905/1705 407/1904/1704
f 389/1485/1353 1175/1484/1352 1179/1918/1718 390/1919/1719
f 404/1920/1720 403/1921/1721 1244/1922/1722 1250/1923/1723
f 399/1924/1724 1225/1925/1725 1229/1926/1726 400/1927/1727
f 398/1928/1728 397/1911/1711 1214/1914/1714 1220/1929/1729
f 409/1839/1643 1275/1930/1730 1279/1915/1715 410/1840/1644
f 386/509/492 385/508/491 1155/1931/1731 1159/1932/1732
f 402/1933/1733 1239/1934/1734 1244/1922/1722 403/1921/1721
f 385/1935/491 416/1013/948 1309/1012/947 1155/1936/1731
f 404/1920/1720 1250/1923/1723 1255/1937/1735 405/1366/1249
f 393/1907/1707 1194/1910/1710 1199/1354/1241 394/1353/1240
f 278/1181/1088 279/779/758 210/782/761 209/1938/922
f 396/1912/1712 395/1356/1243 1205/1355/1242 1210/1913/1713
f 406/1367/1250 405/1366/1249 1255/1937/1735 1259/1917/1717
f 402/1933/1733 401/1939/1736 1235/1940/1737 1239/1934/1734
f 412/1389/1269 1290/1941/1738 1294/1942/1739 413/1943/1740
f 2045/1944/1741 2043/156/152 1922/155/151 1924/1945/1742
f 400/1927/1727 1229/1926/1726 1235/1940/1737 401/1939/1736
f 398/1928/1728 1220/1929/1729 1225/1925/1725 399/1924/1724
f 388/1482/1350 387/1946/1743 1164/1947/1744 1169/1483/1351
f 409/1839/1643 408/1903/1703 1269/1906/1706 1275/1930/1730
f 415/1010/945 414/1948/1745 1300/1949/1746 1305/1011/946
f 386/509/492 1159/1932/1732 1164/1947/1744 387/1946/1743
f 413/1943/1740 1294/1942/1739 1300/1949/1746 414/1948/1745
f 390/1919/1719 1179/1918/1718 1185/1950/1747 391/1951/1748
f 391/1951/1748 1185/1950/1747 1189/1909/1709 392/1908/1708
f 411/1388/1268 1284/1916/1716 1290/1941/1738 412/1389/1269
f 959/1453/1322 937/1611/1456 466/1952/1228 463/1454/1227
f 956/1953/1274 936/1954/1749 468/1955/1750 475/1956/1275
f 882/1463/1331 914/768/747 911/1957/1751 883/1478/1346
f 930/1403/1283 953/1958/1752 479/1959/829 480/1404/828
f 467/1960/1753 946/1961/1754 942/1417/1296 456/1420/1258
f 893/1962/1755 883/1478/1346 911/1957/1751 912/1963/1756
f 888/1456/1324 918/1964/1757 916/1965/1758 889/1457/1325
f 893/1962/1755 912/1963/1756 923/1966/1759 885/1415/1294
f 880/1468/1336 877/1967/1760 903/1968/1761 917/1969/1762
f 471/1392/1272 957/1391/1271 958/1970/1763 453/1971/1252
f 878/1972/1764 879/1469/1337 928/1973/1765 919/1974/1766
f 878/1972/1764 919/1974/1766 913/769/748 884/1462/1330
f 468/1955/1750 936/1954/1749 946/1961/1754 467/1960/1753
f 873/1459/1327 872/1423/1300 900/1975/1767 901/1976/1768
f 875/1977/1769 874/1978/1770 922/1979/1771 924/1980/1772
f 451/1981/1612 465/1982/1611 954/1320/1217 945/1323/1220
f 884/1462/1330 913/769/748 914/768/747 882/1463/1331
f 891/1406/1285 907/1983/1773 906/1984/1774 894/1407/1286
f 955/1985/1775 947/767/746 449/1477/1345 473/1986/420
f 958/1970/1763 944/1444/1316 452/1443/1205 453/1971/1252
f 937/1611/1456 931/1614/1459 478/1987/1608 466/1952/1228
f 889/1457/1325 916/1965/1758 915/1988/1776 890/1472/1340
f 870/1399/1279 926/1321/1218 921/1989/1777 871/1473/1341
f 454/1990/1778 961/1991/1779 939/1409/1288 462/1410/1289
f 428/1575/1427 429/1479/1347 883/1478/1346 893/1962/1755
f 426/1413/1292 886/1416/1295 887/1992/1780 425/1569/1421
f 455/1446/1206 943/1445/1317 961/1991/1779 454/1990/1778
f 436/1544/1398 876/1993/1781 877/1967/1760 435/1541/1395
f 421/1471/1339 890/1472/1340 891/1406/1285 420/1405/1284
f 445/1421/1298 446/1452/1321 868/1451/1320 869/1422/1299
f 470/1994/1255 935/1995/1782 950/771/750 469/1466/1334
f 435/1541/1395 877/1967/1760 880/1468/1336 434/1467/1335
f 948/1427/1304 935/1995/1782 470/1994/1255 459/1428/1254
f 438/1560/1413 875/1977/1769 881/1996/1783 437/1554/1407
f 478/1987/1608 931/1614/1459 949/1429/1305 477/1432/1307
f 933/1430/1306 955/1985/1775 473/1986/420 474/1431/419
f 436/1544/1398 437/1554/1407 881/1996/1783 876/1993/1781
f 945/1323/1220 940/1426/1303 460/1425/1302 451/1981/1612
f 443/1460/1328 873/1459/1327 895/1398/1278 442/1397/1277
f 941/1418/1297 960/1435/1310 457/1438/990 458/1419/1259
f 438/1560/1413 439/1559/1412 874/1978/1770 875/1977/1769
f 425/1569/1421 887/1992/1780 892/1476/1344 424/1475/1343
f 440/1474/1342 871/1473/1341 874/1978/1770 439/1559/1412
f 431/1461/1329 432/1547/1401 878/1972/1764 884/1462/1330
f 428/1575/1427 893/1962/1755 885/1415/1294 427/1414/1293
f 980/1494/1358 733/1819/1633 745/1997/1784 974/1495/1359
f 133/732/711 132/792/770 100/1998/616 101/1999/589
f 657/1595/1444 651/474/458 522/477/461 528/1596/1445
f 932/1393/1273 909/2000/1785 899/2001/1786 956/1394/1274
f 933/1430/1306 912/1963/1756 911/1957/1751 955/1985/1775
f 934/770/749 913/769/748 919/1974/1766 957/1391/1271
f 935/1995/1782 929/2002/1787 925/772/751 950/771/750
f 953/1958/1752 921/1989/1777 926/1321/1218 954/1320/1217
f 281/825/799 282/1201/1107 214/2003/955 213/826/800
f 375/2004/1788 374/1365/1248 406/1367/1250 407/1904/1704
f 936/1954/1749 898/2005/1789 906/1984/1774 946/1961/1754
f 939/1409/1288 908/2006/1790 924/1980/1772 952/1402/1282
f 940/1426/1303 901/1976/1768 900/1975/1767 948/1427/1304
f 941/1418/1297 915/1988/1776 916/1965/1758 960/1435/1310
f 960/1435/1310 916/1965/1758 918/1964/1757 938/1436/1311
f 948/1427/1304 900/1975/1767 929/2002/1787 935/1995/1782
f 956/1953/1274 899/2007/1786 898/2005/1789 936/1954/1749
f 942/1417/1296 907/1983/1773 915/1988/1776 941/1418/1297
f 975/1549/1403 742/2008/1791 740/1617/1462 976/1571/1423
f 952/1402/1282 924/1980/1772 922/1979/1771 930/1403/1283
f 943/1445/1317 903/1968/1761 902/2009/1792 961/1991/1779
f 949/1429/1305 923/1966/1759 912/1963/1756 933/1430/1306
f 957/1391/1271 919/1974/1766 928/1973/1765 958/1970/1763
f 946/1961/1754 906/1984/1774 907/1983/1773 942/1417/1296
f 624/1722/1564 1130/1833/1017 1128/794/456 619/793/771
f 944/1444/1316 917/1969/1762 903/1968/1761 943/1445/1317
f 961/1991/1779 902/2009/1792 908/2006/1790 939/1409/1288
f 2974/2010/1793 2973/2011/1794 2957/2012/1795 2958/2013/1796
f 270/1220/1126 271/853/821 202/856/824 201/2014/958
f 974/1495/1359 745/1997/1784 742/2008/1791 975/1549/1403
f 509/1640/1484 508/2015/1797 1076/2016/1798 1078/1641/1485
f 951/774/753 910/773/752 909/2000/1785 932/1393/1273
f 871/1473/1341 921/1989/1777 922/1979/1771 874/1978/1770
f 881/1996/1783 908/2006/1790 902/2009/1792 876/1993/1781
f 870/1399/1279 895/1398/1278 927/1322/1219 926/1321/1218
f 866/1440/1313 899/2001/1786 909/2000/1785 867/1441/1314
f 876/1993/1781 902/2009/1792 903/1968/1761 877/1967/1760
f 897/1434/1309 898/2005/1789 899/2007/1786 866/1447/1313
f 869/1422/1299 929/2002/1787 900/1975/1767 872/1423/1300
f 873/1459/1327 901/1976/1768 927/1322/1219 895/1398/1278
f 887/1992/1780 905/1612/1457 920/1820/1634 892/1476/1344
f 896/1450/1319 867/1441/1314 909/2000/1785 910/773/752
f 869/1422/1299 868/1451/1320 925/772/751 929/2002/1787
f 897/1434/1309 894/1407/1286 906/1984/1774 898/2005/1789
f 886/1416/1295 904/1613/1458 905/1612/1457 887/1992/1780
f 888/1456/1324 892/1476/1344 920/1820/1634 918/1964/1757
f 890/1472/1340 915/1988/1776 907/1983/1773 891/1406/1285
f 880/1468/1336 917/1969/1762 928/1973/1765 879/1469/1337
f 896/1450/1319 910/773/752 925/772/751 868/1451/1320
f 886/1416/1295 885/1415/1294 923/1966/1759 904/1613/1458
f 754/1511/1266 967/1514/1374 991/1530/1385 757/1529/1267
f 741/1570/1422 738/1550/867 975/1549/1403 976/1571/1423
f 744/1518/850 973/1517/1376 977/1510/1371 746/1509/1370
f 749/1508/1369 970/1304/1208 971/1307/1211 750/2017/1799
f 709/1499/1362 706/2018/1368 963/1825/413 993/1500/1363
f 714/2019/658 987/1842/1646 984/1528/1384 717/1527/960
f 759/1532/819 968/1531/1386 969/1522/1379 760/1521/820
f 734/1493/1357 732/2020/1800 979/1817/1631 980/1494/1358
f 763/1524/1381 964/1523/1380 965/1526/1383 764/1525/1382
f 728/1498/1361 989/964/910 978/967/913 731/2021/1801
f 723/1520/1378 983/998/935 981/1001/938 725/1519/1377
f 713/1902/657 986/1586/1435 987/1842/1646 714/2019/658
f 732/2020/1800 731/2021/1801 978/967/913 979/1817/1631
f 1690/181/176 1678/180/175 1679/209/204 1691/208/203
f 753/1512/1372 750/2017/1799 971/1307/1211 966/1513/1373
f 1076/2016/1798 1072/1016/951 1074/2022/1802 1077/2023/1803
f 1089/2024/1804 1086/2025/1805 1084/1696/1540 1088/1705/1549
f 1055/1593/1442 1056/2026/1806 1059/2027/1807 1057/1815/1629
f 1026/2028/1808 1023/2029/1809 1022/1665/1509 1024/1664/1508
f 1015/1616/1461 1017/2030/1810 1020/2031/1811 1018/1657/1501
f 1041/2032/1812 1038/2033/1813 1036/1711/1555 1040/1690/1534
f 1072/1016/951 1069/1015/950 1071/2034/1814 1074/2022/1802
f 1083/2035/1815 1080/2036/1816 1079/1678/1522 1081/1680/1524
f 1045/498/481 1047/2037/1817 1050/2038/1818 1048/1652/1496
f 1084/1696/1540 1086/2025/1805 1083/2035/1815 1081/1680/1524
f 1052/1592/1441 1053/2039/1819 1056/2026/1806 1055/1593/1442
f 1080/2036/1816 1077/2023/1803 1075/1668/1512 1079/1678/1522
f 1025/2040/1820 1026/2028/1808 1029/2041/1821 1028/2042/1822
f 1026/2028/1808 1024/1664/1508 1027/1699/1543 1029/2041/1821
f 1062/2043/1823 1060/1691/1535 1064/1694/1538 1065/2044/1824
f 1043/497/480 1044/2045/1825 1047/2037/1817 1045/498/481
f 1028/2042/1822 1029/2041/1821 1032/2046/1826 1030/1628/1473
f 1065/2044/1824 1064/1694/1538 1066/1716/1560 1068/2047/1827
f 1048/1652/1496 1050/2038/1818 1053/2039/1819 1052/1592/1441
f 1047/2037/1817 1046/1583/1432 1049/1698/1542 1050/2038/1818
f 1057/1815/1629 1059/2027/1807 1062/2043/1823 1061/1647/1491
f 1056/2026/1806 1054/1670/1514 1058/1673/1517 1059/2027/1807
f 1069/1015/950 1067/2048/1828 1068/2047/1827 1071/2034/1814
f 1008/2049/1829 1005/2050/1830 1004/1704/1548 1006/1714/1558
f 1086/2025/1805 1085/464/448 1082/1588/1437 1083/2035/1815
f 1014/2051/1831 1011/2052/1832 1010/1675/1519 1012/1674/1518
f 1958/284/277 1950/296/289 1952/2053/1833 1960/2054/1834
f 1002/2055/1835 999/2056/1836 998/1683/1527 1001/1682/1526
f 1063/1648/1492 1065/2044/1824 1068/2047/1827 1067/2048/1828
f 1035/2057/1837 1033/1710/1554 1036/1711/1555 1038/2033/1813
f 1037/1625/1470 1038/2033/1813 1041/2032/1812 1039/1629/1474
f 1077/2023/1803 1074/2022/1802 1073/1660/1504 1075/1668/1512
f 1061/1647/1491 1062/2043/1823 1065/2044/1824 1063/1648/1492
f 996/2058/1838 994/1718/1552 998/1683/1527 999/2056/1836
f 1008/2049/1829 1011/2052/1832 1009/1602/1450 1007/1601/1449
f 1062/2043/1823 1059/2027/1807 1058/1673/1517 1060/1691/1535
f 1002/2055/1835 1005/2050/1830 1003/1610/1455 1000/1619/1464
f 1017/2030/1810 1016/1686/1530 1019/1689/1533 1020/2031/1811
f 1007/1601/1449 1003/1610/1455 1005/2050/1830 1008/2049/1829
f 1071/2034/1814 1068/2047/1827 1066/1716/1560 1070/1661/1505
f 995/1837/1487 996/2058/1838 999/2056/1836 997/1639/1483
f 1004/1704/1548 1005/2050/1830 1002/2055/1835 1001/1682/1526
f 1017/2030/1810 1014/2051/1831 1012/1674/1518 1016/1686/1530
f 1034/1624/1469 1035/2057/1837 1038/2033/1813 1037/1625/1470
f 1013/1604/1452 1009/1602/1450 1011/2052/1832 1014/2051/1831
f 1023/2029/1809 1020/2031/1811 1019/1689/1533 1022/1665/1509
f 1032/2046/1826 1031/1702/1546 1033/1710/1554 1035/2057/1837
f 1078/1641/1485 1076/2016/1798 1077/2023/1803 1080/2036/1816
f 1082/1588/1437 1078/1641/1485 1080/2036/1816 1083/2035/1815
f 1040/1690/1534 1042/1580/1429 1044/2045/1825 1041/2032/1812
f 1021/1658/1502 1018/1657/1501 1020/2031/1811 1023/2029/1809
f 1044/2045/1825 1042/1580/1429 1046/1583/1432 1047/2037/1817
f 1015/1616/1461 1013/1604/1452 1014/2051/1831 1017/2030/1810
f 1050/2038/1818 1049/1698/1542 1051/1713/1557 1053/2039/1819
f 1044/2045/1825 1043/497/480 1039/1629/1474 1041/2032/1812
f 1089/2024/1804 1088/1705/1549 994/1708/1552 996/2059/1838
f 1025/2040/1820 1021/1658/1502 1023/2029/1809 1026/2028/1808
f 1006/1714/1558 1010/1675/1519 1011/2052/1832 1008/2049/1829
f 1087/465/449 1089/2024/1804 996/2059/1838 995/1643/1487
f 2152/2060/1839 2151/69/69 2153/31/31 2103/2061/1840
f 1029/2041/1821 1027/1699/1543 1031/1702/1546 1032/2046/1826
f 1000/1619/1464 997/1639/1483 999/2056/1836 1002/2055/1835
f 1087/465/449 1085/464/448 1086/2025/1805 1089/2024/1804
f 1074/2022/1802 1071/2034/1814 1070/1661/1505 1073/1660/1504
f 1126/1697/1541 2572/2062/1841 2573/2063/1842 1129/1712/1556
f 1131/1671/1515 1129/1712/1556 2573/2063/1842 2577/2064/1843
f 1106/1688/1532 2583/2065/1844 2581/2066/1845 1108/1666/1510
f 1104/1687/1531 2588/2067/1846 2583/2065/1844 1106/1688/1532
f 1103/1677/1521 2585/2068/1847 2588/2067/1846 1104/1687/1531
f 1114/1701/1545 2578/2069/1848 2579/2070/1849 1117/1709/1553
f 1111/1667/1511 1108/1666/1510 2581/2066/1845 2582/2071/1850
f 1091/1719/1551 2563/2072/1851 2593/2073/1852 1092/1684/1528
f 1145/1669/1513 1142/1663/1507 2568/2074/1853 2569/2075/1854
f 1103/1677/1521 1100/1676/1520 2584/2076/1855 2585/2068/1847
f 1136/1693/1537 2566/2077/1856 2567/2078/1857 1139/1717/1561
f 1146/1679/1523 1145/1669/1513 2569/2075/1854 2564/2079/1858
f 1140/1662/1506 2591/2080/1859 2568/2074/1853 1142/1663/1507
f 2586/2081/1860 1096/1703/1547 1094/1685/1529 2590/2082/1861
f 1135/1692/1536 2571/2083/1862 2566/2077/1856 1136/1693/1537
f 2575/2084/1863 1123/1581/1430 1120/521/504 2574/520/503
f 2584/2076/1855 1100/1676/1520 1099/1715/1559 2587/2085/1864
f 1123/1581/1430 2575/2084/1863 2576/2086/1865 1124/1582/1431
f 1132/1672/1516 2570/2087/1866 2571/2083/1862 1135/1692/1536
f 1113/1700/1544 2589/2088/1867 2578/2069/1848 1114/1701/1545
f 1298/2089/1868 1295/1373/1256 1299/2090/1869 1301/2091/1870
f 1140/1662/1506 1139/1717/1561 2567/2078/1857 2591/2080/1859
f 1146/1679/1523 2564/2079/1858 2565/2092/1871 1149/1681/1525
f 1152/1706/1550 2562/2093/1872 2563/2094/1851 1091/1707/1551
f 1111/1667/1511 2582/2071/1850 2589/2088/1867 1113/1700/1544
f 1131/1671/1515 2577/2064/1843 2570/2087/1866 1132/1672/1516
f 1094/1685/1529 1092/1684/1528 2593/2073/1852 2590/2082/1861
f 1152/1706/1550 1151/1695/1539 2592/2095/1873 2562/2093/1872
f 2592/2095/1873 1151/1695/1539 1149/1681/1525 2565/2092/1871
f 1117/1709/1553 2579/2070/1849 2580/519/502 1119/518/501
f 1096/1703/1547 2586/2081/1860 2587/2085/1864 1099/1715/1559
f 1124/1582/1431 2576/2086/1865 2572/2062/1841 1126/1697/1541
f 1006/1714/1558 1004/1704/1548 1096/1703/1547 1099/1715/1559
f 1194/1910/1710 1196/2096/1874 1201/2097/1875 1199/1354/1241
f 1308/2098/1876 1307/2099/1877 1312/2100/1878 1311/2101/1879
f 1197/2102/1880 1198/2103/1881 1203/2104/1882 1202/2105/1883
f 1284/1916/1716 1279/1915/1715 1281/2106/1884 1286/2107/1885
f 1237/2108/1886 1238/2109/1887 1231/2110/1888 1232/2111/1889
f 1287/2112/1890 1288/2113/1891 1291/2114/1892 1292/2115/1893
f 1186/2116/1894 1184/1069/992 1190/1335/1226 1193/2117/1895
f 1220/1929/1729 1223/2118/1896 1228/2119/1897 1225/1925/1725
f 1241/2120/1898 1238/2109/1887 1237/2108/1886 1242/2121/1899
f 1162/2122/1900 1157/2123/1901 1156/2124/1902 1163/2125/1903
f 1236/2126/1904 1234/1368/1251 1240/1300/1204 1243/2127/1905
f 1244/1922/1722 1246/2128/1906 1253/2129/1907 1250/1923/1723
f 1158/2130/1908 1311/2101/1879 1312/2100/1878 1157/2131/1901
f 1187/2132/1909 1182/2133/1910 1183/2134/1911 1186/2116/1894
f 1313/2135/1912 1310/1814/1628 1154/2136/1913 1156/2137/1902
f 1166/2138/1914 1171/2139/1915 1169/1483/1351 1164/1947/1744
f 1228/2119/1897 1227/2140/1916 1232/2111/1889 1231/2110/1888
f 1157/2131/1901 1312/2100/1878 1313/2135/1912 1156/2137/1902
f 1273/2141/1917 1270/862/830 1274/1793/1610 1276/2142/1918
f 1275/1930/1730 1269/1906/1706 1271/2143/1919 1278/2144/1920
f 1302/2145/1921 1307/2099/1877 1308/2098/1876 1303/2146/1922
f 1217/2147/1923 1218/2148/1924 1221/2149/1925 1222/2150/1926
f 1306/2151/1927 1304/1811/1627 1310/1814/1628 1313/2135/1912
f 1210/1913/1713 1205/1355/1242 1208/2152/1928 1213/2153/1929
f 1286/2107/1885 1287/2112/1890 1292/2115/1893 1293/2154/1930
f 1277/2155/1931 1272/2156/1932 1273/2141/1917 1276/2142/1918
f 1156/2124/1902 1154/2157/1913 1160/2158/1933 1163/2125/1903
f 1176/1886/1687 1173/1885/1686 1170/1374/1257 1174/1377/1260
f 1282/2159/1934 1283/2160/1935 1288/2113/1891 1287/2112/1890
f 1216/2161/1936 1213/2153/1929 1212/2162/1937 1217/2147/1923
f 1194/1910/1710 1189/1909/1709 1191/2163/1938 1196/2096/1874
f 1838/1058/983 1840/808/784 1841/340/331 1839/364/355
f 1166/2138/1914 1161/2164/1939 1162/2122/1900 1167/2165/1940
f 1197/2102/1880 1192/2166/1941 1193/2117/1895 1198/2103/1881
f 1193/2117/1895 1190/1335/1226 1195/1338/1229 1198/2103/1881
f 1259/1917/1717 1261/2167/1942 1268/2168/1943 1265/1905/1705
f 1182/2133/1910 1181/2169/1944 1178/2170/1945 1177/1887/1688
f 1297/2171/1946 1298/2089/1868 1301/2091/1870 1302/2145/1921
f 1263/2172/1947 1260/2173/1948 1264/859/827 1266/2174/1949
f 1284/1916/1716 1286/2107/1885 1293/2154/1930 1290/1941/1738
f 1261/2167/1942 1258/2175/1950 1257/2176/1951 1262/2177/1952
f 1236/2126/1904 1237/2108/1886 1232/2111/1889 1233/2178/1953
f 1304/1811/1627 1306/2151/1927 1301/2091/1870 1299/2090/1869
f 1275/1930/1730 1278/2144/1920 1281/2106/1884 1279/1915/1715
f 1208/2152/1928 1207/2179/1954 1212/2162/1937 1213/2153/1929
f 1307/2099/1877 1306/2151/1927 1313/2135/1912 1312/2100/1878
f 1226/2180/1955 1224/2181/1956 1230/2182/1957 1233/2178/1953
f 1239/1934/1734 1241/2120/1898 1246/2128/1906 1244/1922/1722
f 1188/2183/1958 1187/2132/1909 1192/2166/1941 1191/2163/1938
f 1173/1885/1686 1172/1884/1685 1167/2165/1940 1168/2184/1959
f 1221/2149/1925 1219/2185/1960 1224/2181/1956 1226/2180/1955
f 1155/1936/1731 1309/1012/947 1311/2101/1879 1158/2130/1908
f 1261/2167/1942 1262/2177/1952 1267/2186/1961 1268/2168/1943
f 1277/2155/1931 1276/2142/1918 1283/2160/1935 1282/2159/1934
f 1266/2174/1949 1264/859/827 1270/862/830 1273/2141/1917
f 1305/1011/946 1308/2098/1876 1311/2101/1879 1309/1012/947
f 1268/2168/1943 1267/2186/1961 1272/2156/1932 1271/2143/1919
f 1252/2187/1962 1251/2188/1963 1256/2189/1964 1257/2176/1951
f 1283/2160/1935 1280/1796/1613 1285/2190/1965 1288/2113/1891
f 1239/1934/1734 1235/1940/1737 1238/2109/1887 1241/2120/1898
f 1278/2144/1920 1277/2155/1931 1282/2159/1934 1281/2106/1884
f 1262/2177/1952 1263/2172/1947 1266/2174/1949 1267/2186/1961
f 1198/2103/1881 1195/1338/1229 1200/1789/1607 1203/2104/1882
f 1169/1483/1351 1171/2139/1915 1178/2170/1945 1175/1484/1352
f 1167/2165/1940 1172/1884/1685 1171/2139/1915 1166/2138/1914
f 1187/2132/1909 1186/2116/1894 1193/2117/1895 1192/2166/1941
f 1218/2148/1924 1215/437/421 1219/2185/1960 1221/2149/1925
f 1238/2109/1887 1235/1940/1737 1229/1926/1726 1231/2110/1888
f 1196/2096/1874 1191/2163/1938 1192/2166/1941 1197/2102/1880
f 1207/2179/1954 1206/2191/1966 1211/2192/1967 1212/2162/1937
f 1203/2104/1882 1200/1789/1607 1204/1792/1609 1206/2191/1966
f 1214/1914/1714 1210/1913/1713 1213/2153/1929 1216/2161/1936
f 1901/256/249 1900/261/254 1902/266/259 1903/253/246
f 1217/2147/1923 1212/2162/1937 1211/2192/1967 1218/2148/1924
f 1163/2125/1903 1160/2158/1933 1165/2193/1968 1168/2184/1959
f 1220/1929/1729 1214/1914/1714 1216/2161/1936 1223/2118/1896
f 1253/2129/1907 1246/2128/1906 1247/2194/1969 1252/2187/1962
f 1301/2091/1870 1306/2151/1927 1307/2099/1877 1302/2145/1921
f 1288/2113/1891 1285/2190/1965 1289/1370/1253 1291/2114/1892
f 1225/1925/1725 1228/2119/1897 1231/2110/1888 1229/1926/1726
f 1223/2118/1896 1222/2150/1926 1227/2140/1916 1228/2119/1897
f 1267/2186/1961 1266/2174/1949 1273/2141/1917 1272/2156/1932
f 1256/2189/1964 1254/2195/1970 1260/2173/1948 1263/2172/1947
f 1283/2160/1935 1276/2142/1918 1274/1793/1610 1280/1796/1613
f 1247/2194/1969 1248/2196/1971 1251/2188/1963 1252/2187/1962
f 1281/2106/1884 1282/2159/1934 1287/2112/1890 1286/2107/1885
f 1185/1950/1747 1188/2183/1958 1191/2163/1938 1189/1909/1709
f 1199/1354/1241 1201/2097/1875 1208/2152/1928 1205/1355/1242
f 1171/2139/1915 1172/1884/1685 1177/1887/1688 1178/2170/1945
f 1292/2115/1893 1291/2114/1892 1298/2089/1868 1297/2171/1946
f 1211/2192/1967 1209/434/418 1215/437/421 1218/2148/1924
f 1248/2196/1971 1245/1303/1207 1249/2197/1972 1251/2188/1963
f 1242/2121/1899 1237/2108/1886 1236/2126/1904 1243/2127/1905
f 1241/2120/1898 1242/2121/1899 1247/2194/1969 1246/2128/1906
f 1159/1932/1732 1155/1931/1731 1158/2198/1908 1161/2164/1939
f 1181/2169/1944 1179/1918/1718 1175/1484/1352 1178/2170/1945
f 1296/2199/1973 1297/2171/1946 1302/2145/1921 1303/2146/1922
f 1257/2176/1951 1256/2189/1964 1263/2172/1947 1262/2177/1952
f 1206/2191/1966 1204/1792/1609 1209/434/418 1211/2192/1967
f 1294/1942/1739 1296/2199/1973 1303/2146/1922 1300/1949/1746
f 1188/2183/1958 1181/2169/1944 1182/2133/1910 1187/2132/1909
f 1222/2150/1926 1221/2149/1925 1226/2180/1955 1227/2140/1916
f 1248/2196/1971 1243/2127/1905 1240/1300/1204 1245/1303/1207
f 1290/1941/1738 1293/2154/1930 1296/2199/1973 1294/1942/1739
f 1161/2164/1939 1158/2198/1908 1157/2123/1901 1162/2122/1900
f 1167/2165/1940 1162/2122/1900 1163/2125/1903 1168/2184/1959
f 1186/2116/1894 1183/2134/1911 1180/1066/989 1184/1069/992
f 1185/1950/1747 1179/1918/1718 1181/2169/1944 1188/2183/1958
f 1223/2118/1896 1216/2161/1936 1217/2147/1923 1222/2150/1926
f 1242/2121/1899 1243/2127/1905 1248/2196/1971 1247/2194/1969
f 1165/2193/1968 1170/1374/1257 1173/1885/1686 1168/2184/1959
f 1303/2146/1922 1308/2098/1876 1305/1011/946 1300/1949/1746
f 1196/2096/1874 1197/2102/1880 1202/2105/1883 1201/2097/1875
f 1183/2134/1911 1182/2133/1910 1177/1887/1688 1176/1886/1687
f 1180/1066/989 1183/2134/1911 1176/1886/1687 1174/1377/1260
f 1250/1923/1723 1253/2129/1907 1258/2175/1950 1255/1937/1735
f 1278/2144/1920 1271/2143/1919 1272/2156/1932 1277/2155/1931
f 1202/2105/1883 1203/2104/1882 1206/2191/1966 1207/2179/1954
f 1291/2114/1892 1289/1370/1253 1295/1373/1256 1298/2089/1868
f 1251/2188/1963 1249/2197/1972 1254/2195/1970 1256/2189/1964
f 1656/572/553 1644/562/543 1646/2200/1974 1658/2201/1975
f 1293/2154/1930 1292/2115/1893 1297/2171/1946 1296/2199/1973
f 1159/1932/1732 1161/2164/1939 1166/2138/1914 1164/1947/1744
f 1269/1906/1706 1265/1905/1705 1268/2168/1943 1271/2143/1919
f 1201/2097/1875 1202/2105/1883 1207/2179/1954 1208/2152/1928
f 1227/2140/1916 1226/2180/1955 1233/2178/1953 1232/2111/1889
f 1234/1368/1251 1236/2126/1904 1233/2178/1953 1230/2182/1957
f 2384/662/641 2383/661/640 179/141/137 178/140/136
f 341/1235/1141 340/2202/1976 1340/2203/1977 1358/1236/1142
f 323/1251/1156 1351/1250/1155 1329/1229/1135 324/1228/1134
f 1359/1297/1201 373/1298/1202 374/1365/1248 1330/2204/1978
f 1366/2205/1979 365/2206/1980 366/2207/1981 1369/2208/1982
f 1345/2209/1983 364/2210/1984 365/2206/1980 1366/2205/1979
f 1375/2211/1985 376/2212/1986 377/1838/1642 1370/2213/1987
f 331/397/386 1343/2214/1988 1344/1290/1194 332/1289/1193
f 1376/2215/1989 1337/1273/1178 361/1272/1177 362/2216/1990
f 339/969/915 1339/1244/1150 1340/2203/1977 340/2202/1976
f 344/828/802 1374/2217/1991 1371/2218/1992 345/1044/974
f 1342/2219/1993 363/2220/1994 364/2210/1984 1345/2209/1983
f 1365/2221/1995 1363/2222/1996 383/2223/1997 384/2224/1998
f 1350/2225/1999 355/2226/2000 356/2227/2001 1328/2228/2002
f 343/827/801 1332/1284/1188 1374/2217/1991 344/828/802
f 1350/2225/1999 1327/1296/1200 354/506/489 355/2226/2000
f 1365/2221/1995 384/2224/1998 353/2229/490 1324/2230/1199
f 337/1252/1157 1348/1254/1159 1353/1243/1149 338/968/914
f 1342/2219/1993 1376/2215/1989 362/2216/1990 363/2220/1994
f 1369/2208/1982 366/2207/1981 367/2231/2003 1373/2232/2004
f 331/397/386 330/396/385 1377/1249/1154 1343/2214/1988
f 1333/2233/2005 1330/2204/1978 374/1365/1248 375/2004/1788
f 1469/1178/1085 1384/2234/2006 1387/2235/2007 1468/1179/1086
f 1346/1291/1195 1373/2232/2004 367/2231/2003 368/1292/1196
f 1314/1282/1186 1328/2228/2002 356/2227/2001 357/1283/1187
f 346/1045/975 345/1044/974 1371/2218/1992 1355/1264/1169
f 1360/2236/2008 382/2237/2009 383/2223/1997 1363/2222/1996
f 348/1274/1179 347/1263/1168 1356/1265/1170 1321/1275/1180
f 1319/1269/1174 359/1268/1173 360/1271/1176 1334/1270/1175
f 1370/2213/1987 377/1838/1642 378/1260/1165 1354/1259/1164
f 1360/2236/2008 1323/2238/2010 381/2239/2011 382/2237/2009
f 1333/2233/2005 375/2004/1788 376/2212/1986 1375/2211/1985
f 1373/2232/2004 1346/1291/1195 1347/1253/1158 1372/1224/1130
f 1337/1273/1178 1336/1233/1139 1335/1232/1138 1334/1270/1175
f 1346/1291/1195 1349/1285/1189 1348/1254/1159 1347/1253/1158
f 1363/2222/1996 1362/1299/1203 1361/1258/1163 1360/2236/2008
f 1320/1293/1197 1323/2238/2010 1322/1257/1162 1321/1275/1180
f 1357/1262/1167 1320/1293/1197 1321/1275/1180 1356/1265/1170
f 1324/2230/1199 1325/1277/1151 1364/1276/1181 1365/2221/1995
f 1328/2228/2002 1329/1229/1135 1351/1250/1155 1350/2225/1999
f 1352/1288/1192 1338/1278/1182 1339/1244/1150 1353/1243/1149
f 1366/2205/1979 1367/1226/1132 1344/1290/1194 1345/2209/1983
f 1352/1288/1192 1353/1243/1149 1348/1254/1159 1349/1285/1189
f 1314/1282/1186 1315/1230/1136 1329/1229/1135 1328/2228/2002
f 1317/1266/1171 1316/1240/1146 1315/1230/1136 1314/1282/1186
f 1354/1259/1164 1357/1262/1167 1356/1265/1170 1355/1264/1169
f 1337/1273/1178 1376/2215/1989 1377/1249/1154 1336/1233/1139
f 1319/1269/1174 1318/1241/1147 1316/1240/1146 1317/1266/1171
f 1369/2208/1982 1368/1223/1129 1367/1226/1132 1366/2205/1979
f 1360/2236/2008 1361/1258/1163 1322/1257/1162 1323/2238/2010
f 1327/1296/1200 1350/2225/1999 1351/1250/1155 1326/1247/1152
f 1330/2204/1978 1331/1237/1143 1358/1236/1142 1359/1297/1201
f 1354/1259/1164 1355/1264/1169 1371/2218/1992 1370/2213/1987
f 1373/2232/2004 1372/1224/1130 1368/1223/1129 1369/2208/1982
f 1341/1281/1185 1359/1297/1201 1358/1236/1142 1340/2203/1977
f 1341/1281/1185 1340/2203/1977 1339/1244/1150 1338/1278/1182
f 1370/2213/1987 1371/2218/1992 1374/2217/1991 1375/2211/1985
f 1375/2211/1985 1374/2217/1991 1332/1284/1188 1333/2233/2005
f 1056/2026/1806 1053/2039/1819 1051/1713/1557 1054/1670/1514
f 1376/2215/1989 1342/2219/1993 1343/2214/1988 1377/1249/1154
f 1363/2222/1996 1365/2221/1995 1364/1276/1181 1362/1299/1203
f 1327/1296/1200 1326/1247/1152 1325/1246/1151 1324/1295/1199
f 1334/1270/1175 1335/1232/1138 1318/1241/1147 1319/1269/1174
f 1330/2204/1978 1333/2233/2005 1332/1284/1188 1331/1237/1143
f 1338/1278/1182 1352/1288/1192 370/1287/1191 371/1279/1183
f 1405/2240/2012 1404/1116/1034 1406/1122/1040 1407/2241/2013
f 1379/2242/2014 1378/2243/1127 1381/1168/1077 1380/2244/2015
f 1390/1166/1076 1393/1171/1080 1392/2245/2016 1391/2246/2017
f 1384/2234/2006 1385/2247/2018 1386/2248/2019 1387/2235/2007
f 1403/1113/1031 1404/1116/1034 1405/2240/2012 1402/2249/2020
f 1399/2250/2021 1398/1127/1044 1400/2251/2022 1401/2252/2023
f 1418/2253/2024 1421/1148/1062 1420/2254/2025 1419/2255/2026
f 1382/2256/2027 1383/1170/1079 1385/2247/2018 1384/2234/2006
f 1432/1172/1081 1435/2257/2028 1434/2258/2029 1433/2259/2030
f 1421/1148/1062 1422/1147/1061 1423/2260/2031 1420/2254/2025
f 1435/2257/2028 1436/2261/2032 1437/2262/2033 1434/2258/2029
f 1440/2263/2034 1441/1162/1072 1378/1221/1127 1379/2264/2014
f 1380/2244/2015 1381/1168/1077 1383/1170/1079 1382/2256/2027
f 1424/2265/2035 1425/2266/2036 1426/2267/2037 1427/2268/2038
f 1392/2245/2016 1393/1171/1080 1395/1151/1065 1394/2269/2039
f 1438/1163/1073 1439/2270/2040 1437/2262/2033 1436/2261/2032
f 1414/2271/2041 1415/1140/1055 1416/2272/2042 1417/2273/2043
f 1388/2274/2044 1387/2235/2007 1386/2248/2019 1389/1165/1075
f 1431/1173/1082 1432/1172/1081 1433/2259/2030 1430/2275/2045
f 1428/2276/2046 1429/2277/2047 1431/1173/1082 1430/2275/2045
f 1395/1151/1065 1397/1128/1045 1396/2278/2048 1394/2269/2039
f 1413/1139/1054 1415/1140/1055 1414/2271/2041 1412/2279/2049
f 1389/1165/1075 1390/1166/1076 1391/2246/2017 1388/2274/2044
f 2329/2280/2050 2328/2281/2051 2332/2282/2052 2333/2283/2053
f 1438/1163/1073 1441/1162/1072 1440/2263/2034 1439/2270/2040
f 1426/2267/2037 1429/2277/2047 1428/2276/2046 1427/2268/2038
f 1413/1139/1054 1412/2279/2049 1411/2284/2054 1410/1109/1027
f 1422/1147/1061 1425/2266/2036 1424/2265/2035 1423/2260/2031
f 1406/1122/1040 1409/1110/1028 1408/2285/2055 1407/2241/2013
f 1401/2252/2023 1400/2251/2022 1403/1113/1031 1402/2249/2020
f 1397/1128/1045 1398/1127/1044 1399/2250/2021 1396/2278/2048
f 2101/104/100 2100/2286/2056 2152/2060/1839 2102/93/91
f 1435/2257/2028 1432/1172/1081 2525/1174/1083 2526/1159/1069
f 187/864/832 1472/2287/1093 1473/1210/1116 258/865/833
f 277/812/786 1452/1194/1100 1451/1182/1089 278/1181/1088
f 270/1220/1126 1459/1219/1125 1458/2288/2057 271/853/821
f 273/1216/1122 1456/1218/1124 1455/1197/1103 274/940/892
f 279/779/758 1450/1183/1090 1449/1202/1108 280/780/759
f 261/1180/1087 1468/1179/1086 1467/1196/1102 262/1195/1101
f 272/854/822 271/853/821 1458/2288/2057 1457/1217/1123
f 275/927/881 1454/1198/1104 1453/1193/1099 276/811/785
f 1394/2269/2039 1396/2278/2048 1463/1203/1109 1464/1211/1117
f 1430/2275/2045 1433/2259/2030 1445/1207/1113 1446/1212/1118
f 1452/1194/1100 1419/2255/2026 1420/2254/2025 1451/1182/1089
f 1380/2244/2015 1382/2256/2027 1470/1188/1094 1473/1210/1116
f 1427/2268/2038 1428/2276/2046 1447/1200/1106 1448/1199/1105
f 1428/2276/2046 1430/2275/2045 1446/1212/1118 1447/1200/1106
f 1461/1214/1120 1401/2252/2023 1402/2249/2020 1460/1215/1121
f 1388/2274/2044 1391/2246/2017 1466/764/743 1467/1196/1102
f 1433/2259/2030 1434/2258/2029 1444/1208/1114 1445/1207/1113
f 1434/2258/2029 1437/2262/2033 1443/1190/1096 1444/1208/1114
f 1396/2278/2048 1399/2250/2021 1462/1204/1110 1463/1203/1109
f 1456/1218/1124 1411/2284/2054 1412/2279/2049 1455/1197/1103
f 1407/2241/2013 1408/2285/2055 1457/1217/1123 1458/2288/2057
f 1412/2279/2049 1414/2271/2041 1454/1198/1104 1455/1197/1103
f 1471/1185/1092 1440/2263/2034 1379/2264/2014 1472/1186/1093
f 1472/2287/1093 1379/2242/2014 1380/2244/2015 1473/1210/1116
f 1414/2271/2041 1417/2273/2043 1453/1193/1099 1454/1198/1104
f 1451/1182/1089 1420/2254/2025 1423/2260/2031 1450/1183/1090
f 1443/1190/1096 1437/2262/2033 1439/2270/2040 1442/1191/1097
f 1424/2265/2035 1427/2268/2038 1448/1199/1105 1449/1202/1108
f 1466/764/743 1391/2246/2017 1392/2245/2016 1465/765/744
f 1462/1204/1110 1399/2250/2021 1401/2252/2023 1461/1214/1120
f 1439/2270/2040 1440/2263/2034 1471/1185/1092 1442/1191/1097
f 1382/2256/2027 1384/2234/2006 1469/1178/1085 1470/1188/1094
f 1387/2235/2007 1388/2274/2044 1467/1196/1102 1468/1179/1086
f 1460/1215/1121 1402/2249/2020 1405/2240/2012 1459/1219/1125
f 1465/765/744 1392/2245/2016 1394/2269/2039 1464/1211/1117
f 1450/1183/1090 1423/2260/2031 1424/2265/2035 1449/1202/1108
f 1408/2285/2055 1411/2284/2054 1456/1218/1124 1457/1217/1123
f 1417/2273/2043 1419/2255/2026 1452/1194/1100 1453/1193/1099
f 1459/1219/1125 1405/2240/2012 1407/2241/2013 1458/2288/2057
f 1507/990/929 1504/890/851 1505/1821/1635 1506/2289/2058
f 1517/2290/2059 1516/984/927 1515/987/928 1514/1018/953
f 1514/1018/953 1515/987/928 1512/1035/967 1513/870/837
f 1485/1054/981 1486/868/836 1487/1021/956 1484/1033/966
f 1513/870/837 1512/1035/967 1511/1022/957 1510/871/838
f 1525/403/392 1524/974/920 1523/1009/944 1522/2291/2060
f 1494/1644/1488 1495/978/923 1492/942/893 1493/2292/2061
f 1521/2293/2062 1520/1007/942 1519/1006/941 1518/2294/2063
f 1505/1821/1635 1504/890/851 1503/893/854 1502/1822/1636
f 1534/875/841 1535/1049/978 1532/1038/970 1533/923/878
f 1509/2295/2064 1508/991/930 1507/990/929 1506/2289/2058
f 1476/959/906 1477/1061/986 1478/1060/985 1479/956/903
f 1517/2290/2059 1518/2294/2063 1519/1006/941 1516/984/927
f 1498/1357/1244 1499/949/896 1496/979/924 1497/1358/1245
f 1493/2292/2061 1492/942/893 1491/945/894 1490/410/399
f 1474/2296/2065 1477/1061/986 1476/959/906 1475/960/907
f 1481/2297/2066 1480/390/379 1479/956/903 1478/1060/985
f 3008/2298/2067 2996/2299/2068 2994/2300/2069 3006/2301/2070
f 1537/874/840 1536/1050/909 1535/1049/978 1534/875/841
f 1490/410/399 1491/945/894 1488/981/925 1489/411/400
f 1501/2302/2071 1500/946/895 1499/949/896 1498/1357/1244
f 1497/1358/1245 1496/979/924 1495/978/923 1494/1644/1488
f 1485/1054/981 1484/1033/966 1483/391/380 1482/1055/982
f 1530/924/879 1531/1041/971 1528/1043/973 1529/2303/2072
f 1510/871/838 1511/1022/957 1508/991/930 1509/2295/2064
f 1528/1043/973 1527/975/921 1526/402/391 1529/2303/2072
f 1502/1822/1636 1503/893/854 1500/946/895 1501/2302/2071
f 1522/2291/2060 1523/1009/944 1520/1007/942 1521/2293/2062
f 1531/1041/971 1530/924/879 1533/923/878 1532/1038/970
f 1482/1055/982 1483/391/380 1480/390/379 1481/2297/2066
f 1486/868/836 1489/411/400 1488/981/925 1487/1021/956
f 1474/2296/2065 1475/960/907 1536/963/909 1537/2304/840
f 1310/1814/1628 476/1813/1276 475/2305/1275 1154/2136/1913
f 1411/2284/2054 1408/2285/2055 1409/1110/1028 1410/1109/1027
f 1602/2306/2073 1783/384/373 1833/385/374 1835/2307/2074
f 617/1763/1582 1134/2308/409 1133/1832/1489 618/1721/1563
f 2980/467/451 2979/2309/2075 2963/2310/2076 2964/468/452
f 1752/525/508 1754/2311/2077 1772/2312/2078 1770/536/519
f 1610/2313/2079 1611/2314/2080 1629/2315/2081 1628/2316/2082
f 1641/2317/2083 1629/2315/2081 1630/2318/2084 1642/2319/2085
f 1701/2320/2086 1768/2321/2087 1769/2322/2088 1700/2323/2089
f 1700/2323/2089 1769/2322/2088 1765/327/318 1698/326/317
f 1764/559/540 1766/2324/2090 1703/2325/2091 1699/556/515
f 1658/2201/1975 1659/2326/2092 1671/2327/2093 1670/2328/2094
f 1606/2329/2095 1605/2330/2096 1612/2331/2097 1611/2314/2080
f 1605/2330/2096 1604/2332/2098 1613/2333/2099 1612/2331/2097
f 1763/2334/2100 1759/334/325 1777/363/354 1781/2335/2101
f 1746/581/562 1748/2336/2102 1766/2324/2090 1764/559/540
f 1345/2209/1983 1344/1290/1194 1343/2214/1988 1342/2219/1993
f 1665/2337/2103 1666/2338/2104 1678/180/175 1677/179/174
f 1726/2339/2105 1727/2340/2106 1745/2341/2107 1744/2342/2108
f 1787/2343/2109 1775/2344/2110 1771/359/350 1783/384/373
f 1710/579/560 1712/2345/2111 1730/2346/2112 1728/576/557
f 1760/2347/2113 1761/2348/2114 1779/2349/2115 1778/2350/2116
f 1659/2326/2092 1647/2351/2117 1648/2352/2118 1660/2353/2119
f 1636/2354/2120 1637/2355/2121 1649/2356/2122 1648/2352/2118
f 1769/2322/2088 1751/2357/2123 1747/370/361 1765/327/318
f 1699/532/515 1703/2358/2091 1706/2359/2124 1704/533/516
f 1736/2360/2125 1737/2361/2126 1755/2362/2127 1754/2311/2077
f 1647/2351/2117 1635/2363/2128 1636/2354/2120 1648/2352/2118
f 1701/2364/2086 1700/2365/2089 1709/2366/2129 1708/2367/2130
f 1715/2368/2131 1691/208/203 1687/211/206 1711/323/314
f 1638/552/535 1640/2369/2132 1652/2370/2133 1650/553/536
f 1703/2358/2091 1702/2371/2134 1707/2372/2135 1706/2359/2124
f 1713/2373/2136 1689/178/173 1690/181/176 1714/2374/2137
f 1696/2375/2138 1684/2376/2139 1685/2377/2140 1697/2378/2141
f 1757/2379/2142 1753/346/337 1771/359/350 1775/2344/2110
f 1662/529/512 1664/2380/2143 1676/2381/2144 1674/526/509
f 1646/2200/1974 1634/2382/2145 1635/2363/2128 1647/2351/2117
f 1761/2348/2114 1762/2383/2146 1780/2384/2147 1779/2349/2115
f 1732/2385/2148 1733/2386/2149 1751/2357/2123 1750/2387/2150
f 1625/2388/2151 1621/376/367 1633/352/343 1637/2355/2121
f 1716/555/538 1718/2389/2152 1736/2360/2125 1734/524/507
f 1622/2390/2153 1619/2391/2154 1618/2392/2155 1623/2393/2156
f 1749/2394/2157 1731/2395/2158 1732/2385/2148 1750/2387/2150
f 1738/2396/2159 1739/2397/2160 1757/2379/2142 1756/2398/2161
f 1616/2399/2162 1614/377/368 1621/376/367 1625/2388/2151
f 1680/547/530 1668/546/529 1670/2328/2094 1682/2400/2163
f 1748/2336/2102 1730/2346/2112 1731/2395/2158 1749/2394/2157
f 1653/2401/2164 1641/2317/2083 1642/2319/2085 1654/2402/2165
f 1714/2374/2137 1690/181/176 1691/208/203 1715/2368/2131
f 432/1547/1401 433/1470/1338 879/1469/1337 878/1972/1764
f 1603/575/556 1607/2403/2166 1610/2313/2079 1608/540/523
f 1622/2390/2153 1623/2393/2156 1635/2363/2128 1634/2382/2145
f 1719/2404/2167 1720/2405/2168 1738/2396/2159 1737/2361/2126
f 1660/2353/2119 1661/2406/2169 1673/2407/2170 1672/2408/2171
f 1655/2409/2172 1651/338/329 1663/354/345 1667/2410/2173
f 1758/513/496 1740/549/532 1742/2411/2174 1760/2347/2113
f 1718/2389/2152 1719/2404/2167 1737/2361/2126 1736/2360/2125
f 1416/2272/2042 1418/2253/2024 1419/2255/2026 1417/2273/2043
f 1654/2402/2165 1655/2409/2172 1667/2410/2173 1666/2338/2104
f 1697/2378/2141 1685/2377/2140 1681/375/366 1693/343/334
f 1632/565/546 1634/2382/2145 1646/2200/1974 1644/562/543
f 1784/2412/2175 1772/2312/2078 1773/2413/2176 1785/2414/2177
f 1623/2393/2156 1618/2392/2155 1617/2415/2178 1624/2416/2179
f 1720/2405/2168 1696/2375/2138 1697/2378/2141 1721/2417/2180
f 1637/2355/2121 1633/352/343 1645/351/342 1649/2356/2122
f 1620/561/542 1622/2390/2153 1634/2382/2145 1632/565/546
f 1778/2350/2116 1779/2349/2115 1791/2418/2181 1790/2419/2182
f 1623/2393/2156 1624/2416/2179 1636/2354/2120 1635/2363/2128
f 1726/2339/2105 1708/2367/2130 1709/2366/2129 1727/2340/2106
f 1667/2410/2173 1663/354/345 1675/210/205 1679/209/204
f 1686/543/526 1674/526/509 1676/2381/2144 1688/2420/2183
f 1658/2201/1975 1646/2200/1974 1647/2351/2117 1659/2326/2092
f 1671/2327/2093 1672/2408/2171 1684/2376/2139 1683/2421/2184
f 1672/2408/2171 1673/2407/2170 1685/2377/2140 1684/2376/2139
f 1604/2332/2098 1787/2343/2109 1783/384/373 1602/2306/2073
f 1788/516/499 1790/2419/2182 1619/2391/2154 1615/517/500
f 1607/2403/2166 1784/2412/2175 1785/2414/2177 1606/2329/2095
f 1785/2414/2177 1773/2413/2176 1774/2422/2185 1786/2423/2186
f 1666/2338/2104 1667/2410/2173 1679/209/204 1678/180/175
f 1763/2334/2100 1745/2341/2107 1741/335/326 1759/334/325
f 1638/552/535 1626/541/524 1628/2316/2082 1640/2369/2132
f 1706/2359/2124 1707/2372/2135 1725/2424/2187 1724/2425/2188
f 1779/2349/2115 1780/2384/2147 1792/2426/2189 1791/2418/2181
f 1762/2383/2146 1744/2342/2108 1745/2341/2107 1763/2334/2100
f 1643/2427/2190 1631/2428/2191 1627/365/356 1639/339/330
f 1656/572/553 1658/2201/1975 1670/2328/2094 1668/546/529
f 1760/2347/2113 1742/2411/2174 1743/2429/2192 1761/2348/2114
f 1659/2326/2092 1660/2353/2119 1672/2408/2171 1671/2327/2093
f 1624/2416/2179 1617/2415/2178 1616/2399/2162 1625/2388/2151
f 1604/2332/2098 1602/2306/2073 1609/366/357 1613/2333/2099
f 1662/529/512 1650/553/536 1652/2370/2133 1664/2380/2143
f 1712/2345/2111 1713/2373/2136 1731/2395/2158 1730/2346/2112
f 1611/2314/2080 1612/2331/2097 1630/2318/2084 1629/2315/2081
f 1786/2423/2186 1774/2422/2185 1775/2344/2110 1787/2343/2109
f 1727/2340/2106 1723/360/351 1741/335/326 1745/2341/2107
f 1608/540/523 1610/2313/2079 1628/2316/2082 1626/541/524
f 1607/2403/2166 1606/2329/2095 1611/2314/2080 1610/2313/2079
f 1618/2392/2155 1791/2418/2181 1792/2426/2189 1617/2415/2178
f 1756/2398/2161 1757/2379/2142 1775/2344/2110 1774/2422/2185
f 1721/2417/2180 1697/2378/2141 1693/343/334 1717/342/333
f 1680/547/530 1682/2400/2163 1694/2430/2193 1692/567/548
f 1694/2430/2193 1682/2400/2163 1683/2421/2184 1695/2431/2194
f 1606/2329/2095 1785/2414/2177 1786/2423/2186 1605/2330/2096
f 1750/2387/2150 1751/2357/2123 1769/2322/2088 1768/2321/2087
f 1733/2386/2149 1729/322/313 1747/370/361 1751/2357/2123
f 1722/583/564 1724/2425/2188 1742/2411/2174 1740/549/532
f 1712/2345/2111 1688/2420/2183 1689/178/173 1713/2373/2136
f 1761/2348/2114 1743/2429/2192 1744/2342/2108 1762/2383/2146
f 1780/2384/2147 1781/2335/2101 1793/2432/2195 1792/2426/2189
f 1727/2340/2106 1709/2366/2129 1705/381/372 1723/360/351
f 1746/581/562 1728/576/557 1730/2346/2112 1748/2336/2102
f 1724/2425/2188 1725/2424/2187 1743/2429/2192 1742/2411/2174
f 1755/2362/2127 1756/2398/2161 1774/2422/2185 1773/2413/2176
f 1612/2331/2097 1613/2333/2099 1631/2428/2191 1630/2318/2084
f 1616/2399/2162 1793/2432/2195 1789/386/375 1614/377/368
f 1770/536/519 1772/2312/2078 1784/2412/2175 1782/537/520
f 1664/2380/2143 1665/2337/2103 1677/179/174 1676/2381/2144
f 1755/2362/2127 1737/2361/2126 1738/2396/2159 1756/2398/2161
f 1660/2353/2119 1648/2352/2118 1649/2356/2122 1661/2406/2169
f 1757/2379/2142 1739/2397/2160 1735/347/338 1753/346/337
f 1758/513/496 1760/2347/2113 1778/2350/2116 1776/510/493
f 1682/2400/2163 1670/2328/2094 1671/2327/2093 1683/2421/2184
f 1702/2433/2134 1767/2434/2196 1768/2321/2087 1701/2320/2086
f 1654/2402/2165 1642/2319/2085 1643/2427/2190 1655/2409/2172
f 1613/2333/2099 1609/366/357 1627/365/356 1631/2428/2191
f 1710/579/560 1686/543/526 1688/2420/2183 1712/2345/2111
f 1754/2311/2077 1755/2362/2127 1773/2413/2176 1772/2312/2078
f 1702/2371/2134 1701/2364/2086 1708/2367/2130 1707/2372/2135
f 1605/2330/2096 1786/2423/2186 1787/2343/2109 1604/2332/2098
f 1781/2335/2101 1777/363/354 1789/386/375 1793/2432/2195
f 1776/510/493 1778/2350/2116 1790/2419/2182 1788/516/499
f 1628/2316/2082 1629/2315/2081 1641/2317/2083 1640/2369/2132
f 1695/2431/2194 1683/2421/2184 1684/2376/2139 1696/2375/2138
f 1714/2374/2137 1715/2368/2131 1733/2386/2149 1732/2385/2148
f 1661/2406/2169 1649/2356/2122 1645/351/342 1657/368/359
f 1692/567/548 1694/2430/2193 1718/2389/2152 1716/555/538
f 1703/2325/2091 1766/2324/2090 1767/2434/2196 1702/2433/2134
f 1695/2431/2194 1696/2375/2138 1720/2405/2168 1719/2404/2167
f 1720/2405/2168 1721/2417/2180 1739/2397/2160 1738/2396/2159
f 1655/2409/2172 1643/2427/2190 1639/339/330 1651/338/329
f 1782/537/520 1784/2412/2175 1607/2403/2166 1603/575/556
f 1766/2324/2090 1748/2336/2102 1749/2394/2157 1767/2434/2196
f 1749/2394/2157 1750/2387/2150 1768/2321/2087 1767/2434/2196
f 1762/2383/2146 1763/2334/2100 1781/2335/2101 1780/2384/2147
f 1700/2365/2089 1698/382/317 1705/381/372 1709/2366/2129
f 1620/561/542 1615/517/500 1619/2391/2154 1622/2390/2153
f 1640/2369/2132 1641/2317/2083 1653/2401/2164 1652/2370/2133
f 1725/2424/2187 1726/2339/2105 1744/2342/2108 1743/2429/2192
f 257/1083/979 226/1079/1002 2343/2435/2197 2242/2436/980
f 1673/2407/2170 1669/372/363 1681/375/366 1685/2377/2140
f 1704/533/516 1706/2359/2124 1724/2425/2188 1722/583/564
f 1652/2370/2133 1653/2401/2164 1665/2337/2103 1664/2380/2143
f 1653/2401/2164 1654/2402/2165 1666/2338/2104 1665/2337/2103
f 1630/2318/2084 1631/2428/2191 1643/2427/2190 1642/2319/2085
f 1721/2417/2180 1717/342/333 1735/347/338 1739/2397/2160
f 1752/525/508 1734/524/507 1736/2360/2125 1754/2311/2077
f 1790/2419/2182 1791/2418/2181 1618/2392/2155 1619/2391/2154
f 1713/2373/2136 1714/2374/2137 1732/2385/2148 1731/2395/2158
f 1624/2416/2179 1625/2388/2151 1637/2355/2121 1636/2354/2120
f 1661/2406/2169 1657/368/359 1669/372/363 1673/2407/2170
f 1320/1293/1197 380/1294/1198 381/2239/2011 1323/2238/2010
f 1694/2430/2193 1695/2431/2194 1719/2404/2167 1718/2389/2152
f 1725/2424/2187 1707/2372/2135 1708/2367/2130 1726/2339/2105
f 1617/2415/2178 1792/2426/2189 1793/2432/2195 1616/2399/2162
f 1715/2368/2131 1711/323/314 1729/322/313 1733/2386/2149
f 1852/2437/2198 1854/2438/2199 1855/371/362 1853/325/316
f 1847/356/347 1846/415/404 1848/414/403 1849/357/348
f 1830/489/472 1832/488/471 1833/385/374 1831/358/349
f 1819/373/364 1818/2439/2200 1820/471/455 1821/374/365
f 1854/2438/2199 1856/443/427 1857/328/319 1855/371/362
f 1814/2440/2201 1816/2441/2202 1817/369/360 1815/350/341
f 1826/331/322 1828/330/321 1829/349/340 1827/348/339
f 1842/807/783 1844/1349/1238 1845/355/346 1843/341/332
f 1806/392/381 1808/400/389 1809/378/369 1807/387/376
f 1800/446/430 1802/2442/2203 1803/337/328 1801/336/327
f 1837/367/358 1836/1620/1465 1838/1058/983 1839/364/355
f 1805/362/353 1804/393/382 1806/392/381 1807/387/376
f 1799/361/352 1798/447/431 1800/446/430 1801/336/327
f 1845/355/346 1844/1349/1238 1846/415/404 1847/356/347
f 1848/414/403 1850/1650/1494 1851/324/315 1849/357/348
f 1840/808/784 1842/807/783 1843/341/332 1841/340/331
f 1813/353/344 1812/2443/2204 1814/2440/2201 1815/350/341
f 1835/2307/2074 1834/2444/2205 1836/1620/1465 1837/367/358
f 1803/337/328 1802/2442/2203 1804/393/382 1805/362/353
f 1816/2441/2202 1818/2439/2200 1819/373/364 1817/369/360
f 1820/471/455 1822/470/454 1823/344/335 1821/374/365
f 1822/470/454 1824/1636/1480 1825/345/336 1823/344/335
f 1825/345/336 1824/1636/1480 1826/331/322 1827/348/339
f 1795/2445/426 1796/2446/2206 1797/380/371 1794/383/320
f 1797/380/371 1796/2446/2206 1798/447/431 1799/361/352
f 1856/443/427 1795/442/426 1794/329/320 1857/328/319
f 1850/1650/1494 1852/2437/2198 1853/325/316 1851/324/315
f 1526/402/391 1527/975/921 1524/974/920 1525/403/392
f 1829/349/340 1828/330/321 1830/489/472 1831/358/349
f 1810/401/390 1812/2443/2204 1813/353/344 1811/379/370
f 1832/488/471 1834/2444/2205 1835/2307/2074 1833/385/374
f 1837/367/358 1609/366/357 1602/2306/2073 1835/2307/2074
f 1906/149/145 1908/299/292 1909/242/236 1907/245/239
f 1890/292/285 1888/301/294 1990/304/297 2002/293/286
f 1868/314/305 1870/320/311 1871/219/214 1869/235/230
f 1909/242/236 1908/299/292 1910/268/261 1911/1411/1290
f 1911/1411/1290 1910/268/261 1912/267/260 1913/204/199
f 2044/2447/2207 2045/1944/1741 1924/1945/1742 1925/2448/2208
f 1887/220/215 1885/223/218 1884/282/275 1886/302/295
f 1903/253/246 1902/266/259 1904/150/146 1905/260/253
f 1891/196/191 1890/292/285 1892/291/284 1893/197/192
f 1859/238/210 1858/306/209 1860/305/298 1861/239/233
f 1880/295/288 1882/283/276 1883/233/228 1881/224/219
f 1863/240/234 1862/309/301 1864/318/309 1865/188/183
f 1918/248/242 1920/213/208 1921/212/207 1919/229/224
f 1872/276/269 1874/275/268 1875/195/190 1873/216/211
f 1867/189/184 1865/188/183 1864/318/309 1866/315/306
f 1871/219/214 1870/320/311 1872/276/269 1873/216/211
f 1867/189/184 1866/315/306 1868/314/305 1869/235/230
f 1899/201/196 1897/200/195 1896/279/272 1898/262/255
f 1899/201/196 1898/262/255 1900/261/254 1901/256/249
f 1914/289/282 1916/297/290 1917/228/223 1915/205/200
f 1915/205/200 1913/204/199 1912/267/260 1914/289/282
f 1917/228/223 1916/297/290 1918/248/242 1919/229/224
f 1887/220/215 1886/302/295 1888/301/294 1889/258/251
f 1883/233/228 1882/283/276 1884/282/275 1885/223/218
f 1863/240/234 1861/239/233 1860/305/298 1862/309/301
f 1904/150/146 1906/149/145 1907/245/239 1905/260/253
f 1893/197/192 1892/291/284 1894/311/303 1895/246/240
f 1895/246/240 1894/311/303 1896/279/272 1897/200/195
f 1888/301/294 1890/292/285 1891/196/191 1889/258/251
f 1878/285/278 1880/295/288 1881/224/219 1879/227/222
f 1903/253/246 1905/260/253 24/259/252 23/254/247
f 1876/286/279 1878/285/278 1879/227/222 1877/192/187
f 1874/275/268 1876/286/279 1877/192/187 1875/195/190
f 2062/88/86 1963/177/172 1955/160/156 2060/135/131
f 2070/100/97 2023/176/171 2011/173/169 2075/117/113
f 2063/92/90 1967/183/178 1959/187/182 2061/103/99
f 1954/300/293 1946/152/148 1948/2449/2209 1956/2450/2210
f 1933/2451/2211 1932/2452/2212 1937/2453/2213 1936/2454/2214
f 2037/2455/2215 2035/163/159 2043/156/152 2045/1944/1741
f 1954/300/293 1956/2450/2210 1964/2456/2216 1962/269/262
f 1944/2457/2217 1945/2458/2218 1953/2459/2219 1952/2053/1833
f 1937/2453/2213 1935/186/181 1943/185/180 1945/2458/2218
f 2002/293/286 1990/304/297 1992/2460/2220 2004/2461/2221
f 2004/2461/2221 1992/2460/2220 1993/2462/2222 2005/2463/2223
f 2021/2464/2224 2009/2465/2225 2007/162/158 2019/161/157
f 1974/303/296 1966/281/274 1968/2466/2226 1976/2467/2227
f 1925/2448/2208 1924/1945/1742 1929/2468/2228 1928/2469/2229
f 1989/2470/2230 1973/2471/2231 1971/172/168 1987/171/167
f 1942/288/281 1944/2457/2217 1952/2053/1833 1950/296/289
f 2000/2472/2232 2001/2473/2233 2013/2474/2234 2012/2475/2235
f 1957/2476/2236 1955/160/156 1963/177/172 1965/2477/2237
f 1958/284/277 1960/2054/1834 1968/2466/2226 1966/281/274
f 2024/2478/2238 2012/2475/2235 2013/2474/2234 2025/2479/2239
f 2001/2473/2233 1999/174/170 2011/173/169 2013/2474/2234
f 2002/293/286 2004/2461/2221 2016/2480/2240 2014/294/287
f 1968/2466/2226 1969/2481/2241 1977/2482/2242 1976/2467/2227
f 1945/2458/2218 1943/185/180 1951/184/179 1953/2459/2219
f 2046/277/270 2038/321/312 2040/2483/2243 2048/2484/2244
f 2028/2485/2245 2016/2480/2240 2017/2486/2246 2029/2487/2247
f 2005/2463/2223 1993/2462/2222 1991/148/144 2003/147/143
f 1946/152/148 1938/151/147 1940/2488/2248 1948/2449/2209
f 1952/2053/1833 1953/2459/2219 1961/2489/2249 1960/2054/1834
f 1980/2490/2250 2025/2479/2239 2023/176/171 1978/175/142
f 2995/2491/1476 2996/2492/2068 2998/2493/1617 3000/2494/2251
f 2040/2483/2243 2032/2495/2252 2033/2496/2253 2041/2497/2254
f 1949/2498/2255 1947/158/154 1955/160/156 1957/2476/2236
f 1934/287/280 1936/2454/2214 1944/2457/2217 1942/288/281
f 1981/2499/2256 1980/2500/2250 1985/2501/2257 1984/2502/2258
f 2025/2479/2239 2013/2474/2234 2011/173/169 2023/176/171
f 1974/303/296 1976/2467/2227 1992/2460/2220 1990/304/297
f 2020/2503/2259 2021/2464/2224 2033/2496/2253 2032/2495/2252
f 1997/2504/2260 1995/166/162 2007/162/158 2009/2465/2225
f 2026/312/304 2028/2485/2245 2036/2505/2261 2034/280/273
f 1984/2502/2258 1985/2501/2257 1997/2504/2260 1996/2506/2262
f 1965/2477/2237 1963/177/172 1971/172/168 1973/2471/2231
f 1931/278/271 1933/2451/2211 1936/2454/2214 1934/287/280
f 2036/2505/2261 2028/2485/2245 2029/2487/2247 2037/2455/2215
f 2029/2487/2247 2017/2486/2246 2015/165/161 2027/164/160
f 1938/151/147 1926/265/258 1928/2469/2229 1940/2488/2248
f 1948/2449/2209 1949/2498/2255 1957/2476/2236 1956/2450/2210
f 1924/1945/1742 1922/155/151 1927/157/153 1929/2468/2228
f 2018/316/307 2006/319/310 2008/2507/2263 2020/2503/2259
f 2048/2484/2244 2040/2483/2243 2041/2497/2254 2049/2508/2264
f 1985/2501/2257 1983/145/141 1995/166/162 1997/2504/2260
f 1986/290/283 1970/270/263 1972/2509/2265 1988/2510/2266
f 2004/2461/2221 2005/2463/2223 2017/2486/2246 2016/2480/2240
f 1932/2452/2212 2049/2508/2264 2047/168/164 1930/167/163
f 1923/264/257 1925/2448/2208 1928/2469/2229 1926/265/258
f 1956/2450/2210 1957/2476/2236 1965/2477/2237 1964/2456/2216
f 2021/2464/2224 2019/161/157 2031/154/150 2033/2496/2253
f 2038/321/312 2030/317/308 2032/2495/2252 2040/2483/2243
f 1940/2488/2248 1941/2511/2267 1949/2498/2255 1948/2449/2209
f 2005/2463/2223 2003/147/143 2015/165/161 2017/2486/2246
f 2042/263/256 2044/2447/2207 1925/2448/2208 1923/264/257
f 1988/2510/2266 1989/2470/2230 2001/2473/2233 2000/2472/2232
f 1941/2511/2267 1929/2468/2228 1927/157/153 1939/159/155
f 2046/277/270 2048/2484/2244 1933/2451/2211 1931/278/271
f 1988/2510/2266 1972/2509/2265 1973/2471/2231 1989/2470/2230
f 1949/2498/2255 1941/2511/2267 1939/159/155 1947/158/154
f 2018/316/307 2020/2503/2259 2032/2495/2252 2030/317/308
f 2048/2484/2244 2049/2508/2264 1932/2452/2212 1933/2451/2211
f 1969/2481/2241 1967/183/178 1975/182/177 1977/2482/2242
f 1970/270/263 1962/269/262 1964/2456/2216 1972/2509/2265
f 1940/2488/2248 1928/2469/2229 1929/2468/2228 1941/2511/2267
f 1953/2459/2219 1951/184/179 1959/187/182 1961/2489/2249
f 1982/308/300 1984/2502/2258 1996/2506/2262 1994/310/302
f 1964/2456/2216 1965/2477/2237 1973/2471/2231 1972/2509/2265
f 1961/2489/2249 1959/187/182 1967/183/178 1969/2481/2241
f 1998/298/291 2000/2472/2232 2012/2475/2235 2010/249/243
f 1960/2054/1834 1961/2489/2249 1969/2481/2241 1968/2466/2226
f 2037/2455/2215 2029/2487/2247 2027/164/160 2035/163/159
f 1986/290/283 1988/2510/2266 2000/2472/2232 1998/298/291
f 1944/2457/2217 1936/2454/2214 1937/2453/2213 1945/2458/2218
f 1989/2470/2230 1987/171/167 1999/174/170 2001/2473/2233
f 2022/250/244 2010/249/243 2012/2475/2235 2024/2478/2238
f 1981/2512/2256 2024/2478/2238 2025/2479/2239 1980/2490/2250
f 1980/2500/2250 1978/146/142 1983/145/141 1985/2501/2257
f 1979/307/299 1981/2499/2256 1984/2502/2258 1982/308/300
f 2020/2503/2259 2008/2507/2263 2009/2465/2225 2021/2464/2224
f 1932/2452/2212 1930/167/163 1935/186/181 1937/2453/2213
f 2026/312/304 2014/294/287 2016/2480/2240 2028/2485/2245
f 1976/2467/2227 1977/2482/2242 1993/2462/2222 1992/2460/2220
f 2041/2497/2254 2033/2496/2253 2031/154/150 2039/153/149
f 1994/310/302 1996/2506/2262 2008/2507/2263 2006/319/310
f 2044/2447/2207 2036/2505/2261 2037/2455/2215 2045/1944/1741
f 1977/2482/2242 1975/182/177 1991/148/144 1993/2462/2222
f 1979/313/299 2022/250/244 2024/2478/2238 1981/2512/2256
f 1996/2506/2262 1997/2504/2260 2009/2465/2225 2008/2507/2263
f 2041/2497/2254 2039/153/149 2047/168/164 2049/2508/2264
f 2034/280/273 2036/2505/2261 2044/2447/2207 2042/263/256
f 1676/2381/2144 1677/179/174 1689/178/173 1688/2420/2183
f 806/1558/1411 808/1858/1661 811/1890/1691 810/1545/1399
f 2066/127/123 2064/87/85 2126/90/88 2127/128/124
f 2107/121/117 2106/2513/2268 2108/2514/2269 2109/75/73
f 2096/2515/2270 2097/116/112 2095/115/111 2147/2516/2271
f 2169/2517/2272 2125/2518/2273 2126/90/88 2124/89/87
f 2122/2519/2274 2169/2517/2272 2124/89/87 2123/138/134
f 2096/2515/2270 2098/2520/2275 2099/134/130 2097/116/112
f 2120/2521/2276 2122/2519/2274 2123/138/134 2121/137/133
f 2161/2522/2277 2111/107/103 2110/76/74 2159/2523/2278
f 2115/98/96 2114/2524/2279 2116/2525/2280 2117/95/93
f 2176/2526/2281 2130/2527/2282 2131/101/98 2129/118/114
f 2116/2525/2280 2118/2528/2283 2119/132/128 2117/95/93
f 2161/2522/2277 2112/2529/2284 2113/108/104 2111/107/103
f 2138/169/165 2140/2530/2285 2087/112/108 2086/120/116
f 2084/170/166 2138/169/165 2086/120/116 2085/86/84
f 2108/2514/2269 2159/2523/2278 2110/76/74 2109/75/73
f 2130/2527/2282 2132/2531/2286 2082/102/77 2131/101/98
f 2106/2513/2268 2107/121/117 2105/124/120 2155/2532/2287
f 2091/2533/2288 2093/2534/2289 2094/129/125 2092/84/82
f 2176/2526/2281 2129/118/114 2128/125/121 2174/2535/2290
f 2127/128/124 2172/2536/2291 2174/2535/2290 2128/125/121
f 2091/2533/2288 2092/84/82 2090/83/81 2143/2537/2292
f 2087/112/108 2140/2530/2285 2088/2538/2293 2089/109/105
f 2152/2060/1839 2103/2061/1840 2104/94/92 2102/93/91
f 2098/2520/2275 2100/2286/2056 2101/104/100 2099/134/130
f 2118/2528/2283 2120/2521/2276 2121/137/133 2119/132/128
f 2112/2529/2284 2114/2524/2279 2115/98/96 2113/108/104
f 2088/2538/2293 2143/2537/2292 2090/83/81 2089/109/105
f 2135/2539/2294 2084/170/166 2085/86/84 2083/80/78
f 2840/2540/2295 2839/2541/2296 2848/2542/2297 2849/2543/2298
f 2125/2518/2273 2172/2536/2291 2127/128/124 2126/90/88
f 2103/2061/1840 2155/2532/2287 2105/124/120 2104/94/92
f 2135/2539/2294 2083/80/78 2082/79/77 2132/2544/2286
f 2080/106/102 2078/73/71 2110/76/74 2111/107/103
f 2171/10/10 2173/9/9 2174/2535/2290 2172/2536/2291
f 2150/18/18 2151/69/69 2152/2060/1839 2100/2286/2056
f 2175/55/55 2177/54/54 2130/2527/2282 2176/2526/2281
f 2165/49/49 2166/51/51 2120/2521/2276 2118/2528/2283
f 2155/2532/2287 2154/14/14 2156/13/13 2106/2513/2268
f 2164/19/19 2165/49/49 2118/2528/2283 2116/2525/2280
f 2145/23/23 2146/37/37 2147/2516/2271 2093/2534/2289
f 2163/20/20 2164/19/19 2116/2525/2280 2114/2524/2279
f 2096/2515/2270 2148/7/7 2149/6/6 2098/2520/2275
f 2168/45/45 2170/43/43 2125/2518/2273 2169/2517/2272
f 2139/40/40 2141/34/34 2088/2538/2293 2140/2530/2285
f 2088/2538/2293 2141/34/34 2142/33/33 2143/2537/2292
f 2157/30/30 2158/67/67 2159/2523/2278 2108/2514/2269
f 2106/2513/2268 2156/13/13 2157/30/30 2108/2514/2269
f 2137/41/41 2139/40/40 2140/2530/2285 2138/169/165
f 2134/60/60 2136/59/59 2084/170/166 2135/2539/2294
f 2162/27/27 2163/20/20 2114/2524/2279 2112/2529/2284
f 2170/43/43 2171/10/10 2172/2536/2291 2125/2518/2273
f 2098/2520/2275 2149/6/6 2150/18/18 2100/2286/2056
f 2132/2544/2286 2133/71/57 2134/60/60 2135/2539/2294
f 2147/2516/2271 2146/37/37 2148/7/7 2096/2515/2270
f 2167/46/46 2168/45/45 2169/2517/2272 2122/2519/2274
f 2608/2545/2299 2617/2546/2300 2618/2547/2301 2609/2548/2302
f 2161/2522/2277 2160/144/140 2162/27/27 2112/2529/2284
f 2173/9/9 2175/55/55 2176/2526/2281 2174/2535/2290
f 2159/2523/2278 2158/67/67 2160/144/140 2161/2522/2277
f 2177/54/54 2133/57/57 2132/2531/2286 2130/2527/2282
f 2166/51/51 2167/46/46 2122/2519/2274 2120/2521/2276
f 2103/2061/1840 2153/31/31 2154/14/14 2155/2532/2287
f 2091/2533/2288 2144/24/24 2145/23/23 2093/2534/2289
f 2142/33/33 2144/24/24 2091/2533/2288 2143/2537/2292
f 2093/2534/2289 2147/2516/2271 2095/115/111 2094/129/125
f 2198/28/28 2162/27/27 2160/144/140 2197/143/139
f 2251/736/715 2247/1037/969 2249/2549/2303 2253/2550/2304
f 2273/2551/2305 2269/2552/2306 2268/2553/2307 2272/2554/2308
f 2354/842/814 2356/2555/2309 2361/2556/2310 2359/669/648
f 2286/691/670 2288/2557/2311 2293/2558/2312 2291/688/667
f 2284/2559/2313 2285/2560/2314 2352/2561/2315 2353/2562/2316
f 2300/2563/2317 2298/789/767 2346/788/766 2348/2564/2318
f 2323/757/736 2319/755/734 2321/2565/2319 2325/2566/2320
f 2309/2567/2321 2308/2568/2322 2312/2569/2323 2313/2570/2324
f 2292/2571/2325 2290/707/686 2294/894/855 2296/2572/2326
f 2242/2436/980 2343/2435/2197 2345/2573/2327 2244/2574/2328
f 2244/2574/2328 2345/2573/2327 2344/2575/2329 2245/2576/2330
f 2281/2577/2331 2364/2578/2332 2362/950/897 2279/670/649
f 2311/741/720 2313/2570/2324 2317/2579/2333 2315/738/717
f 2249/2549/2303 2244/2580/2328 2245/2581/2330 2248/2582/2334
f 2340/2583/2335 2336/2584/2336 2334/685/664 2338/684/663
f 2247/1037/969 2242/1053/980 2244/2580/2328 2249/2549/2303
f 2273/2551/2305 2272/2554/2308 2276/2585/2337 2277/2586/2338
f 2328/2281/2051 2324/2587/2339 2322/728/707 2326/704/683
f 2258/695/674 2260/2588/2340 2265/2589/2341 2263/697/676
f 2345/2573/2327 2341/2590/2342 2340/2583/2335 2344/2575/2329
f 2245/2576/2330 2344/2575/2329 2342/857/825 2243/1024/790
f 2323/757/736 2325/2566/2320 2329/2280/2050 2327/761/740
f 2269/2552/2306 2265/2589/2341 2264/2591/2343 2268/2553/2307
f 2336/2584/2336 2332/2282/2052 2330/703/682 2334/685/664
f 2339/701/680 2335/700/679 2337/2592/2344 2341/2590/2342
f 2341/2590/2342 2337/2592/2344 2336/2584/2336 2340/2583/2335
f 2285/2560/2314 2356/2555/2309 2354/842/814 2283/841/813
f 2275/742/721 2271/745/724 2273/2551/2305 2277/2586/2338
f 2321/2565/2319 2317/2579/2333 2316/2593/2345 2320/2594/2346
f 2308/2568/2322 2306/817/791 2310/993/932 2312/2569/2323
f 2291/688/667 2293/2558/2312 2297/2595/2347 2295/752/731
f 2325/2566/2320 2324/2587/2339 2328/2281/2051 2329/2280/2050
f 2324/2587/2339 2320/2594/2346 2318/878/842 2322/728/707
f 2343/2435/2197 2339/701/680 2341/2590/2342 2345/2573/2327
f 2260/2588/2340 2261/2596/2348 2264/2591/2343 2265/2589/2341
f 2308/2568/2322 2305/2597/2349 2303/818/792 2306/817/791
f 2319/755/734 2315/738/717 2317/2579/2333 2321/2565/2319
f 2325/2566/2320 2321/2565/2319 2320/2594/2346 2324/2587/2339
f 2261/2596/2348 2259/730/709 2262/839/811 2264/2591/2343
f 2335/700/679 2331/751/730 2333/2283/2053 2337/2592/2344
f 2337/2592/2344 2333/2283/2053 2332/2282/2052 2336/2584/2336
f 2248/2582/2334 2245/2581/2330 2243/816/790 2246/815/789
f 2307/720/699 2309/2567/2321 2313/2570/2324 2311/741/720
f 2293/2558/2312 2292/2571/2325 2296/2572/2326 2297/2595/2347
f 2289/2598/2350 2352/2561/2315 2350/933/887 2287/708/687
f 2357/2599/2351 2355/682/661 2358/735/714 2360/2600/2352
f 2313/2570/2324 2312/2569/2323 2316/2593/2345 2317/2579/2333
f 1060/1691/1535 1058/1673/1517 1132/1672/1516 1135/1692/1536
f 2255/737/716 2251/736/715 2253/2550/2304 2257/2601/2353
f 2297/2595/2347 2296/2572/2326 2300/2563/2317 2301/2602/2354
f 2289/2598/2350 2287/708/687 2290/707/686 2292/2571/2325
f 2302/723/702 2304/2603/2355 2309/2567/2321 2307/720/699
f 2356/2555/2309 2357/2599/2351 2360/2600/2352 2361/2556/2310
f 2340/2583/2335 2338/684/663 2342/857/825 2344/2575/2329
f 2295/752/731 2297/2595/2347 2301/2602/2354 2299/727/706
f 2288/2557/2311 2289/2598/2350 2292/2571/2325 2293/2558/2312
f 2296/2572/2326 2294/894/855 2298/789/767 2300/2563/2317
f 2267/744/723 2263/697/676 2265/2589/2341 2269/2552/2306
f 2257/2601/2353 2253/2550/2304 2252/2604/2356 2256/2605/2357
f 2256/2605/2357 2252/2604/2356 2250/917/872 2254/791/769
f 2271/745/724 2267/744/723 2269/2552/2306 2273/2551/2305
f 2249/2549/2303 2248/2582/2334 2252/2604/2356 2253/2550/2304
f 2320/2594/2346 2316/2593/2345 2314/879/843 2318/878/842
f 2312/2569/2323 2310/993/932 2314/879/843 2316/2593/2345
f 2309/2567/2321 2304/2603/2355 2305/2597/2349 2308/2568/2322
f 2258/695/674 2367/694/673 2369/2606/2358 2260/2588/2340
f 2275/742/721 2277/2586/2338 2365/2607/2359 2363/718/697
f 2280/2608/2360 2281/2577/2331 2361/2556/2310 2360/2600/2352
f 2268/2553/2307 2266/712/691 2270/711/690 2272/2554/2308
f 2282/683/662 2355/682/661 2357/2599/2351 2284/2559/2313
f 2301/2602/2354 2300/2563/2317 2348/2564/2318 2349/2609/2361
f 2285/2560/2314 2283/841/813 2350/933/887 2352/2561/2315
f 2255/737/716 2257/2601/2353 2369/2606/2358 2367/694/673
f 2284/2559/2313 2357/2599/2351 2356/2555/2309 2285/2560/2314
f 2261/2596/2348 2368/2610/2362 2366/731/710 2259/730/709
f 2302/723/702 2347/724/703 2349/2609/2361 2304/2603/2355
f 2257/2601/2353 2256/2605/2357 2368/2610/2362 2369/2606/2358
f 2272/2554/2308 2270/711/690 2274/997/934 2276/2585/2337
f 2286/691/670 2351/715/694 2353/2562/2316 2288/2557/2311
f 2438/2611/518 2440/2612/517 2472/2613/2363 2470/2614/2364
f 2252/2604/2356 2248/2582/2334 2246/815/789 2250/917/872
f 2427/2615/2365 39/2616/2366 37/2617/2367 2429/2618/2368
f 2260/2588/2340 2369/2606/2358 2368/2610/2362 2261/2596/2348
f 2268/2553/2307 2264/2591/2343 2262/839/811 2266/712/691
f 2278/719/698 2280/2608/2360 2360/2600/2352 2358/735/714
f 2288/2557/2311 2353/2562/2316 2352/2561/2315 2289/2598/2350
f 2256/2605/2357 2254/791/769 2366/731/710 2368/2610/2362
f 2299/727/706 2301/2602/2354 2349/2609/2361 2347/724/703
f 2277/2586/2338 2276/2585/2337 2364/2578/2332 2365/2607/2359
f 2276/2585/2337 2274/997/934 2362/950/897 2364/2578/2332
f 2278/719/698 2363/718/697 2365/2607/2359 2280/2608/2360
f 2304/2603/2355 2349/2609/2361 2348/2564/2318 2305/2597/2349
f 2305/2597/2349 2348/2564/2318 2346/788/766 2303/818/792
f 2282/683/662 2284/2559/2313 2353/2562/2316 2351/715/694
f 2280/2608/2360 2365/2607/2359 2364/2578/2332 2281/2577/2331
f 2281/2577/2331 2279/670/649 2359/669/648 2361/2556/2310
f 226/1079/1002 227/698/677 2339/701/680 2343/2435/2197
f 2370/590/570 2371/589/569 224/2619/2369 225/608/587
f 2398/621/600 2397/502/485 165/505/488 164/586/567
f 2385/634/613 2384/662/641 178/140/136 177/658/637
f 2372/639/618 2370/590/570 225/608/587 223/607/586
f 2399/622/601 2398/621/600 164/586/567 163/585/566
f 2373/640/619 2372/639/618 223/607/586 222/2620/2370
f 1509/2295/2064 1506/2289/2058 1553/2621/324 1552/2622/473
f 2400/603/582 2399/622/601 163/585/566 162/593/572
f 2950/2623/429 2986/2624/429 2987/2625/2371 2949/2626/2371
f 2374/611/590 2373/640/619 222/2620/2370 221/654/633
f 2401/604/583 2400/603/582 162/593/572 161/2627/2372
f 2388/596/575 2387/595/574 175/599/578 174/628/607
f 2375/612/591 2374/611/590 221/654/633 212/653/632
f 2389/648/627 2388/596/575 174/628/607 173/631/610
f 2386/635/614 2385/634/613 177/658/637 176/600/579
f 2376/618/597 2375/612/591 212/653/632 186/664/643
f 2390/2628/2373 2389/648/627 173/631/610 172/630/609
f 2377/1325/1222 2376/618/597 186/664/643 185/643/622
f 2391/863/831 2390/2628/2373 172/630/609 171/625/604
f 1854/2438/2199 1852/2437/2198 2560/2629/880 2561/2630/809
f 2186/1313/26 2185/2631/25 2217/2632/2374 2218/1314/1213
f 1481/2297/2066 1478/1060/985 1567/1063/433 1566/2633/846
f 2394/2634/2375 2393/438/422 169/441/425 168/656/635
f 2380/479/463 2379/2635/2376 183/667/646 182/480/464
f 1802/2442/2203 1800/446/430 2534/449/433 2535/2636/846
f 2395/2637/2377 2394/2634/2375 168/656/635 167/2638/2378
f 1856/443/427 1854/2438/2199 2561/2630/809 2531/444/428
f 2540/423/402 2539/2639/401 9/2640/189 10/424/188
f 2396/503/486 2395/2637/2377 167/2638/2378 166/504/487
f 2383/661/640 2382/482/466 180/483/467 179/141/137
f 1830/489/472 1828/330/321 2548/333/324 2549/490/473
f 69/651/630 221/654/633 222/2620/2370 68/2641/2379
f 128/605/584 2401/604/583 2371/2642/569 97/2643/407
f 95/592/571 96/2644/2380 161/2627/2372 162/593/572
f 104/2645/885 2377/1325/1222 2378/1324/1221 105/2646/886
f 101/610/589 100/637/616 2373/640/619 2374/611/590
f 68/2641/2379 222/2620/2370 223/607/586 67/606/585
f 112/633/612 111/659/638 2384/662/641 2385/634/613
f 118/2647/2381 2391/863/831 2392/439/423 119/2648/2382
f 105/2646/886 2378/1324/1221 2379/2635/2376 106/2649/2383
f 120/2650/2384 2393/438/422 2394/2634/2375 121/2651/1237
f 120/2650/2384 119/2648/2382 2392/439/423 2393/438/422
f 75/626/605 182/480/464 183/667/646 74/666/645
f 109/665/644 2382/482/466 2383/661/640 110/660/639
f 117/2652/1236 2390/2628/2373 2391/863/831 118/2647/2381
f 90/1030/963 167/2638/2378 168/656/635 89/655/634
f 117/2652/1236 116/647/626 2389/648/627 2390/2628/2373
f 124/2653/2385 123/2654/940 2396/503/486 2397/502/485
f 86/624/603 171/625/604 172/630/609 85/629/608
f 106/2649/2383 2379/2635/2376 2380/479/463 107/650/629
f 80/657/636 81/601/580 176/600/579 177/658/637
f 104/2645/885 103/619/598 2376/618/597 2377/1325/1222
f 65/2655/2386 66/609/588 225/608/587 224/2619/2369
f 114/594/573 113/636/615 2386/635/614 2387/595/574
f 72/644/623 185/643/622 186/664/643 71/663/642
f 121/2651/1237 2394/2634/2375 2395/2637/2377 122/2656/939
f 84/632/611 173/631/610 174/628/607 83/627/606
f 122/2656/939 2395/2637/2377 2396/503/486 123/2654/940
f 77/616/595 78/142/138 179/141/137 180/483/467
f 2327/761/740 2329/2280/2050 2333/2283/2053 2331/751/730
f 90/1030/963 91/646/625 166/504/487 167/2638/2378
f 125/620/599 124/2653/2385 2397/502/485 2398/621/600
f 65/2657/2386 224/2658/2369 161/2627/2372 96/2644/2380
f 2422/2659/544 2424/2660/554 42/2661/2387 44/2662/2388
f 2461/2663/2389 2493/2664/2390 2495/568/549 2463/2665/2391
f 2444/2666/522 2476/2667/2392 2474/2668/2393 2442/2669/555
f 2453/1031/964 2485/2670/2394 2487/2671/2395 2455/1028/961
f 2415/2672/2396 2413/1831/1639 53/2673/2397 51/2674/2398
f 2442/2669/555 2474/2668/2393 2472/2613/2363 2440/2612/517
f 2416/2675/497 50/2676/2399 52/2677/2400 2414/2678/498
f 2425/2679/2401 41/2680/2402 39/2616/2366 2427/2615/2365
f 2450/2681/533 2482/2682/2403 2480/2683/2404 2448/2684/534
f 2421/2685/2405 45/2686/2406 43/2687/2407 2423/2688/2408
f 2433/2689/2409 2431/2690/2410 35/2691/2411 33/2692/2412
f 2446/2693/521 2478/2694/2413 2476/2667/2392 2444/2666/522
f 2432/2695/537 34/2696/2414 36/2697/2415 2430/2698/547
f 2457/1029/962 2455/1028/961 2487/2671/2395 2489/2699/2416
f 2410/2700/495 2412/2701/494 54/2702/2417 56/2703/2418
f 2407/1330/1225 2405/1329/1224 63/2704/2419 59/2705/2420
f 2411/1830/1638 55/2706/2421 53/2673/2397 2413/1831/1639
f 2414/2678/498 52/2677/2400 54/2702/2417 2412/2701/494
f 2462/2707/561 2464/2708/539 2496/570/551 2494/569/550
f 2459/2709/2422 2457/1029/962 2489/2699/2416 2491/2710/2423
f 2410/2700/495 56/2703/2418 58/2711/2424 2408/2712/531
f 2436/2713/505 2468/2714/2425 2466/2715/2426 2434/2716/506
f 2453/1031/964 2451/2717/2427 2483/2718/2428 2485/2670/2394
f 2419/2719/2429 2417/2720/2430 49/2721/2431 47/2722/2432
f 2447/2723/2433 2479/2724/2434 2481/2725/2435 2449/2726/2436
f 2460/2727/558 2492/2728/2437 2490/2729/2438 2458/2730/559
f 2454/2731/510 2486/2732/2439 2484/2733/2440 2452/2734/511
f 2432/2695/537 2434/2716/506 2466/2715/2426 34/2696/2414
f 2459/2709/2422 2491/2710/2423 2493/2664/2390 2461/2663/2389
f 2462/2707/561 2494/569/550 2492/2728/2437 2460/2727/558
f 2421/2685/2405 2419/2719/2429 47/2722/2432 45/2686/2406
f 2445/2735/2441 2477/2736/2442 2479/2724/2434 2447/2723/2433
f 1603/575/556 2442/574/555 2440/534/517 1782/537/520
f 41/2680/2402 42/2661/2387 40/2737/2443 39/2616/2366
f 62/2738/2444 61/2739/2445 64/2740/2446 63/2704/2419
f 2471/2741/2447 2469/2742/2448 2468/2714/2425 2470/2614/2364
f 33/2692/2412 34/2696/2414 2466/2715/2426 2467/2743/2449
f 63/2704/2419 64/2740/2446 60/2744/2450 59/2705/2420
f 45/2686/2406 46/2745/2451 44/2662/2388 43/2687/2407
f 39/2616/2366 40/2737/2443 38/2746/2452 37/2617/2367
f 2479/2724/2434 2478/2694/2413 2480/2683/2404 2481/2725/2435
f 2485/2670/2394 2484/2733/2440 2486/2732/2439 2487/2671/2395
f 2487/2671/2395 2486/2732/2439 2488/2747/2453 2489/2699/2416
f 51/2674/2398 52/2677/2400 50/2676/2399 49/2721/2431
f 57/2748/2454 58/2711/2424 56/2703/2418 55/2706/2421
f 47/2722/2432 48/2749/2455 46/2745/2451 45/2686/2406
f 2475/2750/2456 2474/2668/2393 2476/2667/2392 2477/2736/2442
f 2483/2718/2428 2482/2682/2403 2484/2733/2440 2485/2670/2394
f 55/2706/2421 56/2703/2418 54/2702/2417 53/2673/2397
f 2491/2710/2423 2489/2699/2416 2488/2747/2453 2490/2729/2438
f 59/2705/2420 60/2744/2450 58/2711/2424 57/2748/2454
f 49/2721/2431 50/2676/2399 48/2749/2455 47/2722/2432
f 53/2673/2397 54/2702/2417 52/2677/2400 51/2674/2398
f 2473/2751/2457 2472/2613/2363 2474/2668/2393 2475/2750/2456
f 2491/2710/2423 2490/2729/2438 2492/2728/2437 2493/2664/2390
f 2467/2743/2449 2466/2715/2426 2468/2714/2425 2469/2742/2448
f 1870/320/311 1868/314/305 2030/317/308 2038/321/312
f 62/2752/2444 2497/571/552 2496/570/551 61/2753/2445
f 2483/2718/2428 2481/2725/2435 2480/2683/2404 2482/2682/2403
f 43/2687/2407 44/2662/2388 42/2661/2387 41/2680/2402
f 2477/2736/2442 2476/2667/2392 2478/2694/2413 2479/2724/2434
f 2471/2741/2447 2470/2614/2364 2472/2613/2363 2473/2751/2457
f 37/2617/2367 38/2746/2452 36/2697/2415 35/2691/2411
f 2493/2664/2390 2492/2728/2437 2494/569/550 2495/568/549
f 2458/2730/559 2490/2729/2438 2488/2747/2453 2456/2754/525
f 2409/2755/2458 2407/1330/1225 59/2705/2420 57/2748/2454
f 2443/905/863 2475/2750/2456 2477/2736/2442 2445/2735/2441
f 2408/2712/531 58/2711/2424 60/2744/2450 2406/2756/563
f 2463/2665/2391 2495/568/549 2497/571/552 2465/2757/2459
f 2406/2756/563 60/2744/2450 64/2740/2446 2404/2758/513
f 2436/2713/505 2438/2611/518 2470/2614/2364 2468/2714/2425
f 2431/2690/2410 2429/2618/2368 37/2617/2367 35/2691/2411
f 2439/1328/1223 2471/2741/2447 2473/2751/2457 2441/904/862
f 2430/2698/547 36/2697/2415 38/2746/2452 2428/2759/527
f 2405/1329/1224 2402/2760/2460 62/2738/2444 63/2704/2419
f 2422/2659/544 44/2662/2388 46/2745/2451 2420/2761/545
f 2402/2762/2460 2465/2757/2459 2497/571/552 62/2752/2444
f 2403/2763/514 61/2753/2445 2496/570/551 2464/2708/539
f 2441/904/862 2473/2751/2457 2475/2750/2456 2443/905/863
f 2418/2764/541 48/2749/2455 50/2676/2399 2416/2675/497
f 2437/2765/2461 2469/2742/2448 2471/2741/2447 2439/1328/1223
f 428/1575/1427 804/1574/1426 806/1558/1411 429/1479/1347
f 2426/2766/528 40/2737/2443 42/2661/2387 2424/2660/554
f 2437/2765/2461 2435/2767/2462 2467/2743/2449 2469/2742/2448
f 2420/2761/545 46/2745/2451 48/2749/2455 2418/2764/541
f 2086/120/116 2074/119/115 2071/85/83 2085/86/84
f 2426/2766/528 2428/2759/527 38/2746/2452 40/2737/2443
f 2449/2726/2436 2481/2725/2435 2483/2718/2428 2451/2717/2427
f 2411/1830/1638 2409/2755/2458 57/2748/2454 55/2706/2421
f 2417/2720/2430 2415/2672/2396 51/2674/2398 49/2721/2431
f 2404/2758/513 64/2740/2446 61/2739/2445 2403/2768/514
f 2433/2689/2409 33/2692/2412 2467/2743/2449 2435/2767/2462
f 2452/2734/511 2484/2733/2440 2482/2682/2403 2450/2681/533
f 2454/2731/510 2456/2754/525 2488/2747/2453 2486/2732/2439
f 2448/2684/534 2480/2683/2404 2478/2694/2413 2446/2693/521
f 2423/2688/2408 43/2687/2407 41/2680/2402 2425/2679/2401
f 742/2008/1791 745/1997/1784 525/495/478 526/494/477
f 1418/2253/2024 1416/2272/2042 2517/2769/2463 2518/2770/2464
f 543/2771/2465 708/1622/1467 765/1621/1466 515/2772/2466
f 735/966/912 715/965/911 540/433/417 530/432/416
f 720/1841/1645 719/1585/1434 538/902/860 537/2773/2467
f 516/2774/2468 762/1807/1623 756/1806/1622 519/2775/2469
f 767/427/411 708/1622/1467 543/2771/2465 514/983/926
f 534/899/858 727/999/936 716/1804/1620 539/2776/2470
f 765/1621/1466 762/1807/1623 516/2774/2468 515/2772/2466
f 739/1835/1641 748/1590/1439 523/799/775 528/1596/1445
f 745/1997/1784 733/1819/1633 531/2777/2471 525/495/478
f 752/1306/1210 751/1305/1209 522/477/461 521/476/460
f 758/1810/1626 752/1306/1210 521/476/460 518/2778/2472
f 756/1806/1622 755/1834/1640 520/2779/2473 519/2775/2469
f 736/1818/1632 735/966/912 530/432/416 529/501/484
f 523/799/775 748/1590/1439 747/1589/1438 524/800/776
f 538/902/860 719/1585/1434 712/1584/1433 541/903/861
f 544/486/469 707/1827/1637 768/1826/412 513/487/470
f 531/2777/2471 733/1819/1633 736/1818/1632 529/501/484
f 712/1584/1433 707/1827/1637 544/486/469 541/903/861
f 729/1000/937 727/999/936 534/899/858 533/898/857
f 747/1589/1438 740/1617/1462 527/1311/1212 524/800/776
f 716/1804/1620 724/1803/1619 535/2780/2474 539/2776/2470
f 710/1809/1625 761/1808/1624 517/2781/2475 542/2782/2476
f 520/2779/2473 755/1834/1640 710/1809/1625 542/2782/2476
f 540/433/417 715/965/911 730/1065/988 532/2783/2477
f 722/1805/1621 720/1841/1645 537/2773/2467 536/2784/2478
f 517/2781/2475 761/1808/1624 758/1810/1626 518/2778/2472
f 535/2780/2474 724/1803/1619 722/1805/1621 536/2784/2478
f 751/1305/1209 739/1835/1641 528/1596/1445 522/477/461
f 730/1065/988 729/1000/937 533/898/857 532/2783/2477
f 527/1311/1212 740/1617/1462 742/2008/1791 526/494/477
f 680/2785/1602 681/2786/1592 552/2787/2479 551/2788/2480
f 648/1781/1603 645/1778/1600 516/2774/2468 519/2775/2469
f 666/1773/1564 665/1752/1563 536/2784/2478 537/2773/2467
f 1820/471/455 1818/2439/2200 2543/2789/1017 2544/472/456
f 2193/2790/15 2192/2791/32 2224/2792/2481 2225/2793/2482
f 857/1883/1684 855/1889/1690 763/2794/1381 764/2795/1382
f 2978/2796/2483 3011/2797/444 2977/2798/2484
f 633/2799/1444 1098/2800/1495 1097/2801/880 634/2802/774
f 490/1659/1503 1021/1658/1502 1025/2040/1820 491/2803/2485
f 643/1737/65 642/1736/64 513/982/470 514/983/926
f 1804/393/382 1802/2442/2203 2535/2636/846 2536/394/383
f 86/624/603 2445/2735/2441 2447/2723/2433 87/615/594
f 644/1777/1599 672/1770/1595 543/2771/2465 515/2772/2466
f 1154/2157/1913 475/2804/1275 468/2805/1750 1160/2158/1933
f 668/1760/1589 663/896/764 534/899/858 539/2776/2470
f 337/1252/1157 338/968/914 306/971/917 305/1334/1111
f 632/1783/458 1101/2806/394 1098/2800/1495 633/2799/1444
f 649/1766/1479 648/1781/1603 519/2775/2469 520/2779/2473
f 655/493/476 656/1310/810 527/1311/1212 526/494/477
f 930/1403/1283 922/1979/1771 921/1989/1777 953/1958/1752
f 1836/1620/1465 1834/2444/2205 2551/1331/839 2552/1351/954
f 673/485/468 670/900/859 541/903/861 544/486/469
f 496/760/739 1039/1629/1474 1043/497/480 497/496/479
f 955/1985/1775 911/1957/1751 914/768/747 947/767/746
f 699/776/755 702/2807/1569 573/2808/2486 570/777/756
f 131/918/873 130/418/405 98/421/408 99/2809/617
f 658/500/483 660/2810/1583 531/2777/2471 529/501/484
f 662/897/762 661/1745/1453 532/2783/2477 533/898/857
f 135/840/812 134/733/712 102/2811/592 103/2812/598
f 260/832/806 261/1180/1087 192/1829/972 191/833/807
f 661/1745/1453 669/430/414 540/433/417 532/2783/2477
f 502/1816/1630 1057/1815/1629 1061/1647/1491 503/1646/1490
f 875/1977/1769 924/1980/1772 908/2006/1790 881/1996/1783
f 574/2813/2487 549/2814/2488 505/2815/2489 506/1014/949
f 559/2816/2490 558/758/737 497/496/479 498/499/482
f 557/759/738 563/939/891 495/1626/1471 496/760/739
f 548/2817/2491 551/2788/2480 508/2015/1797 509/1640/1484
f 547/2818/2492 548/2817/2491 509/1640/1484 510/1587/1436
f 511/463/447 575/2819/2493 547/2818/2492 510/1587/1436
f 572/2820/2494 564/2821/2495 491/2803/2485 492/2822/2496
f 500/1591/1440 555/2823/2497 556/2824/2498 499/1653/1497
f 505/2815/2489 549/2814/2488 550/2825/2499 504/1649/1493
f 567/453/437 568/452/436 486/1599/1447 487/1603/1451
f 564/2821/2495 565/2826/2500 490/1659/1503 491/2803/2485
f 569/778/757 570/777/756 484/1609/1454 485/1600/1448
f 573/2808/2486 576/2827/2501 482/1638/1482 483/1618/1463
f 571/1655/1499 567/453/437 487/1603/1451 488/1615/1460
f 560/802/778 555/2823/2497 500/1591/1440 501/1594/1443
f 482/1638/1482 576/2827/2501 545/2828/798 481/1836/1486
f 563/939/891 561/806/782 494/1623/1468 495/1626/1471
f 484/1609/1454 570/777/756 573/2808/2486 483/1618/1463
f 565/2826/2500 566/2829/2502 489/1656/1500 490/1659/1503
f 553/457/441 554/456/440 502/1816/1630 503/1646/1490
f 562/805/781 572/2820/2494 492/2822/2496 493/1627/1472
f 556/2824/2498 559/2816/2490 498/499/482 499/1653/1497
f 568/452/436 569/778/757 485/1600/1448 486/1599/1447
f 481/1642/1486 545/824/798 546/823/797 512/462/446
f 551/2788/2480 552/2787/2479 507/1017/952 508/2015/1797
f 507/1017/952 552/2787/2479 574/2813/2487 506/1014/949
f 502/1816/1630 554/456/440 560/802/778 501/1594/1443
f 494/1623/1468 561/806/782 562/805/781 493/1627/1472
f 489/1656/1500 566/2829/2502 571/1655/1499 488/1615/1460
f 546/823/797 575/2819/2493 511/463/447 512/462/446
f 550/2825/2499 553/457/441 503/1646/1490 504/1649/1493
f 1260/2173/1948 461/2830/1281 480/860/828 1264/859/827
f 269/911/868 270/1220/1126 201/2014/958 200/912/869
f 665/1752/1563 664/1751/1582 535/2780/2474 536/2784/2478
f 283/1213/1119 284/1206/1112 216/2831/377 215/2832/965
f 360/1271/1176 392/1908/1708 393/1907/1707 361/1272/1177
f 855/1889/1690 851/845/817 760/848/820 763/2794/1381
f 358/1267/1172 357/1283/1187 389/1485/1353 390/1919/1719
f 704/2833/1594 676/2834/1598 547/2818/2492 575/2819/2493
f 688/2835/1572 687/2836/1579 558/758/737 559/2816/2490
f 689/801/777 684/2837/1571 555/2823/2497 560/802/778
f 687/2836/1579 686/937/889 557/759/738 558/758/737
f 780/677/656 777/1878/1681 711/2838/1365 713/678/657
f 284/1206/1112 285/1209/1115 217/2839/378 216/2831/377
f 626/2840/1600 1115/2841/839 1112/2842/954 636/2843/1603
f 158/686/665 157/702/681 125/2844/599 126/935/602
f 397/1911/1711 398/1928/1728 366/2207/1981 365/2206/1980
f 645/1778/1600 644/1777/1599 515/2772/2466 516/2774/2468
f 2201/914/50 2200/1316/22 2232/1319/1216 2233/915/870
f 2180/2845/62 2179/2846/61 2210/2847/2503 2212/2848/2504
f 2189/2849/5 2188/2850/8 2220/2851/2505 2221/2852/2506
f 691/804/780 701/2853/1570 572/2820/2494 562/805/781
f 676/2834/1598 677/2854/1601 548/2817/2491 547/2818/2492
f 262/1195/1101 263/763/742 194/2855/919 193/1828/918
f 803/1856/1659 800/1869/1672 726/2856/1360 728/2857/1361
f 614/2858/1589 1137/2859/402 1134/2308/409 617/1763/1582
f 650/475/459 647/1741/1446 518/2778/2472 521/476/460
f 2556/1350/1239 2555/810/444 25/852/238 26/2860/237
f 677/2854/1601 680/2785/1602 551/2788/2480 548/2817/2491
f 285/1209/1115 286/1189/1095 218/2861/904 217/2839/378
f 156/705/684 155/729/708 123/1003/940 124/2862/2385
f 2371/2642/569 2401/604/583 161/2627/2372 224/2658/2369
f 667/901/771 666/1773/1564 537/2773/2467 538/902/860
f 327/1242/1148 328/1231/1137 296/2863/1036 295/2864/1059
f 94/584/565 2461/2663/2389 2463/2665/2391 95/592/571
f 613/786/764 1138/785/401 1137/2859/402 614/2858/1589
f 160/858/826 159/687/666 127/936/581 128/2865/584
f 1812/2443/2204 1810/401/390 2539/2639/401 2540/423/402
f 492/2822/2496 1028/2042/1822 1030/1628/1473 493/1627/1472
f 807/1857/1660 803/1856/1659 728/2857/1361 731/2866/1801
f 145/709/688 144/934/888 112/2867/612 113/2868/615
f 344/828/802 345/1044/974 313/1047/977 312/829/803
f 1518/2294/2063 1517/2290/2059 1548/2869/984 1547/2870/443
f 1474/2296/2065 1537/2304/840 1539/2871/429 1569/2872/2507
f 1482/1055/982 1481/2297/2066 1566/2633/846 1565/1056/383
f 96/2644/2380 95/592/571 2463/2665/2391 2465/2757/2459
f 505/2815/2489 1067/2048/1828 1069/1015/950 506/1014/949
f 1494/1644/1488 1493/2292/2061 1560/2873/409 1559/1645/1489
f 78/142/138 2429/2618/2368 2431/2690/2410 79/139/135
f 1502/1822/1636 1501/2302/2071 1556/2874/457 1555/1823/1481
f 1160/2158/1933 468/2805/1750 467/2875/1753 1165/2193/1968
f 504/1649/1493 1063/1648/1492 1067/2048/1828 505/2815/2489
f 1808/400/389 1806/392/381 2537/395/384 2538/2876/763
f 678/2877/1574 679/2878/1575 550/2825/2499 549/2814/2488
f 616/1608/1453 1143/1607/384 1141/784/763 638/783/762
f 282/1201/1107 283/1213/1119 215/2832/965 214/2003/955
f 2560/2629/880 2559/1651/1495 29/2879/201 30/2880/226
f 610/2881/475 1153/2882/2507 1150/2883/432 639/1754/1583
f 623/1787/468 1125/2884/1481 1122/2885/323 622/64/64
f 627/2886/2508 1118/2887/473 1116/2888/474 625/2889/1599
f 625/2889/1599 1116/2888/474 1115/2841/839 626/2840/1600
f 640/838/810 1093/837/428 1090/2890/429 609/2891/476
f 705/2892/1568 674/2893/795 545/2828/798 576/2827/2501
f 2227/2894/1234 2223/2895/2509 2210/2896/2503 2235/2897/1261
f 590/2898/2510 625/2889/1599 626/2840/1600 589/2899/2511
f 616/1608/1453 638/783/762 602/1758/1587 603/1771/1596
f 592/66/66 621/65/65 627/2886/2508 591/2900/2512
f 694/1764/1591 693/1746/1578 661/1745/1453 662/897/762
f 609/2901/476 610/2881/475 608/2902/2513 577/2903/2514
f 632/1783/458 633/2799/1444 581/2904/2515 582/1784/1604
f 611/882/483 612/885/415 605/2905/2516 606/1755/1584
f 699/1786/755 698/1774/754 666/1773/1564 667/901/771
f 612/885/415 615/1605/414 604/1772/1597 605/2905/2516
f 690/2906/779 658/500/483 659/431/415 691/1730/780
f 686/2907/889 687/1747/1579 655/493/476 654/492/475
f 591/2900/2512 627/2886/2508 625/2889/1599 590/2898/2510
f 692/2908/890 660/2810/1583 658/500/483 690/2906/779
f 692/2908/890 686/2907/889 654/492/475 660/2810/1583
f 635/1598/1446 631/1782/459 583/1785/1605 584/2909/2517
f 640/838/810 609/2891/476 577/2910/2514 578/1748/1580
f 630/461/445 635/1598/1446 584/2909/2517 585/2911/2518
f 677/1779/1601 645/1778/1600 648/1781/1603 680/1780/1602
f 586/1725/1567 629/458/442 630/461/445 585/2911/2518
f 601/1757/1586 613/786/764 614/2858/1589 600/2912/2519
f 634/2802/774 637/835/773 579/1749/1581 580/2913/2520
f 684/1732/1571 652/798/774 653/797/773 685/1734/1573
f 633/2799/1444 634/2802/774 580/2913/2520 581/2904/2515
f 600/2912/2519 614/2858/1589 617/1763/1582 599/1762/1590
f 589/2899/2511 626/2840/1600 636/2843/1603 588/2914/2521
f 678/1739/1574 703/1768/1593 671/1767/442 646/1740/445
f 594/1788/1606 623/1787/468 622/64/64 593/63/63
f 679/1742/1575 647/1741/1446 650/475/459 682/1775/438
f 705/1726/1568 673/485/468 642/484/64 674/2915/795
f 588/2914/2521 636/2843/1603 628/1634/1479 587/1724/1566
f 610/2881/475 639/1754/1583 607/1756/1585 608/2902/2513
f 1852/2437/2198 1850/1650/1494 2559/1651/1495 2560/2629/880
f 607/2916/1585 641/2917/2522 608/2918/2513
f 589/2919/2511 641/2917/2522 590/2920/2510
f 601/2921/1586 641/2917/2522 602/2922/1587
f 590/2920/2510 641/2917/2522 591/2923/2512
f 599/2924/1590 641/2917/2522 600/2925/2519
f 586/2926/1567 641/2917/2522 587/2927/1566
f 608/2918/2513 641/2917/2522 577/2928/2514
f 588/2929/2521 641/2917/2522 589/2919/2511
f 591/2923/2512 641/2917/2522 592/2930/66
f 605/2931/2516 641/2917/2522 606/2932/1584
f 578/2933/1580 641/2917/2522 579/2934/1581
f 585/2935/2518 641/2917/2522 586/2926/1567
f 600/2925/2519 641/2917/2522 601/2921/1586
f 583/2936/1605 641/2917/2522 584/2937/2517
f 597/2938/1565 641/2917/2522 598/2939/1562
f 603/2940/1596 641/2917/2522 604/2941/1597
f 581/2942/2515 641/2917/2522 582/2943/1604
f 582/2943/1604 641/2917/2522 583/2936/1605
f 604/2941/1597 641/2917/2522 605/2931/2516
f 577/2944/2514 641/2917/2522 578/2933/1580
f 580/2945/2520 641/2917/2522 581/2942/2515
f 598/2939/1562 641/2917/2522 599/2924/1590
f 584/2937/2517 641/2917/2522 585/2935/2518
f 595/2946/1577 641/2917/2522 596/2947/1576
f 587/2927/1566 641/2917/2522 588/2929/2521
f 592/2930/66 641/2917/2522 593/2948/63
f 579/2934/1581 641/2917/2522 580/2945/2520
f 594/2949/1606 641/2917/2522 595/2946/1577
f 602/2922/1587 641/2917/2522 603/2940/1596
f 596/2947/1576 641/2917/2522 597/2938/1565
f 606/2932/1584 641/2917/2522 607/2916/1585
f 593/2948/63 641/2917/2522 594/2949/1606
f 610/2881/475 609/2901/476 1090/2950/429 1153/2882/2507
f 840/1870/1673 836/1850/1653 750/2951/1799 753/2952/1372
f 822/1843/1647 818/906/864 738/909/867 741/1844/1422
f 2198/2953/28 2197/2954/139 2229/2955/2523 2230/2956/2524
f 1501/2302/2071 1498/1357/1244 1557/1360/456 1556/2874/457
f 150/819/793 149/787/765 117/1347/1236 118/2957/2381
f 679/2878/1575 682/454/438 553/457/441 550/2825/2499
f 842/1385/1265 840/1870/1673 753/2952/1372 754/1386/1266
f 1517/2290/2059 1514/1018/953 1549/1019/954 1548/2869/984
f 2204/1381/48 2203/1378/47 2235/1379/1261 2236/1382/1262
f 277/812/786 278/1181/1088 209/1938/922 208/813/787
f 834/1849/1652 830/1900/1701 746/2958/1370 749/2959/1369
f 675/822/796 704/2833/1594 575/2819/2493 546/823/797
f 777/1878/1681 774/1877/1680 709/2960/1362 711/2838/1365
f 1506/2289/2058 1505/1821/1635 1554/1824/323 1553/2621/324
f 701/2853/1570 693/2961/1578 564/2821/2495 572/2820/2494
f 830/1900/1701 827/886/847 744/889/850 746/2958/1370
f 2191/2962/70 2190/2963/17 2222/2964/2525 2223/2965/2509
f 134/733/712 133/732/711 101/1999/589 102/2811/592
f 1285/2190/1965 460/2966/1302 459/1371/1254 1289/1370/1253
f 1834/2444/2205 1832/488/471 2550/491/474 2551/1331/839
f 800/1869/1672 798/1868/1671 725/2967/1377 726/2856/1360
f 2179/2846/61 2178/2968/58 2211/2969/2526 2210/2847/2503
f 353/2229/490 384/2224/1998 416/1013/948 385/1935/491
f 931/1614/1459 904/1613/1458 923/1966/1759 949/1429/1305
f 1510/871/838 1509/2295/2064 1552/2622/473 1551/872/474
f 286/1189/1095 287/1192/1098 219/2970/905 218/2861/904
f 987/1842/1646 720/1841/1645 722/1805/1621 984/1528/1384
f 2197/2954/139 2196/1343/68 2228/1346/1235 2229/2955/2523
f 695/2971/1588 700/1654/1498 571/1655/1499 566/2829/2502
f 1280/1796/1613 451/1795/1612 460/2966/1302 1285/2190/1965
f 381/2239/2011 380/1294/1198 412/1389/1269 413/1943/1740
f 694/2972/1591 695/2971/1588 566/2829/2502 565/2826/2500
f 2182/2973/39 2181/2974/42 2213/2975/2527 2214/2976/2528
f 1254/2195/1970 462/2977/1289 461/2830/1281 1260/2173/1948
f 1810/401/390 1808/400/389 2538/2876/763 2539/2639/401
f 693/2961/1578 694/2972/1591 565/2826/2500 564/2821/2495
f 355/2226/2000 354/506/489 386/509/492 387/1946/1743
f 1174/1377/1260 458/1376/1259 457/1067/990 1180/1066/989
f 1195/1338/1229 466/1337/1228 478/1790/1608 1200/1789/1607
f 144/934/888 143/844/816 111/910/638 112/2867/612
f 391/1951/1748 392/1908/1708 360/1271/1176 359/1268/1173
f 377/1838/1642 376/2212/1986 408/1903/1703 409/1839/1643
f 393/1907/1707 394/1353/1240 362/2216/1990 361/1272/1177
f 685/2978/1573 688/2835/1572 559/2816/2490 556/2824/2498
f 382/2237/2009 381/2239/2011 413/1943/1740 414/1948/1745
f 367/2231/2003 399/1924/1724 400/1927/1727 368/1292/1196
f 365/2206/1980 364/2210/1984 396/1912/1712 397/1911/1711
f 398/1928/1728 399/1924/1724 367/2231/2003 366/2207/1981
f 394/1353/1240 395/1356/1243 363/2220/1994 362/2216/1990
f 407/1904/1704 408/1903/1703 376/2212/1986 375/2004/1788
f 681/2786/1592 703/2979/1593 574/2813/2487 552/2787/2479
f 415/1010/945 416/1013/948 384/2224/1998 383/2223/1997
f 836/1850/1653 834/1849/1652 749/2959/1369 750/2951/1799
f 703/2979/1593 678/2877/1574 549/2814/2488 574/2813/2487
f 387/1946/1743 388/1482/1350 356/2227/2001 355/2226/2000
f 395/1356/1243 396/1912/1712 364/2210/1984 363/2220/1994
f 404/1920/1720 405/1366/1249 373/1298/1202 372/1280/1184
f 410/1840/1644 411/1388/1268 379/1261/1166 378/1260/1165
f 402/1933/1733 403/1921/1721 371/1279/1183 370/1287/1191
f 798/1868/1671 795/1898/1699 723/2980/1378 725/2967/1377
f 400/1927/1727 401/1939/1736 369/1286/1190 368/1292/1196
f 341/1235/1141 342/1238/1144 310/2981/1067 309/2982/2529
f 938/1436/1311 918/1964/1757 920/1820/1634 959/1453/1322
f 2328/2281/2051 2326/704/683 2330/703/682 2332/2282/2052
f 288/1184/1091 187/1187/832 188/2983/835 220/2984/908
f 264/766/745 265/406/395 196/409/398 195/2985/943
f 321/1245/875 322/1248/1153 290/2986/2530 289/2987/876
f 347/1263/1168 348/1274/1179 316/2988/2531 315/2989/1043
f 325/1227/1133 326/1239/1145 294/2990/1058 293/2991/2532
f 326/1239/1145 327/1242/1148 295/2864/1059 294/2990/1058
f 348/1274/1179 349/1256/1161 317/1309/1070 316/2988/2531
f 324/1228/1134 325/1227/1133 293/2991/2532 292/2992/1050
f 328/1231/1137 329/1234/1140 297/2993/1037 296/2863/1036
f 342/1238/1144 343/827/801 311/830/804 310/2981/1067
f 339/969/915 340/2202/1976 308/2994/2533 307/970/916
f 273/1216/1122 274/940/892 205/941/853 204/2995/852
f 331/397/386 332/1289/1193 300/2996/2534 299/398/387
f 323/1251/1156 324/1228/1134 292/2992/1050 291/2997/1049
f 491/2803/2485 1025/2040/1820 1028/2042/1822 492/2822/2496
f 340/2202/1976 341/1235/1141 309/2982/2529 308/2994/2533
f 136/713/692 135/840/812 103/2812/598 104/931/885
f 160/858/826 128/2865/584 97/2998/407 129/1025/406
f 350/1255/1160 351/929/883 319/930/884 318/1308/1071
f 333/1225/1131 334/1222/1128 302/2999/1056 301/3000/2535
f 1493/2292/2061 1490/410/399 1561/413/402 1560/2873/409
f 647/1741/1446 646/1740/445 517/2781/2475 518/2778/2472
f 334/1222/1128 335/1/1 303/4/4 302/2999/1056
f 1814/2440/2201 1812/2443/2204 2540/423/402 2541/422/409
f 332/1289/1193 333/1225/1131 301/3000/2535 300/2996/2534
f 664/1751/1582 668/1760/1589 539/2776/2470 535/2780/2474
f 258/865/833 259/831/805 190/834/808 189/866/834
f 612/885/415 1147/884/846 1144/1606/383 615/1605/414
f 1219/2185/1960 449/3001/1345 472/3002/1270 1224/2181/1956
f 322/1248/1153 323/1251/1156 291/2997/1049 290/2986/2530
f 2178/3003/58 2209/3004/53 2241/3005/2536 2211/3006/2526
f 287/1192/1098 288/1184/1091 220/2984/908 219/2970/905
f 660/2810/1583 654/492/475 525/495/478 531/2777/2471
f 1400/2251/2022 2509/3007/2537 2510/1114/1032 1403/1113/1031
f 2516/1135/1052 307/1138/916 308/3008/2533 2517/2769/2463
f 2502/3009/2538 2501/1134/1051 292/1133/1050 293/3010/2532
f 1425/2266/2036 2521/1156/1066 2522/1177/1084 1426/2267/2037
f 1393/1171/1080 2505/1117/1035 2506/1120/1038 1395/1151/1065
f 1418/2253/2024 2518/2770/2464 2519/1149/1063 1421/1148/1062
f 2137/41/41 2136/59/59 2180/62/62 2181/42/42
f 2504/1146/1060 295/1145/1059 296/1118/1036 2505/1117/1035
f 1398/1127/1044 2508/1130/1047 2509/3007/2537 1400/2251/2022
f 2503/1143/1057 2502/3009/2538 293/3010/2532 294/1144/1058
f 1415/1140/1055 2516/1135/1052 2517/2769/2463 1416/2272/2042
f 2514/1112/1030 2513/1111/1029 304/1175/3 305/1205/1111
f 1378/2243/1127 2498/3011/1026 2499/1169/1078 1381/1168/1077
f 2526/1159/1069 2525/1174/1083 316/3012/2531 317/1160/1070
f 1436/2261/2032 2527/1158/1068 2528/1164/1074 1438/1163/1073
f 1385/2247/2018 2501/1134/1051 2502/3009/2538 1386/2248/2019
f 2510/1114/1032 301/3013/2535 302/1141/1056 2511/1115/1033
f 2518/2770/2464 2517/2769/2463 308/3008/2533 309/3014/2529
f 2500/1131/1048 2499/1169/1078 290/3015/2530 291/1132/1049
f 2518/2770/2464 309/3014/2529 310/1157/1067 2519/1149/1063
f 1383/1170/1079 2500/1131/1048 2501/1134/1051 1385/2247/2018
f 2498/3011/1026 289/3016/876 290/3015/2530 2499/1169/1078
f 2509/3007/2537 300/3017/2534 301/3013/2535 2510/1114/1032
f 2527/1158/1068 318/1161/1071 319/1167/884 2528/1164/1074
f 1429/2277/2047 1426/2267/2037 2522/1177/1084 2523/1124/1042
f 2525/1174/1083 2524/1123/1041 315/1126/1043 316/3012/2531
f 1386/2248/2019 2502/3009/2538 2503/1143/1057 1389/1165/1075
f 2508/1130/1047 299/1153/387 300/3017/2534 2509/3007/2537
f 2522/1177/1084 313/1176/977 314/1125/976 2523/1124/1042
f 1422/1147/1061 2520/1150/1064 2521/1156/1066 1425/2266/2036
f 1431/1173/1082 1429/2277/2047 2523/1124/1042 2524/1123/1041
f 1436/2261/2032 1435/2257/2028 2526/1159/1069 2527/1158/1068
f 191/1040/807 192/1042/972 1528/1043/973 1531/1041/971
f 1597/1100/1020 1598/672/651 254/675/654 253/693/672
f 241/690/669 1585/1099/1019 1586/1088/1010 242/714/693
f 250/743/722 1594/1084/1006 1595/1075/998 251/696/675
f 1573/1104/1024 1574/1070/993 230/762/741 229/750/729
f 244/681/660 1588/1103/1023 1589/1101/1021 245/734/713
f 266/407/396 267/746/725 198/749/728 197/408/397
f 1529/2303/2072 1526/402/391 1543/405/394 1542/3018/1495
f 272/854/822 273/1216/1122 204/2995/852 203/855/823
f 329/1234/1140 330/396/385 298/399/388 297/2993/1037
f 157/702/681 156/705/684 124/2862/2385 125/2844/599
f 147/895/856 146/706/685 114/3019/573 115/1326/576
f 692/938/890 690/803/779 561/806/782 563/939/891
f 671/1767/442 649/1766/1479 520/2779/2473 542/2782/2476
f 146/706/685 145/709/688 113/2868/615 114/3019/573
f 635/1598/1446 1105/1597/1239 1102/3020/393 631/1782/459
f 1215/437/421 473/436/420 449/3001/1345 1219/2185/1960
f 945/1323/1220 927/1322/1219 901/1976/1768 940/1426/1303
f 263/763/742 264/766/745 195/2985/943 194/2855/919
f 80/657/636 2433/2689/2409 2435/2767/2462 81/601/580
f 992/1491/1356 708/1622/1467 767/427/411 962/426/410
f 488/1615/1460 1015/1616/1461 1018/1657/1501 489/1656/1500
f 1230/2182/1957 471/3021/1272 453/1369/1252 1234/1368/1251
f 1522/2291/2060 1521/2293/2062 1546/3022/444 1545/3023/1239
f 76/617/596 2425/2679/2401 2427/2615/2365 77/616/595
f 346/1045/975 347/1263/1168 315/2989/1043 314/1046/976
f 1816/2441/2202 1814/2440/2201 2541/422/409 2542/3024/1489
f 631/1782/459 1102/3020/393 1101/2806/394 632/1783/458
f 1525/403/392 1522/2291/2060 1545/3023/1239 1544/404/393
f 151/820/794 150/819/793 118/2957/2381 119/3025/2382
f 138/996/933 137/710/689 105/932/886 106/3026/2383
f 152/992/931 151/820/794 119/3025/2382 120/3027/2384
f 139/951/898 138/996/933 106/3026/2383 107/994/629
f 153/880/844 152/992/931 120/3027/2384 121/1348/1237
f 1204/1792/1609 477/1791/1307 474/435/419 1209/434/418
f 390/1919/1719 391/1951/1748 359/1268/1173 358/1267/1172
f 620/796/772 1127/795/457 1125/2884/1481 623/1787/468
f 672/1770/1595 643/1737/65 514/983/926 543/2771/2465
f 1521/2293/2062 1518/2294/2063 1547/2870/443 1546/3022/444
f 973/1517/1376 748/1590/1439 739/1835/1641 977/1510/1371
f 72/644/623 2417/2720/2430 2419/2719/2429 73/641/620
f 82/598/577 2437/2765/2461 2439/1328/1223 83/627/606
f 81/601/580 2435/2767/2462 2437/2765/2461 82/598/577
f 65/2655/2386 2402/2760/2460 2405/1329/1224 66/609/588
f 68/2641/2379 2409/2755/2458 2411/1830/1638 69/651/630
f 70/652/631 2413/1831/1639 2415/2672/2396 71/663/642
f 67/606/585 2407/1330/1225 2409/2755/2458 68/2641/2379
f 85/629/608 2443/905/863 2445/2735/2441 86/624/603
f 622/64/64 1122/2885/323 1121/3028/324 621/65/65
f 1299/2090/1869 469/3029/1334 450/1812/1333 1304/1811/1627
f 74/666/645 2421/2685/2405 2423/2688/2408 75/626/605
f 77/616/595 2427/2615/2365 2429/2618/2368 78/142/138
f 971/1307/1211 752/1306/1210 758/1810/1626 966/1513/1373
f 634/2802/774 1097/2801/880 1095/836/809 637/835/773
f 93/587/568 2459/2709/2422 2461/2663/2389 94/584/565
f 79/139/135 2431/2690/2410 2433/2689/2409 80/657/636
f 639/1754/1583 1150/2883/432 1148/883/433 611/882/483
f 140/671/650 108/995/628 109/849/644 141/668/647
f 1530/924/879 1529/2303/2072 1542/3018/1495 1541/925/880
f 92/645/624 2457/1029/962 2459/2709/2422 93/587/568
f 1486/868/836 1485/1054/981 1564/1057/384 1563/869/763
f 89/655/634 2451/2717/2427 2453/1031/964 90/1030/963
f 75/626/605 2423/2688/2408 2425/2679/2401 76/617/596
f 87/615/594 2447/2723/2433 2449/2726/2436 88/614/593
f 2183/1487/35 2182/2973/39 2214/2976/2528 2215/1488/1354
f 88/614/593 2449/2726/2436 2451/2717/2427 89/655/634
f 73/641/620 2419/2719/2429 2421/2685/2405 74/666/645
f 646/1740/445 671/1767/442 542/2782/2476 517/2781/2475
f 1740/549/532 2408/548/531 2406/582/563 1722/583/564
f 2538/2876/763 2537/395/384 7/3030/213 8/3031/212
f 1295/1373/1256 470/1372/1255 469/3029/1334 1299/2090/1869
f 2379/2635/2376 2378/1324/1221 184/642/621 183/667/646
f 2550/491/474 2549/490/473 19/3032/241 20/1332/198
f 2530/445/429 2531/444/428 32/3033/245 1/3034/232
f 2547/332/323 2546/1637/1481 16/3035/250 17/3036/194
f 2536/394/383 2535/2636/846 5/3037/185 6/3038/229
f 2549/490/473 2548/333/324 18/3039/193 19/3032/241
f 2531/444/428 2561/2630/809 31/3040/225 32/3033/245
f 2535/2636/846 2534/449/433 4/3041/186 5/3037/185
f 2548/333/324 2547/332/323 17/3036/194 18/3039/193
f 2561/2630/809 2560/2629/880 30/2880/226 31/3040/225
f 2534/449/433 2533/448/432 3/3042/235 4/3041/186
f 2546/1637/1481 2545/473/457 15/3043/216 16/3035/250
f 2553/1059/984 2552/1351/954 22/1352/248 23/3044/247
f 636/2843/1603 1112/2842/954 1110/1635/984 628/1634/1479
f 2533/448/432 2532/3045/2507 2/3046/231 3/3042/235
f 2545/473/457 2544/472/456 14/3047/217 15/3043/216
f 2543/2789/1017 2542/3024/1489 12/3048/220 13/3049/227
f 2558/417/394 2557/416/393 27/3050/1291 28/3051/202
f 2544/472/456 2543/2789/1017 13/3049/227 14/3047/217
f 2181/2974/42 2180/2845/62 2212/2848/2504 2213/2975/2527
f 684/2837/1571 685/2978/1573 556/2824/2498 555/2823/2497
f 2557/416/393 2556/1350/1239 26/2860/237 27/3050/1291
f 2195/1344/29 2194/3052/16 2226/3053/2539 2227/1345/1234
f 2194/3052/16 2193/2790/15 2225/2793/2482 2226/3053/2539
f 2192/2791/32 2191/2962/70 2223/2965/2509 2224/2792/2481
f 2559/1651/1495 2558/417/394 28/3051/202 29/2879/201
f 1249/2197/1972 454/3054/1778 462/2977/1289 1254/2195/1970
f 2532/3045/2507 2530/3055/429 1/3056/232 2/3046/231
f 1818/2439/2200 1816/2441/2202 2542/3024/1489 2543/2789/1017
f 71/663/642 2415/2672/2396 2417/2720/2430 72/644/623
f 2190/2963/17 2189/2849/5 2221/2852/2506 2222/2964/2525
f 401/1939/1736 402/1933/1733 370/1287/1191 369/1286/1190
f 702/2807/1569 705/2892/1568 576/2827/2501 573/2808/2486
f 1245/1303/1207 455/1302/1206 454/3054/1778 1249/2197/1972
f 2206/3057/11 2205/1380/44 2237/1383/1263 2238/3058/2540
f 774/1877/1680 770/1881/1618 706/3059/1368 709/2960/1362
f 795/1898/1699 792/1339/1230 721/1342/1233 723/2980/1378
f 1824/1636/1480 1822/470/454 2545/473/457 2546/1637/1481
f 809/1891/1692 807/1857/1660 731/2866/1801 732/3060/1800
f 65/2657/2386 96/2644/2380 2465/2757/2459 2402/2762/2460
f 383/2223/1997 382/2237/2009 414/1948/1745 415/1010/945
f 1796/2446/2206 1795/2445/426 2530/3055/429 2532/3045/2507
f 2188/2850/8 2187/1312/38 2219/1315/1214 2220/2851/2505
f 2554/809/443 2553/1059/984 23/3044/247 24/851/252
f 2542/3024/1489 2541/422/409 11/425/221 12/3048/220
f 507/1017/952 1072/1016/951 1076/2016/1798 508/2015/1797
f 2539/2639/401 2538/2876/763 8/3031/212 9/2640/189
f 357/1283/1187 356/2227/2001 388/1482/1350 389/1485/1353
f 2207/1362/12 2206/3057/11 2238/3058/2540 2239/1363/1246
f 403/1921/1721 404/1920/1720 372/1280/1184 371/1279/1183
f 2209/3004/53 2208/1361/56 2240/1364/1247 2241/3005/2536
f 849/846/818 846/1384/1264 757/1387/1267 759/847/819
f 1165/2193/1968 467/2875/1753 456/1375/1258 1170/1374/1257
f 788/1340/1231 786/1026/959 717/1027/960 718/1341/1232
f 816/907/865 812/1863/1666 734/3061/1357 737/908/866
f 2185/2631/25 2184/1486/36 2216/1489/1355 2217/2632/2374
f 132/792/770 131/918/873 99/2809/617 100/1998/616
f 2199/1317/21 2198/2953/28 2230/2956/2524 2231/1318/1215
f 958/1970/1763 928/1973/1765 917/1969/1762 944/1444/1316
f 1224/2181/1956 472/3002/1270 471/3021/1272 1230/2182/1957
f 812/1863/1666 809/1891/1692 732/3060/1800 734/3061/1357
f 1030/1628/1473 1032/2046/1826 1035/2057/1837 1034/1624/1469
f 465/1982/1611 479/1959/829 953/1958/1752 954/1320/1217
f 1913/204/199 28/207/202 27/1412/1291 1911/1411/1290
f 2738/3062/323 2737/3063/2541 2746/3064/2542 2747/3065/1481
f 2648/3066/393 2657/3067/1239 2658/3068/2543 2649/3069/2544
f 850/1901/1702 847/1859/1662 846/1384/1264 849/846/818
f 2627/3070/2545 2636/3071/2546 2637/3072/2547 2628/3073/2548
f 2594/3074/2549 2878/3075/2550 2599/3076/2551 2600/3077/2552
f 1259/1917/1717 1255/1937/1735 1258/2175/1950 1261/2167/1942
f 2618/2547/2301 2627/3070/2545 2628/3073/2548 2619/3078/2553
f 2940/3079/2554 2941/3080/2555 2833/3081/2556 2824/3082/2557
f 2597/3083/2558 2604/3084/2559 2605/3085/2560 2880/3086/2561
f 2764/1093/1015 2763/3087/2562 2772/3088/2563 2773/1094/1016
f 2729/3089/324 2738/3062/323 2739/3090/2564 2730/3091/2565
f 2602/3092/2566 2611/3093/2567 2612/3094/809 2603/3095/428
f 2595/3096/2568 2879/3097/2569 2601/3098/2570 2602/3092/2566
f 2726/3099/2571 2735/3100/2572 2736/3101/2573 2727/3102/2574
f 2898/3103/2575 2751/3104/2576 2760/3105/2577 2899/3106/2578
f 2777/3107/2579 2786/3108/2580 2787/3109/2581 2778/3110/2582
f 2732/3111/2583 2741/3112/2584 2742/3113/2585 2733/3114/2586
f 2798/3115/2587 2807/3116/2588 2808/3117/2589 2799/3118/2590
f 2714/3119/2591 2713/3120/2592 2722/3121/2593 2723/3122/2594
f 2888/3123/2595 2661/3124/2596 2670/3125/2597 2889/3126/2598
f 2717/3127/2599 2716/3128/2600 2725/3129/2601 2726/3099/2571
f 2680/3130/2602 2689/3131/2603 2690/3132/2604 2681/3133/2605
f 2741/3112/2584 2740/3134/2606 2749/3135/2607 2750/3136/2608
f 2916/3137/2609 2917/3138/2610 2617/2546/2300 2608/2545/2299
f 2712/3139/2611 2721/3140/2612 2722/3121/2593 2713/3120/2592
f 2801/3141/402 2810/3142/401 2811/3143/2613 2802/3144/2614
f 2846/3145/846 2855/3146/433 2856/3147/2615 2847/3148/2616
f 2640/3149/2617 2649/3069/2544 2650/3150/2618 2641/3151/2619
f 2621/3152/880 2630/3153/1495 2631/3154/2620 2622/3155/2621
f 2448/551/534 2446/538/521 1626/541/524 1638/552/535
f 2694/3156/2622 2703/3157/2623 2704/3158/2624 2695/3159/2625
f 2633/3160/2626 2632/3161/2627 2641/3151/2619 2642/3162/2628
f 2891/3163/2629 2688/3164/2630 2697/3165/2631 2892/3166/2632
f 2660/3167/2633 2669/3168/2634 2670/3125/2597 2661/3124/2596
f 2643/3169/2635 2642/3162/2628 2651/3170/2636 2652/3171/2637
f 2880/3086/2561 2605/3085/2560 2606/3172/2638 2598/3173/2639
f 2796/3174/2640 2805/3175/2641 2904/3176/2642 2903/3177/2643
f 2658/3068/2543 2667/3178/2644 2668/3179/2645 2659/3180/2646
f 2905/3181/2647 2814/3182/2648 2823/3183/2649 2906/3184/2650
f 2750/3136/2608 2759/3185/2651 2760/3105/2577 2751/3104/2576
f 2715/3186/2652 2714/3119/2591 2723/3122/2594 2724/3187/2653
f 2623/3188/2654 2632/3161/2627 2633/3160/2626 2624/3189/2655
f 2859/3190/2656 2868/3191/2657 2911/3192/2658 2910/3193/2659
f 2667/3178/2644 2676/3194/2660 2677/3195/2661 2668/3179/2645
f 2702/3196/839 2701/3197/2662 2710/3198/2663 2711/3199/474
f 2595/3096/2568 2602/3092/2566 2603/3095/428 2596/3200/429
f 2835/3201/2664 2844/3202/2665 2845/3203/2666 2836/3204/2667
f 2690/3132/2604 2699/3205/2668 2700/3206/2669 2691/3207/2670
f 2828/3208/384 2827/3209/2671 2836/3204/2667 2837/3210/383
f 2639/3211/394 2638/3212/2672 2647/3213/2673 2648/3066/393
f 2784/3214/2674 2793/3215/2675 2794/3216/2676 2785/3217/2677
f 2636/3071/2546 2645/3218/2678 2646/3219/2679 2637/3072/2547
f 2926/3220/2680 2927/3221/2681 2707/3222/2682 2698/3223/2683
f 2771/3224/2684 2770/3225/2685 2779/3226/2686 2780/3227/2687
f 2606/3172/2638 2615/3228/2688 2616/3229/2689 2607/3230/2690
f 2735/3100/2572 2744/3231/2691 2745/3232/2692 2736/3101/2573
f 2931/3233/2693 2932/3234/2694 2752/3235/2695 2743/3236/2696
f 2613/3237/2697 2622/3155/2621 2623/3188/2654 2614/3238/2698
f 2616/3229/2689 2615/3228/2688 2624/3189/2655 2625/3239/2699
f 2688/3164/2630 2687/3240/2700 2696/3241/2701 2697/3165/2631
f 2696/3241/2701 2695/3159/2625 2704/3158/2624 2705/3242/2702
f 2919/3243/2703 2920/3244/2704 2644/3245/2705 2635/3246/2706
f 2649/3069/2544 2658/3068/2543 2659/3180/2646 2650/3150/2618
f 2674/3247/2707 2683/3248/2708 2684/3249/984 2675/3250/443
f 2657/3067/1239 2666/3251/444 2667/3178/2644 2658/3068/2543
f 2604/3084/2559 2613/3237/2697 2614/3238/2698 2605/3085/2560
f 2681/3133/2605 2690/3132/2604 2691/3207/2670 2682/3252/2709
f 2643/3169/2635 2652/3171/2637 2887/3253/2710 2886/3254/2711
f 2810/3142/401 2819/3255/763 2820/3256/2712 2811/3143/2613
f 2622/3155/2621 2631/3154/2620 2632/3161/2627 2623/3188/2654
f 2834/3257/2713 2843/3258/2714 2844/3202/2665 2835/3201/2664
f 2901/3259/2715 2778/3110/2582 2787/3109/2581 2902/3260/2716
f 2843/3258/2714 2842/3261/2717 2851/3262/2718 2852/3263/2719
f 2617/2546/2300 2626/3264/2720 2627/3070/2545 2618/2547/2301
f 2606/3172/2638 2605/3085/2560 2614/3238/2698 2615/3228/2688
f 2921/3265/2721 2922/3266/2722 2662/3267/2723 2653/3268/2724
f 2619/3078/2553 2628/3073/2548 2629/3269/2725 2620/3270/2726
f 2810/3142/401 2809/3271/2727 2818/3272/2728 2819/3255/763
f 2825/3273/2729 2834/3257/2713 2835/3201/2664 2826/3274/2730
f 2908/3275/2731 2841/3276/2732 2850/3277/2733 2909/3278/2734
f 2830/3279/2735 2829/3280/2736 2838/3281/2737 2839/2541/2296
f 2648/3066/393 2647/3213/2673 2656/3282/2738 2657/3067/1239
f 2665/3283/2739 2674/3247/2707 2675/3250/443 2666/3251/444
f 2632/3161/2627 2631/3154/2620 2640/3149/2617 2641/3151/2619
f 2699/3205/2668 2708/3284/2740 2709/3285/2741 2700/3206/2669
f 2897/3286/2742 2742/3113/2585 2751/3104/2576 2898/3103/2575
f 2654/3287/2743 2653/3268/2724 2662/3267/2723 2663/3288/2744
f 2705/3242/2702 2714/3119/2591 2715/3186/2652 2706/3289/2745
f 2602/3092/2566 2601/3098/2570 2610/3290/2746 2611/3093/2567
f 2768/3291/2747 2767/3292/2748 2776/3293/2749 2777/3107/2579
f 2923/3294/2750 2924/3295/2751 2680/3130/2602 2671/3296/2752
f 2669/3168/2634 2678/3297/2753 2679/3298/2754 2670/3125/2597
f 2870/3299/2755 2869/1894/1695 2878/3300/2550 2594/3301/2549
f 2732/3111/2583 2731/3302/2756 2740/3134/2606 2741/3112/2584
f 2911/3192/2658 2868/3191/2657 2877/3303/2757 2912/3304/2758
f 2676/3194/2660 2685/3305/2759 2686/3306/2760 2677/3195/2661
f 2597/3083/2558 2596/3200/429 2603/3095/428 2604/3084/2559
f 2738/3062/323 2747/3065/1481 2748/3307/2761 2739/3090/2564
f 2753/3308/2762 2762/3309/2763 2763/3087/2562 2754/3310/2764
f 2900/3311/2765 2769/3312/2766 2778/3110/2582 2901/3259/2715
f 2656/3282/2738 2655/3313/2767 2664/3314/2768 2665/3283/2739
f 2604/3084/2559 2603/3095/428 2612/3094/809 2613/3237/2697
f 2684/3249/984 2683/3248/2708 2692/3315/2769 2693/3316/954
f 2683/3248/2708 2682/3252/2709 2691/3207/2670 2692/3315/2769
f 2722/3121/2593 2731/3302/2756 2732/3111/2583 2723/3122/2594
f 2894/3317/2770 2715/3186/2652 2724/3187/2653 2895/3318/2771
f 2752/3235/2695 2761/3319/2772 2762/3309/2763 2753/3308/2762
f 2645/3218/2678 2644/3245/2705 2653/3268/2724 2654/3287/2743
f 2691/3207/2670 2700/3206/2669 2701/3197/2662 2692/3315/2769
f 2879/3097/2569 2594/3074/2549 2600/3077/2552 2601/3098/2570
f 2724/3187/2653 2733/3114/2586 2896/3320/2773 2895/3318/2771
f 2627/3070/2545 2626/3264/2720 2635/3246/2706 2636/3071/2546
f 2598/3173/2639 2606/3172/2638 2607/3230/2690 2881/3321/2774
f 2615/3228/2688 2614/3238/2698 2623/3188/2654 2624/3189/2655
f 2617/2546/2300 2917/3138/2610 2918/3322/2775 2626/3264/2720
f 2809/3271/2727 2808/3117/2589 2817/3323/2776 2818/3272/2728
f 2676/3194/2660 2675/3250/443 2684/3249/984 2685/3305/2759
f 2711/3199/474 2720/3324/473 2721/3140/2612 2712/3139/2611
f 2942/3325/2777 2943/3326/2778 2851/3262/2718 2842/3261/2717
f 2703/3157/2623 2712/3139/2611 2713/3120/2592 2704/3158/2624
f 2667/3178/2644 2666/3251/444 2675/3250/443 2676/3194/2660
f 2783/3327/1489 2792/3328/409 2793/3215/2675 2784/3214/2674
f 2820/3256/2712 2829/3280/2736 2830/3279/2735 2821/3329/2779
f 2831/3330/2780 2830/3279/2735 2839/2541/2296 2840/2540/2295
f 2644/3245/2705 2920/3244/2704 2921/3265/2721 2653/3268/2724
f 2599/3076/2551 2608/2545/2299 2609/2548/2302 2600/3077/2552
f 2807/3116/2588 2806/3331/2781 2815/3332/2782 2816/3333/2783
f 2849/2543/2298 2848/2542/2297 2857/3334/2784 2858/3335/2785
f 2708/3284/2740 2717/3127/2599 2718/3336/2786 2709/3285/2741
f 2893/3337/2787 2706/3289/2745 2715/3186/2652 2894/3317/2770
f 2824/3082/2557 2833/3081/2556 2834/3257/2713 2825/3273/2729
f 2734/3338/2788 2743/3236/2696 2744/3231/2691 2735/3100/2572
f 2609/2548/2302 2618/2547/2301 2619/3078/2553 2610/3290/2746
f 2912/3304/2758 2877/3303/2757 2881/3339/2774 2913/3340/2789
f 2637/3072/2547 2646/3219/2679 2647/3213/2673 2638/3212/2672
f 2837/3210/383 2836/3204/2667 2845/3203/2666 2846/3145/846
f 2612/3094/809 2621/3152/880 2622/3155/2621 2613/3237/2697
f 2793/3215/2675 2802/3144/2614 2803/3341/2790 2794/3216/2676
f 2865/3342/2791 2874/3343/2792 2875/3344/2793 2866/3345/2794
f 2855/3146/433 2864/3346/432 2865/3342/2791 2856/3147/2615
f 2720/3324/473 2719/3347/2795 2728/3348/2796 2729/3089/324
f 2766/3349/2797 2775/3350/2798 2776/3293/2749 2767/3292/2748
f 2717/3127/2599 2726/3099/2571 2727/3102/2574 2718/3336/2786
f 2932/3234/2694 2933/3351/2799 2761/3319/2772 2752/3235/2695
f 2663/3288/2744 2662/3267/2723 2671/3296/2752 2672/3352/2800
f 2699/3205/2668 2698/3223/2683 2707/3222/2682 2708/3284/2740
f 2813/3353/2801 2812/3354/2802 2821/3329/2779 2822/3355/2803
f 2933/3351/2799 2934/3356/2804 2770/3225/2685 2761/3319/2772
f 2777/3107/2579 2776/3293/2749 2785/3217/2677 2786/3108/2580
f 2899/3106/2578 2760/3105/2577 2769/3312/2766 2900/3311/2765
f 2678/3297/2753 2687/3240/2700 2688/3164/2630 2679/3298/2754
f 2786/3108/2580 2795/3357/2805 2796/3174/2640 2787/3109/2581
f 2600/3077/2552 2609/2548/2302 2610/3290/2746 2601/3098/2570
f 2607/3230/2690 2616/3229/2689 2883/3358/2806 2882/3359/2807
f 2719/3347/2795 2718/3336/2786 2727/3102/2574 2728/3348/2796
f 2873/3360/2507 2872/3361/2808 2595/3362/2568 2596/3363/429
f 2729/3089/324 2728/3348/2796 2737/3063/2541 2738/3062/323
f 2863/3364/2809 2862/3365/2810 2871/3366/2811 2872/3361/2808
f 2783/3327/1489 2782/3367/2812 2791/3368/2813 2792/3328/409
f 2846/3145/846 2845/3203/2666 2854/3369/2814 2855/3146/433
f 2730/3091/2565 2739/3090/2564 2740/3134/2606 2731/3302/2756
f 2871/3366/2811 2870/3299/2755 2594/3301/2549 2879/3370/2569
f 2906/3184/2650 2823/3183/2649 2832/3371/2815 2907/3372/2816
f 2860/1895/1696 2869/1894/1695 2870/3299/2755 2861/3373/2817
f 2742/3113/2585 2741/3112/2584 2750/3136/2608 2751/3104/2576
f 2875/3344/2793 2880/3374/2561 2598/3375/2639 2876/3376/2818
f 2938/3377/2819 2939/3378/2820 2815/3332/2782 2806/3331/2781
f 2845/3203/2666 2844/3202/2665 2853/3379/2821 2854/3369/2814
f 2762/3309/2763 2761/3319/2772 2770/3225/2685 2771/3224/2684
f 2696/3241/2701 2705/3242/2702 2706/3289/2745 2697/3165/2631
f 1253/2129/1907 1252/2187/1962 1257/2176/1951 1258/2175/1950
f 2927/3221/2681 2928/3380/2822 2716/3128/2600 2707/3222/2682
f 2611/3093/2567 2610/3290/2746 2619/3078/2553 2620/3270/2726
f 2855/3146/433 2854/3369/2814 2863/3364/2809 2864/3346/432
f 2747/3065/1481 2746/3064/2542 2755/3381/2823 2756/3382/457
f 2872/3361/2808 2871/3366/2811 2879/3370/2569 2595/3362/2568
f 2744/3231/2691 2753/3308/2762 2754/3310/2764 2745/3232/2692
f 2922/3266/2722 2923/3294/2750 2671/3296/2752 2662/3267/2723
f 2828/3208/384 2837/3210/383 2838/3281/2737 2829/3280/2736
f 2748/3307/2761 2757/3383/2824 2758/3384/2825 2749/3135/2607
f 2645/3218/2678 2654/3287/2743 2655/3313/2767 2646/3219/2679
f 2788/3385/2826 2936/3386/2827 2937/3387/2828 2797/3388/2829
f 2651/3170/2636 2660/3167/2633 2661/3124/2596 2652/3171/2637
f 2760/3105/2577 2759/3185/2651 2768/3291/2747 2769/3312/2766
f 2758/3384/2825 2767/3292/2748 2768/3291/2747 2759/3185/2651
f 2937/3387/2828 2938/3377/2819 2806/3331/2781 2797/3388/2829
f 2701/3197/2662 2700/3206/2669 2709/3285/2741 2710/3198/2663
f 2864/3346/432 2873/3360/2507 2874/3343/2792 2865/3342/2791
f 2768/3291/2747 2777/3107/2579 2778/3110/2582 2769/3312/2766
f 2861/3373/2817 2870/3299/2755 2871/3366/2811 2862/3365/2810
f 2924/3295/2751 2925/3389/2830 2689/3131/2603 2680/3130/2602
f 2646/3219/2679 2655/3313/2767 2656/3282/2738 2647/3213/2673
f 2766/3349/2797 2765/1096/456 2774/1095/1017 2775/3350/2798
f 2639/3211/394 2648/3066/393 2649/3069/2544 2640/3149/2617
f 2674/3247/2707 2673/3390/2831 2682/3252/2709 2683/3248/2708
f 2672/3352/2800 2681/3133/2605 2682/3252/2709 2673/3390/2831
f 2929/3391/2832 2930/3392/2833 2734/3338/2788 2725/3129/2601
f 2744/3231/2691 2743/3236/2696 2752/3235/2695 2753/3308/2762
f 2774/1095/1017 2773/1094/1016 2782/3367/2812 2783/3327/1489
f 2856/3147/2615 2865/3342/2791 2866/3345/2794 2857/3334/2784
f 2771/3224/2684 2780/3227/2687 2781/3393/2834 2772/3088/2563
f 2928/3380/2822 2929/3391/2832 2725/3129/2601 2716/3128/2600
f 2788/3385/2826 2797/3388/2829 2798/3115/2587 2789/3394/2835
f 2625/3239/2699 2624/3189/2655 2633/3160/2626 2634/3395/2836
f 2668/3179/2645 2677/3195/2661 2678/3297/2753 2669/3168/2634
f 2887/3253/2710 2652/3171/2637 2661/3124/2596 2888/3123/2595
f 2685/3305/2759 2694/3156/2622 2695/3159/2625 2686/3306/2760
f 2873/3360/2507 2596/3363/429 2597/3396/2558 2874/3343/2792
f 2858/3335/2785 2857/3334/2784 2866/3345/2794 2867/3397/2837
f 2869/1894/1695 2945/1893/1694 2915/3398/2838 2878/3300/2550
f 2710/3198/2663 2709/3285/2741 2718/3336/2786 2719/3347/2795
f 2702/3196/839 2711/3199/474 2712/3139/2611 2703/3157/2623
f 2630/3153/1495 2629/3269/2725 2638/3212/2672 2639/3211/394
f 2746/3064/2542 2745/3232/2692 2754/3310/2764 2755/3381/2823
f 2780/3227/2687 2789/3394/2835 2790/3399/2839 2781/3393/2834
f 2625/3239/2699 2634/3395/2836 2885/3400/2840 2884/3401/2841
f 2876/3376/2818 2598/3375/2639 2881/3339/2774 2877/3303/2757
f 2859/3190/2656 2858/3335/2785 2867/3397/2837 2868/3191/2657
f 2758/3384/2825 2757/3383/2824 2766/3349/2797 2767/3292/2748
f 2789/3394/2835 2798/3115/2587 2799/3118/2590 2790/3399/2839
f 350/1255/1160 1361/1258/1163 1362/1299/1203 351/929/883
f 2780/3227/2687 2779/3226/2686 2788/3385/2826 2789/3394/2835
f 2840/2540/2295 2849/2543/2298 2850/3277/2733 2841/3276/2732
f 2867/3397/2837 2866/3345/2794 2875/3344/2793 2876/3376/2818
f 2697/3165/2631 2706/3289/2745 2893/3337/2787 2892/3166/2632
f 2827/3209/2671 2826/3274/2730 2835/3201/2664 2836/3204/2667
f 2747/3065/1481 2756/3382/457 2757/3383/2824 2748/3307/2761
f 2792/3328/409 2791/3368/2813 2800/3402/2842 2801/3141/402
f 2687/3240/2700 2686/3306/2760 2695/3159/2625 2696/3241/2701
f 2787/3109/2581 2796/3174/2640 2903/3177/2643 2902/3260/2716
f 2628/3073/2548 2637/3072/2547 2638/3212/2672 2629/3269/2725
f 2837/3210/383 2846/3145/846 2847/3148/2616 2838/3281/2737
f 2711/3199/474 2710/3198/2663 2719/3347/2795 2720/3324/473
f 2811/3143/2613 2820/3256/2712 2821/3329/2779 2812/3354/2802
f 2817/3323/2776 2816/3333/2783 2825/3273/2729 2826/3274/2730
f 2914/3403/2843 2916/3137/2609 2608/2545/2299 2599/3076/2551
f 2690/3132/2604 2689/3131/2603 2698/3223/2683 2699/3205/2668
f 2805/3175/2641 2804/3404/2844 2813/3353/2801 2814/3182/2648
f 2800/3402/2842 2799/3118/2590 2808/3117/2589 2809/3271/2727
f 2822/3355/2803 2821/3329/2779 2830/3279/2735 2831/3330/2780
f 2904/3176/2642 2805/3175/2641 2814/3182/2648 2905/3181/2647
f 2816/3333/2783 2815/3332/2782 2824/3082/2557 2825/3273/2729
f 2822/3355/2803 2831/3330/2780 2832/3371/2815 2823/3183/2649
f 2654/3287/2743 2663/3288/2744 2664/3314/2768 2655/3313/2767
f 2802/3144/2614 2811/3143/2613 2812/3354/2802 2803/3341/2790
f 2792/3328/409 2801/3141/402 2802/3144/2614 2793/3215/2675
f 2657/3067/1239 2656/3282/2738 2665/3283/2739 2666/3251/444
f 2689/3131/2603 2925/3389/2830 2926/3220/2680 2698/3223/2683
f 2739/3090/2564 2748/3307/2761 2749/3135/2607 2740/3134/2606
f 2693/3316/954 2692/3315/2769 2701/3197/2662 2702/3196/839
f 2693/3316/954 2702/3196/839 2703/3157/2623 2694/3156/2622
f 2737/3063/2541 2736/3101/2573 2745/3232/2692 2746/3064/2542
f 2804/3404/2844 2803/3341/2790 2812/3354/2802 2813/3353/2801
f 2939/3378/2820 2940/3079/2554 2824/3082/2557 2815/3332/2782
f 2813/3353/2801 2822/3355/2803 2823/3183/2649 2814/3182/2648
f 2723/3122/2594 2732/3111/2583 2733/3114/2586 2724/3187/2653
f 2651/3170/2636 2650/3150/2618 2659/3180/2646 2660/3167/2633
f 2909/3278/2734 2850/3277/2733 2859/3190/2656 2910/3193/2659
f 2782/3367/2812 2781/3393/2834 2790/3399/2839 2791/3368/2813
f 2756/3382/457 2765/1096/456 2766/3349/2797 2757/3383/2824
f 2756/3382/457 2755/3381/2823 2764/1093/1015 2765/1096/456
f 2791/3368/2813 2790/3399/2839 2799/3118/2590 2800/3402/2842
f 2660/3167/2633 2659/3180/2646 2668/3179/2645 2669/3168/2634
f 2883/3358/2806 2616/3229/2689 2625/3239/2699 2884/3401/2841
f 2708/3284/2740 2707/3222/2682 2716/3128/2600 2717/3127/2599
f 2831/3330/2780 2840/2540/2295 2841/3276/2732 2832/3371/2815
f 2807/3116/2588 2816/3333/2783 2817/3323/2776 2808/3117/2589
f 2762/3309/2763 2771/3224/2684 2772/3088/2563 2763/3087/2562
f 2930/3392/2833 2931/3233/2693 2743/3236/2696 2734/3338/2788
f 2834/3257/2713 2833/3081/2556 2842/3261/2717 2843/3258/2714
f 2795/3357/2805 2804/3404/2844 2805/3175/2641 2796/3174/2640
f 2878/3075/2550 2915/3405/2838 2914/3403/2843 2599/3076/2551
f 2663/3288/2744 2672/3352/2800 2673/3390/2831 2664/3314/2768
f 2889/3126/2598 2670/3125/2597 2679/3298/2754 2890/3406/2845
f 2838/3281/2737 2847/3148/2616 2848/2542/2297 2839/2541/2296
f 2819/3255/763 2828/3208/384 2829/3280/2736 2820/3256/2712
f 2612/3094/809 2611/3093/2567 2620/3270/2726 2621/3152/880
f 2665/3283/2739 2664/3314/2768 2673/3390/2831 2674/3247/2707
f 2847/3148/2616 2856/3147/2615 2857/3334/2784 2848/2542/2297
f 2630/3153/1495 2639/3211/394 2640/3149/2617 2631/3154/2620
f 2819/3255/763 2818/3272/2728 2827/3209/2671 2828/3208/384
f 2818/3272/2728 2817/3323/2776 2826/3274/2730 2827/3209/2671
f 2705/3242/2702 2704/3158/2624 2713/3120/2592 2714/3119/2591
f 2851/3262/2718 2943/3326/2778 2944/1892/1693 2860/1895/1696
f 2672/3352/2800 2671/3296/2752 2680/3130/2602 2681/3133/2605
f 2849/2543/2298 2858/3335/2785 2859/3190/2656 2850/3277/2733
f 2678/3297/2753 2677/3195/2661 2686/3306/2760 2687/3240/2700
f 2918/3322/2775 2919/3243/2703 2635/3246/2706 2626/3264/2720
f 2642/3162/2628 2641/3151/2619 2650/3150/2618 2651/3170/2636
f 2941/3080/2555 2942/3325/2777 2842/3261/2717 2833/3081/2556
f 2851/3262/2718 2860/1895/1696 2861/3373/2817 2852/3263/2719
f 2726/3099/2571 2725/3129/2601 2734/3338/2788 2735/3100/2572
f 2786/3108/2580 2785/3217/2677 2794/3216/2676 2795/3357/2805
f 2773/1094/1016 2772/3088/2563 2781/3393/2834 2782/3367/2812
f 2720/3324/473 2729/3089/324 2730/3091/2565 2721/3140/2612
f 2684/3249/984 2693/3316/954 2694/3156/2622 2685/3305/2759
f 2854/3369/2814 2853/3379/2821 2862/3365/2810 2863/3364/2809
f 2801/3141/402 2800/3402/2842 2809/3271/2727 2810/3142/401
f 2864/3346/432 2863/3364/2809 2872/3361/2808 2873/3360/2507
f 2721/3140/2612 2730/3091/2565 2731/3302/2756 2722/3121/2593
f 2843/3258/2714 2852/3263/2719 2853/3379/2821 2844/3202/2665
f 2634/3395/2836 2643/3169/2635 2886/3254/2711 2885/3400/2840
f 2797/3388/2829 2806/3331/2781 2807/3116/2588 2798/3115/2587
f 2868/3191/2657 2867/3397/2837 2876/3376/2818 2877/3303/2757
f 2795/3357/2805 2794/3216/2676 2803/3341/2790 2804/3404/2844
f 2881/3321/2774 2607/3230/2690 2882/3359/2807 2913/3407/2789
f 2727/3102/2574 2736/3101/2573 2737/3063/2541 2728/3348/2796
f 2633/3160/2626 2642/3162/2628 2643/3169/2635 2634/3395/2836
f 2635/3246/2706 2644/3245/2705 2645/3218/2678 2636/3071/2546
f 2852/3263/2719 2861/3373/2817 2862/3365/2810 2853/3379/2821
f 2934/3356/2804 2935/3408/2846 2779/3226/2686 2770/3225/2685
f 2874/3343/2792 2597/3396/2558 2880/3374/2561 2875/3344/2793
f 2774/1095/1017 2783/3327/1489 2784/3214/2674 2775/3350/2798
f 2621/3152/880 2620/3270/2726 2629/3269/2725 2630/3153/1495
f 2754/3310/2764 2763/3087/2562 2764/1093/1015 2755/3381/2823
f 2749/3135/2607 2758/3384/2825 2759/3185/2651 2750/3136/2608
f 2890/3406/2845 2679/3298/2754 2688/3164/2630 2891/3163/2629
f 2896/3320/2773 2733/3114/2586 2742/3113/2585 2897/3286/2742
f 2935/3408/2846 2936/3386/2827 2788/3385/2826 2779/3226/2686
f 2907/3372/2816 2832/3371/2815 2841/3276/2732 2908/3275/2731
f 2914/3409/2522 2943/3410/2522 2931/3411/2522 2923/3412/2522
f 2387/595/574 2386/635/614 176/600/579 175/599/578
f 2952/3413/2522 2991/3414/2522 2992/3415/2847 2951/3416/2847
f 2946/3417/323 2993/3418/323 2990/3419/2848 2953/3420/2848
f 2947/3421/2849 2989/3422/2849 2993/3418/323 2946/3417/323
f 2949/2626/2371 2987/2625/2371 2988/3423/1428 2948/3424/1428
f 2951/3416/2847 2992/3415/2847 2986/2624/429 2950/2623/429
f 2953/3420/2848 2990/3419/2848 2991/3414/2522 2952/3413/2522
f 2948/3425/1428 2988/3426/1428 2989/3422/2849 2947/3421/2849
f 1844/1349/1238 1842/807/783 2555/810/444 2556/1350/1239
f 621/65/65 1121/3028/324 1118/2887/473 627/2886/2508
f 2537/395/384 2536/394/383 6/3038/229 7/3030/213
f 3009/1797/1614 2998/1800/1617 2997/3427/2850 3007/3428/2851
f 2775/3350/2798 2784/3214/2674 2785/3217/2677 2776/3293/2749
f 3005/1633/1478 3001/1632/1477 3000/3429/2251 3002/3430/2852
f 33/2692/2412 35/2691/2411 36/2697/2415 34/2696/2414
f 3003/1798/1615 3002/3430/2852 3000/3429/2251 2999/1799/1616
f 3006/2301/2070 2994/2300/2069 2995/1631/1476 3004/1630/1475
f 285/1209/1115 1444/1208/1114 1443/1190/1096 286/1189/1095
f 1477/1061/986 1474/2296/2065 1569/2872/2507 1568/1062/432
f 2973/2011/1794 2972/3431/2853 2956/3432/2854 2957/2012/1795
f 2982/3433/2855 2981/466/450 2965/469/453 2966/3434/2856
f 988/1505/1367 716/1804/1620 727/999/936 983/998/935
f 1798/447/431 1796/2446/2206 2532/3045/2507 2533/448/432
f 2975/3435/2857 2974/2010/1793 2958/2013/1796 2959/3436/2858
f 2983/3437/2859 2982/3433/2855 2966/3434/2856 2967/3438/2860
f 2976/3439/2861 2975/3435/2857 2959/3436/2858 2960/3440/2862
f 2984/3441/2863 2983/3437/2859 2967/3438/2860 2968/3442/2864
f 2977/2798/2484 2976/3439/2861 2960/3440/2862 2961/3443/2865
f 2985/3444/2866 2984/3441/2863 2968/3442/2864 2969/3445/2867
f 2978/2796/2483 2977/2798/2484 2961/3443/2865 2962/3446/2868
f 2970/3447/2869 2971/3448/2870 2955/3449/2871 2954/3450/2872
f 2971/3448/2870 2985/3444/2866 2969/3445/2867 2955/3449/2871
f 2979/2309/2075 2978/2796/2483 2962/3446/2868 2963/2310/2076
f 2972/3431/2853 2970/3447/2869 2954/3450/2872 2956/3432/2854
f 3008/3451/2067 3007/3428/2851 2997/3427/2850 2996/3452/2068
f 2210/2896/2503 2211/3453/2526 2241/3454/2536
f 2241/3454/2536 2240/3455/1247 2210/2896/2503
f 2240/3455/1247 2239/3456/1246 2210/2896/2503
f 2239/3456/1246 2238/3457/2540 2237/3458/1263
f 2237/3458/1263 2236/3459/1262 2235/2897/1261
f 2235/2897/1261 2234/3460/871 2233/3461/870
f 2233/3461/870 2232/3462/1216 2231/3463/1215
f 2231/3463/1215 2230/3464/2524 2229/3465/2523
f 2229/3465/2523 2228/3466/1235 2231/3463/1215
f 2228/3466/1235 2227/2894/1234 2231/3463/1215
f 2227/2894/1234 2226/3467/2539 2225/3468/2482
f 2225/3468/2482 2224/3469/2481 2223/2895/2509
f 2223/2895/2509 2222/3470/2525 2221/3471/2506
f 2221/3471/2506 2220/3472/2505 2223/2895/2509
f 2220/3472/2505 2219/3473/1214 2223/2895/2509
f 2219/3473/1214 2218/3474/1213 2217/3475/2374
f 2217/3475/2374 2216/3476/1355 2215/3477/1354
f 2215/3477/1354 2214/3478/2528 2213/3479/2527
f 2213/3479/2527 2212/3480/2504 2210/2896/2503
f 2239/3456/1246 2237/3458/1263 2210/2896/2503
f 2237/3458/1263 2235/2897/1261 2210/2896/2503
f 2235/2897/1261 2233/3461/870 2227/2894/1234
f 2233/3461/870 2231/3463/1215 2227/2894/1234
f 2227/2894/1234 2225/3468/2482 2223/2895/2509
f 2219/3473/1214 2217/3475/2374 2215/3477/1354
f 2215/3477/1354 2213/3479/2527 2219/3473/1214
f 2213/3479/2527 2210/2896/2503 2219/3473/1214
f 2223/2895/2509 2219/3473/1214 2210/2896/2503
f 2914/3409/2522 2915/3481/2522 2945/3482/2522
f 2945/3482/2522 2944/3483/2522 2943/3410/2522
f 2943/3410/2522 2942/3484/2522 2939/3485/2522
f 2942/3484/2522 2941/3486/2522 2939/3485/2522
f 2941/3486/2522 2940/3487/2522 2939/3485/2522
f 2939/3485/2522 2938/3488/2522 2937/3489/2522
f 2937/3489/2522 2936/3490/2522 2939/3485/2522
f 2936/3490/2522 2935/3491/2522 2939/3485/2522
f 2935/3491/2522 2934/3492/2522 2931/3411/2522
f 2934/3492/2522 2933/3493/2522 2931/3411/2522
f 2933/3493/2522 2932/3494/2522 2931/3411/2522
f 2931/3411/2522 2930/3495/2522 2927/3496/2522
f 2930/3495/2522 2929/3497/2522 2927/3496/2522
f 2929/3497/2522 2928/3498/2522 2927/3496/2522
f 2927/3496/2522 2926/3499/2522 2925/3500/2522
f 2925/3500/2522 2924/3501/2522 2923/3412/2522
f 2923/3412/2522 2922/3502/2522 2921/3503/2522
f 2921/3503/2522 2920/3504/2522 2923/3412/2522
f 2920/3504/2522 2919/3505/2522 2923/3412/2522
f 2919/3505/2522 2918/3506/2522 2917/3507/2522
f 2917/3507/2522 2916/3508/2522 2919/3505/2522
f 2916/3508/2522 2914/3409/2522 2919/3505/2522
f 2914/3409/2522 2945/3482/2522 2943/3410/2522
f 2927/3496/2522 2925/3500/2522 2931/3411/2522
f 2925/3500/2522 2923/3412/2522 2931/3411/2522
f 2943/3410/2522 2939/3485/2522 2931/3411/2522
f 2939/3485/2522 2935/3491/2522 2931/3411/2522
f 2923/3412/2522 2919/3505/2522 2914/3409/2522
f 2882/1577/1428 2883/3509/1428 2886/3510/1428
f 2883/3509/1428 2884/3511/1428 2886/3510/1428
f 2884/3511/1428 2885/3512/1428 2886/3510/1428
f 2886/3510/1428 2887/3513/1428 2888/3514/1428
f 2888/3514/1428 2889/3515/1428 2890/1578/1428
f 2890/1578/1428 2891/3516/1428 2892/3517/1428
f 2892/3517/1428 2893/3518/1428 2894/3519/1428
f 2894/3519/1428 2895/3520/1428 2896/3521/1428
f 2896/3521/1428 2897/3522/1428 2894/3519/1428
f 2897/3522/1428 2898/1579/1428 2894/3519/1428
f 2898/1579/1428 2899/3523/1428 2900/3524/1428
f 2900/3524/1428 2901/3525/1428 2898/1579/1428
f 2901/3525/1428 2902/3526/1428 2898/1579/1428
f 2902/3526/1428 2903/3527/1428 2906/3528/1428
f 2903/3527/1428 2904/3529/1428 2906/3528/1428
f 2904/3529/1428 2905/3530/1428 2906/3528/1428
f 2906/3528/1428 2907/3531/1428 2908/3532/1428
f 2908/3532/1428 2909/3533/1428 2906/3528/1428
f 2909/3533/1428 2910/1576/1428 2906/3528/1428
f 2910/1576/1428 2911/3534/1428 2912/3535/1428
f 2912/3535/1428 2913/3536/1428 2910/1576/1428
f 2913/3536/1428 2882/1577/1428 2910/1576/1428
f 2886/3510/1428 2888/3514/1428 2882/1577/1428
f 2888/3514/1428 2890/1578/1428 2882/1577/1428
f 2890/1578/1428 2892/3517/1428 2898/1579/1428
f 2892/3517/1428 2894/3519/1428 2898/1579/1428
f 2898/1579/1428 2902/3526/1428 2906/3528/1428
f 2906/3528/1428 2910/1576/1428 2898/1579/1428
f 2976/3439/2861 2977/2798/2484 3011/2797/444
f 2976/3439/2861 3011/2797/444 2975/3435/2857
f 2972/3431/2853 2973/2011/1794 3011/2797/444
f 3011/2797/444 2971/3448/2870 2970/3447/2869
f 2960/3537/2862 2959/3538/2858 3010/3539/401
f 2980/467/451 2981/466/450 3011/2797/444
f 2959/3538/2858 2958/3540/1796 3010/3539/401
f 2984/3441/2863 2985/3444/2866 3011/2797/444
f 2956/3541/2854 3010/3539/401 2957/3542/1795
f 2967/3543/2860 2966/3544/2856 3010/3539/401
f 2964/3545/452 2963/3546/2076 3010/3539/401
f 3011/2797/444 2974/2010/1793 2975/3435/2857
f 2970/3447/2869 2972/3431/2853 3011/2797/444
f 2995/2491/1476 2994/3547/2069 2996/2492/2068
f 2996/2492/2068 2997/3548/2850 2998/2493/1617
f 2998/2493/1617 2999/3549/1616 3000/2494/2251
f 3000/2494/2251 3001/3550/1477 2995/2491/1476
f 860/953/900 857/1883/1684 764/2795/1382 766/954/901
f 2973/2011/1794 2974/2010/1793 3011/2797/444
f 3010/3539/401 2962/3551/2868 2961/3552/2865
f 2961/3552/2865 2960/3537/2862 3010/3539/401
f 2981/466/450 2982/3433/2855 3011/2797/444
f 3011/2797/444 2978/2796/2483 2979/2309/2075
f 2979/2309/2075 2980/467/451 3011/2797/444
f 2985/3444/2866 2971/3448/2870 3011/2797/444
f 3011/2797/444 2982/3433/2855 2983/3437/2859
f 2983/3437/2859 2984/3441/2863 3011/2797/444
f 2956/3541/2854 2954/3553/2872 3010/3539/401
f 2954/3553/2872 2955/3554/2871 3010/3539/401
f 3010/3539/401 2958/3540/1796 2957/3542/1795
f 3010/3539/401 2955/3554/2871 2969/3555/2867
f 2969/3555/2867 2968/3556/2864 3010/3539/401
f 2968/3556/2864 2967/3543/2860 3010/3539/401
f 2962/3551/2868 3010/3539/401 2963/3546/2076
f 3010/3539/401 2966/3544/2856 2965/3557/453
f 2964/3545/452 3010/3539/401 2965/3557/453
